id,subject,body,word_count,has_question,has_cta,has_link,personalization_level,num_exclamations,tone,length_bucket,replied
53a1b48451,Idea for Payflow's outbound,"Hello Marco,

I noticed Payflow has been focused on reducing churn in your onboarding funnel, and thought I'd reach out. We built a sales-engagement platform that helps teams like yours with exactly that.

Feel free to book a slot here: https://meetings.example.com/d74aed

Best regards,
Priya from DataForge",52,0,1,1,2,0,formal,short,1
87f554dac0,"Thomas, quick question about Clarity Health","Hi Thomas,

I'm reaching out because we help companies like Clarity Health with getting more signal from your website traffic. We built a workflow automation tool that a few teams in your space have found useful.

No worries either way — just thought I'd reach out.

Best,
Priya",49,0,0,0,1,0,casual,short,1
4bd2b85fce,Quick question,"Hello,

We offer a lightweight CRM add-on that helps businesses with improving reply rates on cold outreach. I wanted to see if this might be relevant for your team. In practice, this usually means less manual work for your team and faster turnaround on the tasks that used to take hours.

Anyway, just wanted to share this in case it's useful. Is this something your team would be open to exploring?

Best regards,
Jamie at Northstar Sales",79,1,0,0,0,0,formal,medium,1
9dd0192a99,Idea for Medisync Health's outbound,"Hey Ravi,

I'm reaching out because we help companies like Medisync Health with cutting the time your team spends on manual data entry. We built a lead-scoring API that a few teams in your space have found useful. In practice, this usually means less manual work for your team and faster turnaround on the tasks that used to take hours.

Anyway, just wanted to share this in case it's useful. Is this something you would be open to exploring?

Best,
Alex, Head of Partnerships at Loopwave",89,1,0,0,1,0,casual,medium,0
366d414bb2,Quick question,"Hello,

We offer a lead-scoring API that helps businesses with shortening your sales cycle. I wanted to see if this might be relevant for your team. In practice, this usually means less manual work for your team and faster turnaround on the tasks that used to take hours.

Anyway, just wanted to share this in case it's useful. Is this something your team would be open to exploring?

Best,
Jamie",72,1,0,0,0,0,casual,medium,0
8e0ff74257,Saw Axion Systems's recent growth — quick thought,"Hi Anna,

I noticed Axion Systems has been focused on reducing churn in your onboarding funnel, and thought I'd reach out. We built a churn-prediction dashboard that helps teams like yours with exactly that.

Thanks for reading, and have a great rest of your week. Is this something you would be open to exploring?

Best regards,
Jamie at Northstar Sales",62,1,0,0,2,0,formal,short,0
a91347f6fd,Helping Northpay with scaling your,"Hello Julia,

I'm reaching out because we help companies like Northpay with scaling your outbound without losing personalization. We built a data-enrichment service that a few teams in your space have found useful.

You can grab 15 minutes directly on my calendar: https://cal.example.com/bec5ea

Best regards,
Priya from DataForge",54,0,1,1,1,0,formal,short,1
0b6f265200,Helping Bottega Retail with scaling your,"Hello Sarah,

I noticed Bottega Retail has been focused on scaling your outbound without losing personalization, and thought I'd reach out. We built a sales-engagement platform that helps teams like yours with exactly that. In practice, this usually means less manual work for your team and faster turnaround on the tasks that used to take hours.

No worries either way — just thought I'd reach out.

Best regards,
Sarah from GrowthPilot",73,0,0,0,2,0,formal,medium,1
8759de5883,Helping Payflow with cutting the,"Hi James,

I noticed Payflow has been focused on cutting the time your team spends on manual data entry, and thought I'd reach out. We built a churn-prediction dashboard that helps teams like yours with exactly that. In practice, this usually means less manual work for your team and faster turnaround on the tasks that used to take hours.

Worth a quick chat? I can send over a couple of time slots.

Best regards,
Sarah from GrowthPilot",79,1,1,0,2,0,formal,medium,1
795a53808a,Idea for Cargopath Logistics's outbound,"Hello Sarah,

I noticed Cargopath Logistics has been focused on cutting the time your team spends on manual data entry, and thought I'd reach out. We built a lead-scoring API that helps teams like yours with exactly that. In practice, this usually means less manual work for your team and faster turnaround on the tasks that used to take hours.

Feel free to book a slot here: https://meetings.example.com/ae9405 Is this something you would be open to exploring?

Best regards,
the team at Signalfy",89,1,1,1,2,0,formal,medium,0
f0bfd74a88,Re: Re: Following up on my last email,"Hello,

We offer a sales-engagement platform that helps businesses with cutting the time your team spends on manual data entry. I wanted to see if this might be relevant for your team. In practice, this usually means less manual work for your team and faster turnaround on the tasks that used to take hours.

Would you be open to a quick 15-minute call this week?

Best,
Jamie",69,1,1,0,0,0,spammy,medium,0
a8b4041ad1,Introduction,"Hi there,

We offer a workflow automation tool that helps businesses with keeping your CRM data clean as you grow. I wanted to see if this might be relevant for your team.

Let me know if you'd like a short demo — happy to work around your schedule. Is this something your team would be open to exploring?

Best,
Sarah",60,1,1,0,0,0,casual,short,1
523f15a107,"Priya, quick question about Axion Systems","Hi Priya,

I noticed Axion Systems has been focused on shortening your sales cycle, and thought I'd reach out. We built an AI-based email assistant that helps teams like yours with exactly that. In practice, this usually means less manual work for your team and faster turnaround on the tasks that used to take hours.

Thanks for reading, and have a great rest of your week.

Best,
Jamie",70,0,0,0,2,0,casual,medium,1
1c13bc8723,Amazing opportunity you can't miss!!!,"Hi Wei,

I noticed Inferra has been focused on getting more signal from your website traffic, and thought I'd reach out. We built a lead-scoring API that helps teams like yours with exactly that. In practice, this usually means less manual work for your team and faster turnaround on the tasks that used to take hours.

Feel free to book a slot here: https://meetings.example.com/6e39a7

Best,
the",72,0,1,1,2,0,spammy,medium,1
1bfb833e58,Partnership opportunity,"To Whom It May Concern,

We offer a scheduling assistant that helps businesses with scaling your outbound without losing personalization. I wanted to see if this might be relevant for your team. In practice, this usually means less manual work for your team and faster turnaround on the tasks that used to take hours. We've seen teams cut this kind of overhead significantly within the first few weeks, and the setup itself takes less than a day with support from our onboarding team. Happy to share a couple of examples from companies in a similar space if that would help you evaluate whether this is worth exploring further on your end.

Let me know if you'd like a short demo — happy to work around your schedule.

Best regards,
Priya from DataForge",133,0,1,0,0,0,formal,long,0
631e92fe30,Following up,"Good morning,

We offer a scheduling assistant that helps businesses with scaling your outbound without losing personalization. I wanted to see if this might be relevant for your team. In practice, this usually means less manual work for your team and faster turnaround on the tasks that used to take hours.

You can grab 15 minutes directly on my calendar: https://cal.example.com/c70f2c Is this something your team would be open to exploring?

Best,
Jamie",77,1,1,1,0,0,casual,medium,0
9a7877c91d,Idea for Atelier Commerce's outbound,"Hello Michael,

I noticed Atelier Commerce has been focused on automating your lead qualification process, and thought I'd reach out. We built an AI-based email assistant that helps teams like yours with exactly that. In practice, this usually means less manual work for your team and faster turnaround on the tasks that used to take hours.

Let me know if you'd like a short demo — happy to work around your schedule.

Best,
Sarah",76,0,1,0,2,0,casual,medium,1
4427dfdbf1,Helping Clarity Health with keeping your,"Hello James,

I noticed Clarity Health has been focused on keeping your CRM data clean as you grow, and thought I'd reach out. We built a lead-scoring API that helps teams like yours with exactly that.

Anyway, just wanted to share this in case it's useful. Is this something you would be open to exploring?

Best,
Priya",60,1,0,0,2,0,casual,short,1
be0aebc12e,Quick question,"Good morning,

We offer a churn-prediction dashboard that helps businesses with shortening your sales cycle. I wanted to see if this might be relevant for your team. In practice, this usually means less manual work for your team and faster turnaround on the tasks that used to take hours. We've seen teams cut this kind of overhead significantly within the first few weeks, and the setup itself takes less than a day with support from our onboarding team. Happy to share a couple of examples from companies in a similar space if that would help you evaluate whether this is worth exploring further on your end.

Feel free to book a slot here: https://meetings.example.com/6fab0b

Best,
the",122,0,1,1,0,0,casual,long,0
1100d8f5cd,"Maya, quick question about Inferra","Hello Maya,

I noticed Inferra has been focused on shortening your sales cycle, and thought I'd reach out. We built a scheduling assistant that helps teams like yours with exactly that. In practice, this usually means less manual work for your team and faster turnaround on the tasks that used to take hours.

No worries either way — just thought I'd reach out.

Best,
Jamie",66,0,0,0,2,0,casual,medium,1
7301759d48,Introduction,"To Whom It May Concern,

We offer a data-enrichment service that helps businesses with shortening your sales cycle. I wanted to see if this might be relevant for your team. In practice, this usually means less manual work for your team and faster turnaround on the tasks that used to take hours.

Let me know if you'd like a short demo — happy to work around your schedule.

Best,
Sarah",71,0,1,0,0,0,casual,medium,0
92fd1b4973,Following up,"Hello,

We offer a lead-scoring API that helps businesses with getting more signal from your website traffic. I wanted to see if this might be relevant for your team. In practice, this usually means less manual work for your team and faster turnaround on the tasks that used to take hours.

You can grab 15 minutes directly on my calendar: https://cal.example.com/85b091 Is this something your team would be open to exploring?

Best regards,
the team at Signalfy",82,1,1,1,0,0,formal,medium,0
8a236a3da5,Helping Modela with cutting the,"Hello Maya,

I noticed Modela has been focused on cutting the time your team spends on manual data entry, and thought I'd reach out. We built a churn-prediction dashboard that helps teams like yours with exactly that. In practice, this usually means less manual work for your team and faster turnaround on the tasks that used to take hours. We've seen teams cut this kind of overhead significantly within the first few weeks, and the setup itself takes less than a day with support from our onboarding team. Happy to share a couple of examples from companies in a similar space if that would help you evaluate whether this is worth exploring further on your end.

Feel free to book a slot here: https://meetings.example.com/0b62bb Is this something you would be open to exploring?

Best,
Priya",142,1,1,1,2,0,casual,long,1
33eb15cb40,Partnership opportunity,"Hello,

We offer a workflow automation tool that helps businesses with cutting the time your team spends on manual data entry. I wanted to see if this might be relevant for your team. In practice, this usually means less manual work for your team and faster turnaround on the tasks that used to take hours.

Here's a short demo video if that's easier: https://demo.example.com/3957df Is this something your team would be open to exploring?

Best regards,
Priya from DataForge",85,1,1,1,0,0,formal,medium,1
722cd32873,Helping Equora Capital with getting more,"Hello James,

I noticed Equora Capital has been focused on getting more signal from your website traffic, and thought I'd reach out. We built a scheduling assistant that helps teams like yours with exactly that.

Can I send over a one-pager, or would a call be easier?

Best regards,
the team at Signalfy",55,1,1,0,2,0,formal,short,1
8b57a413c7,Helping Tendr Finance with automating your,"Hello Marco,

I noticed Tendr Finance has been focused on automating your lead qualification process, and thought I'd reach out. We built a lead-scoring API that helps teams like yours with exactly that. In practice, this usually means less manual work for your team and faster turnaround on the tasks that used to take hours.

Worth a quick chat.

Best,
Jamie",63,0,1,0,2,0,casual,medium,1
d38791af2c,Saw Cascade Analytics's recent growth — quick thought,"Hey Sophie,

I noticed Cascade Analytics has been focused on shortening your sales cycle, and thought I'd reach out. We built a scheduling assistant that helps teams like yours with exactly that. In practice, this usually means less manual work for your team and faster turnaround on the tasks that used to take hours.

Thanks for reading, and have a great rest of your week.

Best,
Jamie",68,0,0,0,2,0,casual,medium,0
a7c4f3ee23,Following up,"Hi there,

We offer a scheduling assistant that helps businesses with reducing no-shows on booked calls. I wanted to see if this might be relevant for your team. In practice, this usually means less manual work for your team and faster turnaround on the tasks that used to take hours.

You can grab 15 minutes directly on my calendar: https://cal.example.com/dd9441 Is this something your team would be open to exploring?

Best,
Sarah",77,1,1,1,0,0,casual,medium,1
351bb755fa,Re: Re: Following up on my last email,"Hi Nina,

I'm reaching out because we help companies like Axion Systems with reducing no-shows on booked calls. We built a churn-prediction dashboard that a few teams in your space have found useful. In practice, this usually means less manual work for your team and faster turnaround on the tasks that used to take hours. We've seen teams cut this kind of overhead significantly within the first few weeks, and the setup itself takes less than a day with support from our onboarding team. Happy to share a couple of examples from companies in a similar space if that would help you evaluate whether this is worth exploring further on your end.

Thanks for reading, and have a great rest of your week. Is this something you would be open to exploring?

Best,
Sarah",138,1,0,0,1,0,spammy,long,0
b20cc0892a,Partnership opportunity,"Hey Noah,

I'm reaching out because we help companies like Tendr Finance with reducing no-shows on booked calls. We built a scheduling assistant that a few teams in your space have found useful. In practice, this usually means less manual work for your team and faster turnaround on the tasks that used to take hours. We've seen teams cut this kind of overhead significantly within the first few weeks, and the setup itself takes less than a day with support from our onboarding team. Happy to share a couple of examples from companies in a similar space if that would help you evaluate whether this is worth exploring further on your end.

Reply with a good time and I'll send a calendar invite. Is this something you would be open to exploring?

Best,
Priya",138,1,1,0,1,0,casual,long,0
ca282ae2de,"Anna, quick question about Clarity Health","Hi Anna,

I noticed Clarity Health has been focused on automating your lead qualification process, and thought I'd reach out. We built a lead-scoring API that helps teams like yours with exactly that.

Here's a short demo video if that's easier: https://demo.example.com/d77ab7

Best,
Priya",52,0,1,1,2,0,casual,short,0
093a59fe0b,Helping Northpay with getting more,"Hey Michael,

I'm reaching out because we help companies like Northpay with getting more signal from your website traffic. We built a scheduling assistant that a few teams in your space have found useful.

Thanks for reading, and have a great rest of your week. Is this something you would be open to exploring?

Best,
Jamie",57,1,0,0,1,0,casual,short,0
02a952e152,Following up,"Hello,

We offer a scheduling assistant that helps businesses with reducing churn in your onboarding funnel. I wanted to see if this might be relevant for your team. In practice, this usually means less manual work for your team and faster turnaround on the tasks that used to take hours. We've seen teams cut this kind of overhead significantly within the first few weeks, and the setup itself takes less than a day with support from our onboarding team. Happy to share a couple of examples from companies in a similar space if that would help you evaluate whether this is worth exploring further on your end.

Worth a quick chat.

Best regards,
the team at Signalfy",118,0,1,0,0,0,formal,long,0
fc52100653,"Julia, quick question about Streamline Freight","Hey Julia,

I noticed Streamline Freight has been focused on reducing no-shows on booked calls, and thought I'd reach out. We built a sales-engagement platform that helps teams like yours with exactly that.

Here's a short demo video if that's easier: https://demo.example.com/9fc77d

Best,
the",53,0,1,1,2,0,casual,short,1
cc663ae434,Saw Inferra's recent growth — quick thought,"Hello Ravi,

I noticed Inferra has been focused on reducing no-shows on booked calls, and thought I'd reach out. We built a lightweight CRM add-on that helps teams like yours with exactly that. In practice, this usually means less manual work for your team and faster turnaround on the tasks that used to take hours. We've seen teams cut this kind of overhead significantly within the first few weeks, and the setup itself takes less than a day with support from our onboarding team. Happy to share a couple of examples from companies in a similar space if that would help you evaluate whether this is worth exploring further on your end.

Can I send over a one-pager, or would a call be easier?

Best regards,
the team at Signalfy",135,1,1,0,2,0,formal,long,1
29e1ff7932,Helping Nordica Retail with reducing churn,"Hi Elena,

I noticed Nordica Retail has been focused on reducing churn in your onboarding funnel, and thought I'd reach out. We built a lead-scoring API that helps teams like yours with exactly that. In practice, this usually means less manual work for your team and faster turnaround on the tasks that used to take hours.

You can grab 15 minutes directly on my calendar: https://cal.example.com/1157ad Is this something you would be open to exploring?

Best regards,
Jamie at Northstar Sales",87,1,1,1,2,0,formal,medium,1
9b94e243d6,Idea for Modela's outbound,"Hey Thomas,

I noticed Modela has been focused on scaling your outbound without losing personalization, and thought I'd reach out. We built a scheduling assistant that helps teams like yours with exactly that.

Feel free to book a slot here: https://meetings.example.com/629038 Is this something you would be open to exploring?

Best,
Priya",57,1,1,1,2,0,casual,short,0
26ba1a48d5,"Emma, quick question about Atelier Commerce","Hello Emma,

I'm reaching out because we help companies like Atelier Commerce with keeping your CRM data clean as you grow. We built a data-enrichment service that a few teams in your space have found useful. In practice, this usually means less manual work for your team and faster turnaround on the tasks that used to take hours.

Worth a quick chat.

Best regards,
Alex, Head of Partnerships at Loopwave",72,0,1,0,1,0,formal,medium,1
db3c40dc0f,Saw Equora Capital's recent growth — quick thought,"Hey Daniel,

I noticed Equora Capital has been focused on shortening your sales cycle, and thought I'd reach out. We built a lightweight CRM add-on that helps teams like yours with exactly that. In practice, this usually means less manual work for your team and faster turnaround on the tasks that used to take hours.

Let me know if you'd like a short demo — happy to work around your schedule. Is this something you would be open to exploring?

Best,
Alex, Head of Partnerships at Loopwave",89,1,1,0,2,0,casual,medium,1
1f1b782934,Following up,"Hi there,

We offer a lightweight CRM add-on that helps businesses with automating your lead qualification process. I wanted to see if this might be relevant for your team.

Reply with a good time and I'll send a calendar invite. Is this something your team would be open to exploring?

Best,
the",54,1,1,0,0,0,casual,short,0
2d6e6990de,Idea for Payflow's outbound,"Hi Nina,

I noticed Payflow has been focused on making your onboarding emails feel less robotic, and thought I'd reach out. We built an AI-based email assistant that helps teams like yours with exactly that. In practice, this usually means less manual work for your team and faster turnaround on the tasks that used to take hours.

No worries either way — just thought I'd reach out.

Best regards,
the team at Signalfy",75,0,0,0,2,0,formal,medium,1
bc78a46a25,"Chloe, quick question about Cura Health","Hello Chloe,

I noticed Cura Health has been focused on shortening your sales cycle, and thought I'd reach out. We built a lightweight CRM add-on that helps teams like yours with exactly that. In practice, this usually means less manual work for your team and faster turnaround on the tasks that used to take hours.

Feel free to book a slot here: https://meetings.example.com/bc06b4 Is this something you would be open to exploring?

Best,
the",80,1,1,1,2,0,casual,medium,0
7b59e04b04,"Daniel, quick question about Tendr Finance","Hey Daniel,

I noticed Tendr Finance has been focused on reducing churn in your onboarding funnel, and thought I'd reach out. We built a scheduling assistant that helps teams like yours with exactly that. In practice, this usually means less manual work for your team and faster turnaround on the tasks that used to take hours.

Can I send over a one-pager, or would a call be easier.

Best,
Jamie",72,0,1,0,2,0,casual,medium,0
0f9b01fb24,Introduction,"To Whom It May Concern,

We offer a scheduling assistant that helps businesses with reducing churn in your onboarding funnel. I wanted to see if this might be relevant for your team.

Reply with a good time and I'll send a calendar invite. Is this something your team would be open to exploring?

Best regards,
Priya from DataForge",59,1,1,0,0,0,formal,short,0
9b92858136,Partnership opportunity,"Hi David,

I'm reaching out because we help companies like Cura Health with making your onboarding emails feel less robotic. We built a data-enrichment service that a few teams in your space have found useful. In practice, this usually means less manual work for your team and faster turnaround on the tasks that used to take hours.

Worth a quick chat? I can send over a couple of time slots.

Best,
Alex, Head of Partnerships at Loopwave",79,1,1,0,1,0,casual,medium,1
8455e5d708,Boost your revenue by 300% instantly,"Hi there,

We offer a workflow automation tool that helps businesses with cutting the time your team spends on manual data entry. I wanted to see if this might be relevant for your team. In practice, this usually means less manual work for your team and faster turnaround on the tasks that used to take hours. We've seen teams cut this kind of overhead significantly within the first few weeks, and the setup itself takes less than a day with support from our onboarding team. Happy to share a couple of examples from companies in a similar space if that would help you evaluate whether this is worth exploring further on your end.

Can I send over a one-pager, or would a call be easier.

Best,
Priya",129,0,1,0,0,0,spammy,long,0
1d2a21d673,Helping Northpay with improving reply,"Hi Laura,

I noticed Northpay has been focused on improving reply rates on cold outreach, and thought I'd reach out. We built an AI-based email assistant that helps teams like yours with exactly that. In practice, this usually means less manual work for your team and faster turnaround on the tasks that used to take hours.

Feel free to book a slot here: https://meetings.example.com/7ff648

Best,
Alex, Head of Partnerships at Loopwave",77,0,1,1,2,0,casual,medium,0
8c92a18b88,"Wei, quick question about Modela","Hi Wei,

I noticed Modela has been focused on scaling your outbound without losing personalization, and thought I'd reach out. We built a lightweight CRM add-on that helps teams like yours with exactly that. In practice, this usually means less manual work for your team and faster turnaround on the tasks that used to take hours. We've seen teams cut this kind of overhead significantly within the first few weeks, and the setup itself takes less than a day with support from our onboarding team. Happy to share a couple of examples from companies in a similar space if that would help you evaluate whether this is worth exploring further on your end.

Thanks for reading, and have a great rest of your week. Is this something you would be open to exploring?

Best,
Sarah",138,1,0,0,2,0,casual,long,0
687859bc88,Introduction,"Hi Daniel,

I'm reaching out because we help companies like Tendr Finance with reducing no-shows on booked calls. We built a churn-prediction dashboard that a few teams in your space have found useful. In practice, this usually means less manual work for your team and faster turnaround on the tasks that used to take hours.

You can grab 15 minutes directly on my calendar: https://cal.example.com/14c5b0

Best regards,
Jamie at Northstar Sales",78,0,1,1,1,0,formal,medium,1
ac46c1ac20,Amazing opportunity you can't miss!!!,"Good morning,

We offer an AI-based email assistant that helps businesses with scaling your outbound without losing personalization. I wanted to see if this might be relevant for your team.

Reply with a good time and I'll send a calendar invite. Is this something your team would be open to exploring?

Best,
Alex, Head of Partnerships at Loopwave",60,1,1,0,0,0,spammy,short,1
1ba8ac600e,Idea for Streamline Freight's outbound,"Hi Lucas,

I noticed Streamline Freight has been focused on making your onboarding emails feel less robotic, and thought I'd reach out. We built a churn-prediction dashboard that helps teams like yours with exactly that. In practice, this usually means less manual work for your team and faster turnaround on the tasks that used to take hours. We've seen teams cut this kind of overhead significantly within the first few weeks, and the setup itself takes less than a day with support from our onboarding team. Happy to share a couple of examples from companies in a similar space if that would help you evaluate whether this is worth exploring further on your end.

Can I send over a one-pager, or would a call be easier?

Best,
Alex, Head of Partnerships at Loopwave",137,1,1,0,2,0,casual,long,1
fe859754f2,Boost your revenue by 300% instantly,"Hello Ravi,

I noticed Northpay has been focused on cutting the time your team spends on manual data entry, and thought I'd reach out. We built a sales-engagement platform that helps teams like yours with exactly that. In practice, this usually means less manual work for your team and faster turnaround on the tasks that used to take hours.

Anyway, just wanted to share this in case it's useful. Is this something you would be open to exploring?

Best,
Alex, Head of Partnerships at Loopwave",88,1,0,0,2,0,spammy,medium,0
cc6d640aca,Following up,"Hi there,

We offer a lead-scoring API that helps businesses with getting more signal from your website traffic. I wanted to see if this might be relevant for your team. In practice, this usually means less manual work for your team and faster turnaround on the tasks that used to take hours. We've seen teams cut this kind of overhead significantly within the first few weeks, and the setup itself takes less than a day with support from our onboarding team. Happy to share a couple of examples from companies in a similar space if that would help you evaluate whether this is worth exploring further on your end.

No worries either way — just thought I'd reach out. Is this something your team would be open to exploring?

Best,
Priya",133,1,0,0,0,0,casual,long,0
3122f91983,Helping Equora Capital with making your,"Hey Michael,

I'm reaching out because we help companies like Equora Capital with making your onboarding emails feel less robotic. We built a scheduling assistant that a few teams in your space have found useful. In practice, this usually means less manual work for your team and faster turnaround on the tasks that used to take hours.

Here's a short demo video if that's easier: https://demo.example.com/2a51fb

Best regards,
Jamie at Northstar Sales",79,0,1,1,1,0,formal,medium,1
8d06ac869e,Saw Inferra's recent growth — quick thought,"Hi Noah,

I'm reaching out because we help companies like Inferra with reducing no-shows on booked calls. We built a data-enrichment service that a few teams in your space have found useful.

Can I send over a one-pager, or would a call be easier?

Best regards,
Alex, Head of Partnerships at Loopwave",56,1,1,0,1,0,formal,short,1
d46d60ee93,Following up,"To Whom It May Concern,

We offer a sales-engagement platform that helps businesses with shortening your sales cycle. I wanted to see if this might be relevant for your team. In practice, this usually means less manual work for your team and faster turnaround on the tasks that used to take hours. We've seen teams cut this kind of overhead significantly within the first few weeks, and the setup itself takes less than a day with support from our onboarding team. Happy to share a couple of examples from companies in a similar space if that would help you evaluate whether this is worth exploring further on your end.

Thanks for reading, and have a great rest of your week. Is this something your team would be open to exploring?

Best regards,
Priya from DataForge",137,1,0,0,0,0,formal,long,1
be256ca123,Quick question,"Hello,

We offer a lightweight CRM add-on that helps businesses with shortening your sales cycle. I wanted to see if this might be relevant for your team.

Would you be open to a quick 15-minute call this week.

Best,
Sarah",42,0,1,0,0,0,casual,short,0
9015c846ec,Introduction,"To Whom It May Concern,

We offer a data-enrichment service that helps businesses with shortening your sales cycle. I wanted to see if this might be relevant for your team.

Here's a short demo video if that's easier: https://demo.example.com/6a7e42 Is this something your team would be open to exploring?

Best regards,
Priya from DataForge",61,1,1,1,0,0,formal,short,1
b2e6c37af1,Introduction,"Good morning,

We offer a churn-prediction dashboard that helps businesses with reducing churn in your onboarding funnel. I wanted to see if this might be relevant for your team. In practice, this usually means less manual work for your team and faster turnaround on the tasks that used to take hours.

Feel free to book a slot here: https://meetings.example.com/b0852e Is this something your team would be open to exploring?

Best regards,
Jamie at Northstar Sales",80,1,1,1,0,0,formal,medium,1
28d8409e49,Checking in,"Hello,

We offer a churn-prediction dashboard that helps businesses with making your onboarding emails feel less robotic. I wanted to see if this might be relevant for your team. In practice, this usually means less manual work for your team and faster turnaround on the tasks that used to take hours. We've seen teams cut this kind of overhead significantly within the first few weeks, and the setup itself takes less than a day with support from our onboarding team. Happy to share a couple of examples from companies in a similar space if that would help you evaluate whether this is worth exploring further on your end.

Thanks for reading, and have a great rest of your week. Is this something your team would be open to exploring?

Best,
Priya",133,1,0,0,0,0,casual,long,0
235dd3bd47,"Emma, quick question about Northpay","Hey Emma,

I'm reaching out because we help companies like Northpay with making your onboarding emails feel less robotic. We built a lightweight CRM add-on that a few teams in your space have found useful. In practice, this usually means less manual work for your team and faster turnaround on the tasks that used to take hours.

Would you be open to a quick 15-minute call this week?

Best,
Priya",73,1,1,0,1,0,casual,medium,0
c88d1f2721,"Maya, quick question about Axion Systems","Hello Maya,

I noticed Axion Systems has been focused on reducing no-shows on booked calls, and thought I'd reach out. We built an AI-based email assistant that helps teams like yours with exactly that. In practice, this usually means less manual work for your team and faster turnaround on the tasks that used to take hours.

No worries either way — just thought I'd reach out. Is this something you would be open to exploring?

Best regards,
Sarah from GrowthPilot",83,1,0,0,2,0,formal,medium,0
6bb586e099,"Fatima, quick question about Inferra","Hello Fatima,

I noticed Inferra has been focused on shortening your sales cycle, and thought I'd reach out. We built a scheduling assistant that helps teams like yours with exactly that.

Worth a quick chat? I can send over a couple of time slots.

Best regards,
Sarah from GrowthPilot",50,1,1,0,2,0,formal,short,1
de7655ebc1,Following up,"Good morning,

We offer a churn-prediction dashboard that helps businesses with reducing no-shows on booked calls. I wanted to see if this might be relevant for your team.

No worries either way — just thought I'd reach out. Is this something your team would be open to exploring?

Best,
Sarah",52,1,0,0,0,0,casual,short,0
05b745f1e1,Saw Payflow's recent growth — quick thought,"Hi Noah,

I'm reaching out because we help companies like Payflow with reducing no-shows on booked calls. We built a churn-prediction dashboard that a few teams in your space have found useful. In practice, this usually means less manual work for your team and faster turnaround on the tasks that used to take hours.

Would you be open to a quick 15-minute call this week.

Best,
Alex, Head of Partnerships at Loopwave",76,0,1,0,1,0,casual,medium,1
02e9bd624a,Quick question,"To Whom It May Concern,

We offer a workflow automation tool that helps businesses with scaling your outbound without losing personalization. I wanted to see if this might be relevant for your team. In practice, this usually means less manual work for your team and faster turnaround on the tasks that used to take hours. We've seen teams cut this kind of overhead significantly within the first few weeks, and the setup itself takes less than a day with support from our onboarding team. Happy to share a couple of examples from companies in a similar space if that would help you evaluate whether this is worth exploring further on your end.

Feel free to book a slot here: https://meetings.example.com/e9cc23

Best,
Sarah",127,0,1,1,0,0,casual,long,1
16a4391a53,"Daniel, quick question about Axion Systems","Hi Daniel,

I'm reaching out because we help companies like Axion Systems with automating your lead qualification process. We built a scheduling assistant that a few teams in your space have found useful. In practice, this usually means less manual work for your team and faster turnaround on the tasks that used to take hours.

Would you be open to a quick 15-minute call this week?

Best,
the",70,1,1,0,1,0,casual,medium,0
4bb2aa2876,Saw Foundry Labs's recent growth — quick thought,"Hey Daniel,

I'm reaching out because we help companies like Foundry Labs with getting more signal from your website traffic. We built an AI-based email assistant that a few teams in your space have found useful. In practice, this usually means less manual work for your team and faster turnaround on the tasks that used to take hours.

Let me know if you'd like a short demo — happy to work around your schedule. Is this something you would be open to exploring?

Best regards,
Priya from DataForge",90,1,1,0,1,0,formal,medium,0
f0d7e34537,Introduction,"To Whom It May Concern,

We offer a scheduling assistant that helps businesses with keeping your CRM data clean as you grow. I wanted to see if this might be relevant for your team. In practice, this usually means less manual work for your team and faster turnaround on the tasks that used to take hours. We've seen teams cut this kind of overhead significantly within the first few weeks, and the setup itself takes less than a day with support from our onboarding team. Happy to share a couple of examples from companies in a similar space if that would help you evaluate whether this is worth exploring further on your end.

Worth a quick chat? I can send over a couple of time slots.

Best regards,
the team at Signalfy",133,1,1,0,0,0,formal,long,0
14aa295835,Checking in,"Hi there,

We offer a sales-engagement platform that helps businesses with cutting the time your team spends on manual data entry. I wanted to see if this might be relevant for your team. In practice, this usually means less manual work for your team and faster turnaround on the tasks that used to take hours.

Can I send over a one-pager, or would a call be easier?

Best,
Sarah",71,1,1,0,0,0,casual,medium,0
f94d0e186c,Introduction,"Hi Elena,

I'm reaching out because we help companies like Inferra with making your onboarding emails feel less robotic. We built a scheduling assistant that a few teams in your space have found useful. In practice, this usually means less manual work for your team and faster turnaround on the tasks that used to take hours.

Feel free to book a slot here: https://meetings.example.com/62d078 Is this something you would be open to exploring?

Best regards,
Priya from DataForge",83,1,1,1,1,0,formal,medium,1
ec7a616a6c,Quick question,"To Whom It May Concern,

We offer a sales-engagement platform that helps businesses with scaling your outbound without losing personalization. I wanted to see if this might be relevant for your team.

Feel free to book a slot here: https://meetings.example.com/3c0493

Best regards,
Alex, Head of Partnerships at Loopwave",53,0,1,1,0,0,formal,short,1
548a55c2a7,Idea for Tendr Finance's outbound,"Hi Thomas,

I noticed Tendr Finance has been focused on making your onboarding emails feel less robotic, and thought I'd reach out. We built a churn-prediction dashboard that helps teams like yours with exactly that. In practice, this usually means less manual work for your team and faster turnaround on the tasks that used to take hours.

Thanks for reading, and have a great rest of your week. Is this something you would be open to exploring?

Best regards,
Jamie at Northstar Sales",85,1,0,0,2,0,formal,medium,1
4398fa65d6,Helping Axion Systems with keeping your,"Hello Thomas,

I'm reaching out because we help companies like Axion Systems with keeping your CRM data clean as you grow. We built a scheduling assistant that a few teams in your space have found useful. In practice, this usually means less manual work for your team and faster turnaround on the tasks that used to take hours. We've seen teams cut this kind of overhead significantly within the first few weeks, and the setup itself takes less than a day with support from our onboarding team. Happy to share a couple of examples from companies in a similar space if that would help you evaluate whether this is worth exploring further on your end.

Thanks for reading, and have a great rest of your week. Is this something you would be open to exploring?

Best,
Alex, Head of Partnerships at Loopwave",144,1,0,0,1,0,casual,long,1
2118e8c4e7,Introduction,"Hey Sarah,

I'm reaching out because we help companies like Brightloop with cutting the time your team spends on manual data entry. We built a lightweight CRM add-on that a few teams in your space have found useful. In practice, this usually means less manual work for your team and faster turnaround on the tasks that used to take hours. We've seen teams cut this kind of overhead significantly within the first few weeks, and the setup itself takes less than a day with support from our onboarding team. Happy to share a couple of examples from companies in a similar space if that would help you evaluate whether this is worth exploring further on your end.

Thanks for reading, and have a great rest of your week.

Best regards,
Priya from DataForge",136,0,0,0,1,0,formal,long,0
417dc648f0,"Sophie, quick question about Axion Systems","Hello Sophie,

I noticed Axion Systems has been focused on making your onboarding emails feel less robotic, and thought I'd reach out. We built a lightweight CRM add-on that helps teams like yours with exactly that. In practice, this usually means less manual work for your team and faster turnaround on the tasks that used to take hours. We've seen teams cut this kind of overhead significantly within the first few weeks, and the setup itself takes less than a day with support from our onboarding team. Happy to share a couple of examples from companies in a similar space if that would help you evaluate whether this is worth exploring further on your end.

Can I send over a one-pager, or would a call be easier?

Best regards,
the team at Signalfy",137,1,1,0,2,0,formal,long,0
750902639c,FINAL NOTICE: Limited time offer,"To Whom It May Concern,

We offer a scheduling assistant that helps businesses with improving reply rates on cold outreach. I wanted to see if this might be relevant for your team.

Let me know if you'd like a short demo — happy to work around your schedule.

Best,
Jamie",50,0,1,0,0,0,spammy,short,0
6c3f5cdb0c,Partnership opportunity,"Good morning,

We offer a churn-prediction dashboard that helps businesses with improving reply rates on cold outreach. I wanted to see if this might be relevant for your team. In practice, this usually means less manual work for your team and faster turnaround on the tasks that used to take hours.

Anyway, just wanted to share this in case it's useful. Is this something your team would be open to exploring?

Best regards,
the team at Signalfy",79,1,0,0,0,0,formal,medium,0
ba8a4678dc,Boost your revenue by 300% instantly,"Good morning,

We offer a data-enrichment service that helps businesses with reducing no-shows on booked calls. I wanted to see if this might be relevant for your team. In practice, this usually means less manual work for your team and faster turnaround on the tasks that used to take hours. We've seen teams cut this kind of overhead significantly within the first few weeks, and the setup itself takes less than a day with support from our onboarding team. Happy to share a couple of examples from companies in a similar space if that would help you evaluate whether this is worth exploring further on your end.

Reply with a good time and I'll send a calendar invite.

Best,
the",124,0,1,0,0,0,spammy,long,0
e930693bfd,Idea for Cargopath Logistics's outbound,"Hello Daniel,

I noticed Cargopath Logistics has been focused on keeping your CRM data clean as you grow, and thought I'd reach out. We built a sales-engagement platform that helps teams like yours with exactly that. In practice, this usually means less manual work for your team and faster turnaround on the tasks that used to take hours.

Thanks for reading, and have a great rest of your week.

Best regards,
Priya from DataForge",76,0,0,0,2,0,formal,medium,1
475d73be02,"Sarah, quick question about Bottega Retail","Hello Sarah,

I noticed Bottega Retail has been focused on cutting the time your team spends on manual data entry, and thought I'd reach out. We built a lightweight CRM add-on that helps teams like yours with exactly that. In practice, this usually means less manual work for your team and faster turnaround on the tasks that used to take hours. We've seen teams cut this kind of overhead significantly within the first few weeks, and the setup itself takes less than a day with support from our onboarding team. Happy to share a couple of examples from companies in a similar space if that would help you evaluate whether this is worth exploring further on your end.

Let me know if you'd like a short demo — happy to work around your schedule. Is this something you would be open to exploring?

Best,
Sarah",148,1,1,0,2,0,casual,long,1
80b38760d3,Partnership opportunity,"Hello,

We offer a lead-scoring API that helps businesses with cutting the time your team spends on manual data entry. I wanted to see if this might be relevant for your team.

You can grab 15 minutes directly on my calendar: https://cal.example.com/081563

Best regards,
Jamie at Northstar Sales",53,0,1,1,0,0,formal,short,0
894042573b,Introduction,"Hey Elena,

I'm reaching out because we help companies like Brightloop with making your onboarding emails feel less robotic. We built a lightweight CRM add-on that a few teams in your space have found useful. In practice, this usually means less manual work for your team and faster turnaround on the tasks that used to take hours. We've seen teams cut this kind of overhead significantly within the first few weeks, and the setup itself takes less than a day with support from our onboarding team. Happy to share a couple of examples from companies in a similar space if that would help you evaluate whether this is worth exploring further on your end.

Would you be open to a quick 15-minute call this week?

Best,
Jamie",131,1,1,0,1,0,casual,long,0
356f066c96,"Nina, quick question about Cascade Analytics","Hey Nina,

I'm reaching out because we help companies like Cascade Analytics with getting more signal from your website traffic. We built a lightweight CRM add-on that a few teams in your space have found useful. In practice, this usually means less manual work for your team and faster turnaround on the tasks that used to take hours.

Thanks for reading, and have a great rest of your week. Is this something you would be open to exploring?

Best regards,
Alex, Head of Partnerships at Loopwave",88,1,0,0,1,0,formal,medium,1
1e74477daa,Checking in,"Hi Michael,

I'm reaching out because we help companies like Cascade Analytics with making your onboarding emails feel less robotic. We built a workflow automation tool that a few teams in your space have found useful.

Reply with a good time and I'll send a calendar invite.

Best regards,
the team at Signalfy",55,0,1,0,1,0,formal,short,1
2dd0f54b7f,Checking in,"Hey Carlos,

I'm reaching out because we help companies like Brightloop with making your onboarding emails feel less robotic. We built an AI-based email assistant that a few teams in your space have found useful. In practice, this usually means less manual work for your team and faster turnaround on the tasks that used to take hours.

Feel free to book a slot here: https://meetings.example.com/e495ba

Best,
the",73,0,1,1,1,0,casual,medium,0
7ec7d0ed2d,Introduction,"Good morning,

We offer a lead-scoring API that helps businesses with reducing no-shows on booked calls. I wanted to see if this might be relevant for your team. In practice, this usually means less manual work for your team and faster turnaround on the tasks that used to take hours.

No worries either way — just thought I'd reach out.

Best regards,
Jamie at Northstar Sales",68,0,0,0,0,0,formal,medium,0
331329d645,Quick question,"To Whom It May Concern,

We offer a churn-prediction dashboard that helps businesses with making your onboarding emails feel less robotic. I wanted to see if this might be relevant for your team.

No worries either way — just thought I'd reach out. Is this something your team would be open to exploring?

Best,
the",56,1,0,0,0,0,casual,short,1
80700acef3,Following up,"Hi Sophie,

I'm reaching out because we help companies like Cargopath Logistics with keeping your CRM data clean as you grow. We built a scheduling assistant that a few teams in your space have found useful.

Feel free to book a slot here: https://meetings.example.com/98c742

Best regards,
Priya from DataForge",54,0,1,1,1,0,formal,short,0
e4b86cfbb1,Following up,"Hello,

We offer a scheduling assistant that helps businesses with shortening your sales cycle. I wanted to see if this might be relevant for your team. In practice, this usually means less manual work for your team and faster turnaround on the tasks that used to take hours.

Anyway, just wanted to share this in case it's useful. Is this something your team would be open to exploring?

Best,
the",71,1,0,0,0,0,casual,medium,0
12504d3831,Following up,"To Whom It May Concern,

We offer a lightweight CRM add-on that helps businesses with improving reply rates on cold outreach. I wanted to see if this might be relevant for your team. In practice, this usually means less manual work for your team and faster turnaround on the tasks that used to take hours.

No worries either way — just thought I'd reach out. Is this something your team would be open to exploring?

Best regards,
Alex, Head of Partnerships at Loopwave",84,1,0,0,0,0,formal,medium,1
03d471d202,Helping Cascade Analytics with cutting the,"Hi Daniel,

I'm reaching out because we help companies like Cascade Analytics with cutting the time your team spends on manual data entry. We built a workflow automation tool that a few teams in your space have found useful. In practice, this usually means less manual work for your team and faster turnaround on the tasks that used to take hours.

Feel free to book a slot here: https://meetings.example.com/6e451b

Best,
Sarah",76,0,1,1,1,0,casual,medium,0
d091e3b29f,Partnership opportunity,"To Whom It May Concern,

We offer a churn-prediction dashboard that helps businesses with getting more signal from your website traffic. I wanted to see if this might be relevant for your team.

Thanks for reading, and have a great rest of your week. Is this something your team would be open to exploring?

Best regards,
Alex, Head of Partnerships at Loopwave",63,1,0,0,0,0,formal,short,1
f9df9ef300,Saw Medisync Health's recent growth — quick thought,"Hey Daniel,

I noticed Medisync Health has been focused on improving reply rates on cold outreach, and thought I'd reach out. We built a data-enrichment service that helps teams like yours with exactly that. In practice, this usually means less manual work for your team and faster turnaround on the tasks that used to take hours.

Worth a quick chat? I can send over a couple of time slots.

Best regards,
Sarah from GrowthPilot",76,1,1,0,2,0,formal,medium,1
0ac70236a9,"Lucas, quick question about Vectra AI","Hi Lucas,

I noticed Vectra AI has been focused on cutting the time your team spends on manual data entry, and thought I'd reach out. We built a scheduling assistant that helps teams like yours with exactly that. In practice, this usually means less manual work for your team and faster turnaround on the tasks that used to take hours.

No worries either way — just thought I'd reach out. Is this something you would be open to exploring?

Best,
Jamie",82,1,0,0,2,0,casual,medium,1
14f33f7abe,Introduction,"Hey Fatima,

I'm reaching out because we help companies like Trustline Bank with keeping your CRM data clean as you grow. We built a workflow automation tool that a few teams in your space have found useful. In practice, this usually means less manual work for your team and faster turnaround on the tasks that used to take hours.

You can grab 15 minutes directly on my calendar: https://cal.example.com/196ffb

Best regards,
the team at Signalfy",80,0,1,1,1,0,formal,medium,1
98ea522847,Helping Clarity Health with reducing no-shows,"Hi Maya,

I noticed Clarity Health has been focused on reducing no-shows on booked calls, and thought I'd reach out. We built an AI-based email assistant that helps teams like yours with exactly that.

Can I send over a one-pager, or would a call be easier?

Best,
Jamie",52,1,1,0,2,0,casual,short,1
f350ffaa96,Saw Tendr Finance's recent growth — quick thought,"Hello David,

I noticed Tendr Finance has been focused on automating your lead qualification process, and thought I'd reach out. We built a churn-prediction dashboard that helps teams like yours with exactly that. In practice, this usually means less manual work for your team and faster turnaround on the tasks that used to take hours.

Let me know if you'd like a short demo — happy to work around your schedule. Is this something you would be open to exploring?

Best,
the",84,1,1,0,2,0,casual,medium,0
484d1b487e,Helping Brightloop with cutting the,"Hey James,

I'm reaching out because we help companies like Brightloop with cutting the time your team spends on manual data entry. We built a sales-engagement platform that a few teams in your space have found useful.

No worries either way — just thought I'd reach out. Is this something you would be open to exploring?

Best regards,
Alex, Head of Partnerships at Loopwave",66,1,0,0,1,0,formal,short,1
f4a74fb7ad,Saw Inferra's recent growth — quick thought,"Hi Sophie,

I'm reaching out because we help companies like Inferra with scaling your outbound without losing personalization. We built a lightweight CRM add-on that a few teams in your space have found useful.

Let me know if you'd like a short demo — happy to work around your schedule. Is this something you would be open to exploring?

Best regards,
Alex, Head of Partnerships at Loopwave",69,1,1,0,1,0,formal,short,1
d8301ddf6f,Quick question,"Hello,

We offer a workflow automation tool that helps businesses with reducing churn in your onboarding funnel. I wanted to see if this might be relevant for your team.

Worth a quick chat? I can send over a couple of time slots.

Best regards,
Priya from DataForge",47,1,1,0,0,0,formal,short,0
43a7ba4f56,Quick question,"Hey Michael,

I'm reaching out because we help companies like Trustline Bank with shortening your sales cycle. We built an AI-based email assistant that a few teams in your space have found useful. In practice, this usually means less manual work for your team and faster turnaround on the tasks that used to take hours. We've seen teams cut this kind of overhead significantly within the first few weeks, and the setup itself takes less than a day with support from our onboarding team. Happy to share a couple of examples from companies in a similar space if that would help you evaluate whether this is worth exploring further on your end.

Thanks for reading, and have a great rest of your week.

Best regards,
Jamie at Northstar Sales",132,0,0,0,1,0,formal,long,0
be5a1a585d,Helping Cascade Analytics with improving reply,"Hi Priya,

I noticed Cascade Analytics has been focused on improving reply rates on cold outreach, and thought I'd reach out. We built a lightweight CRM add-on that helps teams like yours with exactly that. In practice, this usually means less manual work for your team and faster turnaround on the tasks that used to take hours.

You can grab 15 minutes directly on my calendar: https://cal.example.com/8d1d2e

Best regards,
Jamie at Northstar Sales",79,0,1,1,2,0,formal,medium,1
1ac3bdb3e2,Idea for Axion Systems's outbound,"Hello Priya,

I noticed Axion Systems has been focused on cutting the time your team spends on manual data entry, and thought I'd reach out. We built a workflow automation tool that helps teams like yours with exactly that.

No worries either way — just thought I'd reach out.

Best,
the",52,0,0,0,2,0,casual,short,0
d50a7754b5,Introduction,"Hey Thomas,

I'm reaching out because we help companies like Cascade Analytics with reducing churn in your onboarding funnel. We built a sales-engagement platform that a few teams in your space have found useful.

No worries either way — just thought I'd reach out.

Best regards,
Jamie at Northstar Sales",52,0,0,0,1,0,formal,short,1
b56b094291,Quick question,"Hello,

We offer an AI-based email assistant that helps businesses with cutting the time your team spends on manual data entry. I wanted to see if this might be relevant for your team.

You can grab 15 minutes directly on my calendar: https://cal.example.com/5f2851 Is this something your team would be open to exploring?

Best,
Jamie",60,1,1,1,0,0,casual,short,1
ac196114aa,FINAL NOTICE: Limited time offer,"Hi there,

We offer a scheduling assistant that helps businesses with reducing churn in your onboarding funnel. I wanted to see if this might be relevant for your team. In practice, this usually means less manual work for your team and faster turnaround on the tasks that used to take hours.

Here's a short demo video if that's easier: https://demo.example.com/afd8b5

Best,
Alex, Head of Partnerships at Loopwave",73,0,1,1,0,0,spammy,medium,1
55a734f110,FINAL NOTICE: Limited time offer,"Hi Priya,

I noticed Payflow has been focused on reducing churn in your onboarding funnel, and thought I'd reach out. We built a data-enrichment service that helps teams like yours with exactly that. In practice, this usually means less manual work for your team and faster turnaround on the tasks that used to take hours.

No worries either way — just thought I'd reach out.

Best,
Sarah",69,0,0,0,2,0,spammy,medium,1
c9ed01aa0c,URGENT: Don't miss out on this deal,"Hey Anna,

I'm reaching out because we help companies like Equora Capital with reducing churn in your onboarding funnel. We built a lightweight CRM add-on that a few teams in your space have found useful.

Can I send over a one-pager, or would a call be easier.

Best,
Priya",52,0,1,0,1,0,spammy,short,1
d32bddae35,Saw Tendr Finance's recent growth — quick thought,"Hello Noah,

I noticed Tendr Finance has been focused on keeping your CRM data clean as you grow, and thought I'd reach out. We built a data-enrichment service that helps teams like yours with exactly that.

Can I send over a one-pager, or would a call be easier?

Best,
Priya",53,1,1,0,2,0,casual,short,1
f6885a6f39,Saw Modela's recent growth — quick thought,"Hello Wei,

I noticed Modela has been focused on getting more signal from your website traffic, and thought I'd reach out. We built a workflow automation tool that helps teams like yours with exactly that. In practice, this usually means less manual work for your team and faster turnaround on the tasks that used to take hours.

Let me know if you'd like a short demo — happy to work around your schedule. Is this something you would be open to exploring?

Best,
the",85,1,1,0,2,0,casual,medium,1
b0d6982498,Quick question,"To Whom It May Concern,

We offer a sales-engagement platform that helps businesses with reducing no-shows on booked calls. I wanted to see if this might be relevant for your team. In practice, this usually means less manual work for your team and faster turnaround on the tasks that used to take hours. We've seen teams cut this kind of overhead significantly within the first few weeks, and the setup itself takes less than a day with support from our onboarding team. Happy to share a couple of examples from companies in a similar space if that would help you evaluate whether this is worth exploring further on your end.

Would you be open to a quick 15-minute call this week?

Best,
Sarah",127,1,1,0,0,0,casual,long,0
2c327ad2bc,"Thomas, quick question about Nordica Retail","Hello Thomas,

I'm reaching out because we help companies like Nordica Retail with keeping your CRM data clean as you grow. We built a data-enrichment service that a few teams in your space have found useful.

You can grab 15 minutes directly on my calendar: https://cal.example.com/dfe74b Is this something you would be open to exploring?

Best,
Jamie",63,1,1,1,1,0,casual,short,1
6589a2bd62,Introduction,"Hi Ravi,

I'm reaching out because we help companies like Trustline Bank with automating your lead qualification process. We built a lightweight CRM add-on that a few teams in your space have found useful. In practice, this usually means less manual work for your team and faster turnaround on the tasks that used to take hours.

Reply with a good time and I'll send a calendar invite.

Best regards,
Sarah from GrowthPilot",75,0,1,0,1,0,formal,medium,0
3521969953,Helping Modela with reducing churn,"Hi Nina,

I noticed Modela has been focused on reducing churn in your onboarding funnel, and thought I'd reach out. We built a data-enrichment service that helps teams like yours with exactly that. In practice, this usually means less manual work for your team and faster turnaround on the tasks that used to take hours. We've seen teams cut this kind of overhead significantly within the first few weeks, and the setup itself takes less than a day with support from our onboarding team. Happy to share a couple of examples from companies in a similar space if that would help you evaluate whether this is worth exploring further on your end.

Would you be open to a quick 15-minute call this week.

Best regards,
the team at Signalfy",133,0,1,0,2,0,formal,long,0
6ad3dfa1c5,Quick question,"Hi Daniel,

I'm reaching out because we help companies like Cascade Analytics with automating your lead qualification process. We built a lightweight CRM add-on that a few teams in your space have found useful. In practice, this usually means less manual work for your team and faster turnaround on the tasks that used to take hours.

Let me know if you'd like a short demo — happy to work around your schedule. Is this something you would be open to exploring?

Best regards,
Alex, Head of Partnerships at Loopwave",91,1,1,0,1,0,formal,medium,0
cb5873a9e0,Saw Tendr Finance's recent growth — quick thought,"Hey Ravi,

I noticed Tendr Finance has been focused on automating your lead qualification process, and thought I'd reach out. We built a scheduling assistant that helps teams like yours with exactly that.

Anyway, just wanted to share this in case it's useful.

Best regards,
Alex, Head of Partnerships at Loopwave",53,0,0,0,2,0,formal,short,1
156d5f5b84,Helping Cargopath Logistics with cutting the,"Hello Marco,

I noticed Cargopath Logistics has been focused on cutting the time your team spends on manual data entry, and thought I'd reach out. We built a lead-scoring API that helps teams like yours with exactly that. In practice, this usually means less manual work for your team and faster turnaround on the tasks that used to take hours. We've seen teams cut this kind of overhead significantly within the first few weeks, and the setup itself takes less than a day with support from our onboarding team. Happy to share a couple of examples from companies in a similar space if that would help you evaluate whether this is worth exploring further on your end.

No worries either way — just thought I'd reach out. Is this something you would be open to exploring?

Best,
Jamie",141,1,0,0,2,0,casual,long,0
f730254448,Idea for Tendr Finance's outbound,"Hey Lucas,

I noticed Tendr Finance has been focused on improving reply rates on cold outreach, and thought I'd reach out. We built an AI-based email assistant that helps teams like yours with exactly that.

Can I send over a one-pager, or would a call be easier?

Best regards,
Sarah from GrowthPilot",55,1,1,0,2,0,formal,short,1
df622b6246,"Julia, quick question about Inferra","Hi Julia,

I noticed Inferra has been focused on keeping your CRM data clean as you grow, and thought I'd reach out. We built a lead-scoring API that helps teams like yours with exactly that. In practice, this usually means less manual work for your team and faster turnaround on the tasks that used to take hours.

Would you be open to a quick 15-minute call this week?

Best,
Jamie",73,1,1,0,2,0,casual,medium,1
dac493c4c5,Saw Inferra's recent growth — quick thought,"Hey Ravi,

I noticed Inferra has been focused on reducing churn in your onboarding funnel, and thought I'd reach out. We built a churn-prediction dashboard that helps teams like yours with exactly that. In practice, this usually means less manual work for your team and faster turnaround on the tasks that used to take hours. We've seen teams cut this kind of overhead significantly within the first few weeks, and the setup itself takes less than a day with support from our onboarding team. Happy to share a couple of examples from companies in a similar space if that would help you evaluate whether this is worth exploring further on your end.

Can I send over a one-pager, or would a call be easier?

Best,
the",130,1,1,0,2,0,casual,long,0
19f1331af0,Idea for Trustline Bank's outbound,"Hello Ravi,

I noticed Trustline Bank has been focused on scaling your outbound without losing personalization, and thought I'd reach out. We built a workflow automation tool that helps teams like yours with exactly that. In practice, this usually means less manual work for your team and faster turnaround on the tasks that used to take hours.

Anyway, just wanted to share this in case it's useful.

Best regards,
Jamie at Northstar Sales",75,0,0,0,2,0,formal,medium,1
63db06c99f,"Anna, quick question about Vectra AI","Hello Anna,

I noticed Vectra AI has been focused on getting more signal from your website traffic, and thought I'd reach out. We built a data-enrichment service that helps teams like yours with exactly that. In practice, this usually means less manual work for your team and faster turnaround on the tasks that used to take hours. We've seen teams cut this kind of overhead significantly within the first few weeks, and the setup itself takes less than a day with support from our onboarding team. Happy to share a couple of examples from companies in a similar space if that would help you evaluate whether this is worth exploring further on your end.

Let me know if you'd like a short demo — happy to work around your schedule.

Best regards,
the team at Signalfy",139,0,1,0,2,0,formal,long,1
c8f541dd2d,Following up,"Hey Chloe,

I'm reaching out because we help companies like Northpay with automating your lead qualification process. We built a workflow automation tool that a few teams in your space have found useful.

You can grab 15 minutes directly on my calendar: https://cal.example.com/39f30f Is this something you would be open to exploring?

Best,
Sarah",59,1,1,1,1,0,casual,short,1
c4be6c6a66,Saw Tendr Finance's recent growth — quick thought,"Hello Laura,

I noticed Tendr Finance has been focused on scaling your outbound without losing personalization, and thought I'd reach out. We built a churn-prediction dashboard that helps teams like yours with exactly that.

Would you be open to a quick 15-minute call this week.

Best regards,
Priya from DataForge",53,0,1,0,2,0,formal,short,1
daf6399f62,"Laura, quick question about Trustline Bank","Hello Laura,

I'm reaching out because we help companies like Trustline Bank with getting more signal from your website traffic. We built a churn-prediction dashboard that a few teams in your space have found useful.

Here's a short demo video if that's easier: https://demo.example.com/d2b44f

Best,
Alex, Head of Partnerships at Loopwave",59,0,1,1,1,0,casual,short,0
23e1edf505,Helping Streamline Freight with getting more,"Hey Lucas,

I noticed Streamline Freight has been focused on getting more signal from your website traffic, and thought I'd reach out. We built a churn-prediction dashboard that helps teams like yours with exactly that. In practice, this usually means less manual work for your team and faster turnaround on the tasks that used to take hours. We've seen teams cut this kind of overhead significantly within the first few weeks, and the setup itself takes less than a day with support from our onboarding team. Happy to share a couple of examples from companies in a similar space if that would help you evaluate whether this is worth exploring further on your end.

Here's a short demo video if that's easier: https://demo.example.com/f6a582

Best,
Sarah",134,0,1,1,2,0,casual,long,0
e6f3b750b6,Idea for Bottega Retail's outbound,"Hey Michael,

I noticed Bottega Retail has been focused on keeping your CRM data clean as you grow, and thought I'd reach out. We built a workflow automation tool that helps teams like yours with exactly that. In practice, this usually means less manual work for your team and faster turnaround on the tasks that used to take hours. We've seen teams cut this kind of overhead significantly within the first few weeks, and the setup itself takes less than a day with support from our onboarding team. Happy to share a couple of examples from companies in a similar space if that would help you evaluate whether this is worth exploring further on your end.

Anyway, just wanted to share this in case it's useful. Is this something you would be open to exploring?

Best regards,
the team at Signalfy",144,1,0,0,2,0,formal,long,1
ff15fcd776,Partnership opportunity,"Hey Fatima,

I'm reaching out because we help companies like Cascade Analytics with cutting the time your team spends on manual data entry. We built a sales-engagement platform that a few teams in your space have found useful. In practice, this usually means less manual work for your team and faster turnaround on the tasks that used to take hours. We've seen teams cut this kind of overhead significantly within the first few weeks, and the setup itself takes less than a day with support from our onboarding team. Happy to share a couple of examples from companies in a similar space if that would help you evaluate whether this is worth exploring further on your end.

Thanks for reading, and have a great rest of your week. Is this something you would be open to exploring?

Best,
Alex, Head of Partnerships at Loopwave",147,1,0,0,1,0,casual,long,0
9a7830d8b7,"James, quick question about Trustline Bank","Hello James,

I noticed Trustline Bank has been focused on making your onboarding emails feel less robotic, and thought I'd reach out. We built a lightweight CRM add-on that helps teams like yours with exactly that.

Here's a short demo video if that's easier: https://demo.example.com/faea63

Best regards,
Alex, Head of Partnerships at Loopwave",61,0,1,1,2,0,formal,short,0
541a338ac3,Introduction,"Hello Michael,

I'm reaching out because we help companies like Cargopath Logistics with automating your lead qualification process. We built a lightweight CRM add-on that a few teams in your space have found useful.

Worth a quick chat? I can send over a couple of time slots.

Best,
Priya",51,1,1,0,1,0,casual,short,1
52023637ac,Quick question,"Hello Ravi,

I'm reaching out because we help companies like Foundry Labs with shortening your sales cycle. We built a data-enrichment service that a few teams in your space have found useful. In practice, this usually means less manual work for your team and faster turnaround on the tasks that used to take hours. We've seen teams cut this kind of overhead significantly within the first few weeks, and the setup itself takes less than a day with support from our onboarding team. Happy to share a couple of examples from companies in a similar space if that would help you evaluate whether this is worth exploring further on your end.

No worries either way — just thought I'd reach out. Is this something you would be open to exploring?

Best regards,
Jamie at Northstar Sales",139,1,0,0,1,0,formal,long,1
88db0ea737,Helping Cascade Analytics with reducing churn,"Hello Noah,

I'm reaching out because we help companies like Cascade Analytics with reducing churn in your onboarding funnel. We built an AI-based email assistant that a few teams in your space have found useful. In practice, this usually means less manual work for your team and faster turnaround on the tasks that used to take hours. We've seen teams cut this kind of overhead significantly within the first few weeks, and the setup itself takes less than a day with support from our onboarding team. Happy to share a couple of examples from companies in a similar space if that would help you evaluate whether this is worth exploring further on your end.

Thanks for reading, and have a great rest of your week. Is this something you would be open to exploring?

Best,
Sarah",139,1,0,0,1,0,casual,long,1
eec26bf6c7,Checking in,"Hello,

We offer a churn-prediction dashboard that helps businesses with improving reply rates on cold outreach. I wanted to see if this might be relevant for your team. In practice, this usually means less manual work for your team and faster turnaround on the tasks that used to take hours.

Feel free to book a slot here: https://meetings.example.com/7a1417 Is this something your team would be open to exploring?

Best regards,
Sarah from GrowthPilot",78,1,1,1,0,0,formal,medium,0
270d2af318,Following up,"Hi there,

We offer a lead-scoring API that helps businesses with scaling your outbound without losing personalization. I wanted to see if this might be relevant for your team.

Reply with a good time and I'll send a calendar invite.

Best,
Sarah",44,0,1,0,0,0,casual,short,0
8d419922a7,Quick question,"Hi Marco,

I'm reaching out because we help companies like Clarity Health with cutting the time your team spends on manual data entry. We built a data-enrichment service that a few teams in your space have found useful. In practice, this usually means less manual work for your team and faster turnaround on the tasks that used to take hours.

Here's a short demo video if that's easier: https://demo.example.com/426bca Is this something you would be open to exploring?

Best,
Alex, Head of Partnerships at Loopwave",93,1,1,1,1,0,casual,medium,0
cdd87aa5e0,Checking in,"Hi there,

We offer a data-enrichment service that helps businesses with automating your lead qualification process. I wanted to see if this might be relevant for your team. In practice, this usually means less manual work for your team and faster turnaround on the tasks that used to take hours.

Anyway, just wanted to share this in case it's useful. Is this something your team would be open to exploring?

Best,
Jamie",74,1,0,0,0,0,casual,medium,0
b81dce100d,Following up,"To Whom It May Concern,

We offer a workflow automation tool that helps businesses with reducing churn in your onboarding funnel. I wanted to see if this might be relevant for your team.

Anyway, just wanted to share this in case it's useful.

Best,
Sarah",46,0,0,0,0,0,casual,short,1
a4cfbb56c4,Amazing opportunity you can't miss!!!,"Hello,

We offer a scheduling assistant that helps businesses with getting more signal from your website traffic. I wanted to see if this might be relevant for your team.

Here's a short demo video if that's easier: https://demo.example.com/db45eb Is this something your team would be open to exploring?

Best,
Priya",56,1,1,1,0,0,spammy,short,1
238c1c36c4,Introduction,"Good morning,

We offer a lightweight CRM add-on that helps businesses with reducing churn in your onboarding funnel. I wanted to see if this might be relevant for your team.

You can grab 15 minutes directly on my calendar: https://cal.example.com/d5d8d9 Is this something your team would be open to exploring?

Best,
the",57,1,1,1,0,0,casual,short,1
206e55863d,Helping Brightloop with scaling your,"Hi Daniel,

I noticed Brightloop has been focused on scaling your outbound without losing personalization, and thought I'd reach out. We built a churn-prediction dashboard that helps teams like yours with exactly that. In practice, this usually means less manual work for your team and faster turnaround on the tasks that used to take hours. We've seen teams cut this kind of overhead significantly within the first few weeks, and the setup itself takes less than a day with support from our onboarding team. Happy to share a couple of examples from companies in a similar space if that would help you evaluate whether this is worth exploring further on your end.

Worth a quick chat.

Best,
Alex, Head of Partnerships at Loopwave",126,0,1,0,2,0,casual,long,1
2d8deea85f,"Noah, quick question about Northpay","Hi Noah,

I'm reaching out because we help companies like Northpay with getting more signal from your website traffic. We built a lead-scoring API that a few teams in your space have found useful.

You can grab 15 minutes directly on my calendar: https://cal.example.com/89f415

Best,
the",52,0,1,1,1,0,casual,short,1
565ec5291f,Introduction,"Hey Laura,

I'm reaching out because we help companies like Streamline Freight with getting more signal from your website traffic. We built an AI-based email assistant that a few teams in your space have found useful.

Feel free to book a slot here: https://meetings.example.com/364689 Is this something you would be open to exploring?

Best,
Priya",61,1,1,1,1,0,casual,short,1
e08d907c96,"Wei, quick question about Clarity Health","Hello Wei,

I noticed Clarity Health has been focused on reducing churn in your onboarding funnel, and thought I'd reach out. We built a scheduling assistant that helps teams like yours with exactly that.

Thanks for reading, and have a great rest of your week. Is this something you would be open to exploring?

Best regards,
Priya from DataForge",60,1,0,0,2,0,formal,short,0
6b72769234,URGENT: Don't miss out on this deal,"Hey Anna,

I noticed Streamline Freight has been focused on improving reply rates on cold outreach, and thought I'd reach out. We built a workflow automation tool that helps teams like yours with exactly that. In practice, this usually means less manual work for your team and faster turnaround on the tasks that used to take hours.

No worries either way — just thought I'd reach out. Is this something you would be open to exploring?

Best,
Alex, Head of Partnerships at Loopwave",84,1,0,0,2,0,spammy,medium,0
846d87d44b,Idea for Clarity Health's outbound,"Hi Chloe,

I noticed Clarity Health has been focused on keeping your CRM data clean as you grow, and thought I'd reach out. We built a sales-engagement platform that helps teams like yours with exactly that. In practice, this usually means less manual work for your team and faster turnaround on the tasks that used to take hours. We've seen teams cut this kind of overhead significantly within the first few weeks, and the setup itself takes less than a day with support from our onboarding team. Happy to share a couple of examples from companies in a similar space if that would help you evaluate whether this is worth exploring further on your end.

You can grab 15 minutes directly on my calendar: https://cal.example.com/a256c1

Best regards,
Priya from DataForge",137,0,1,1,2,0,formal,long,1
2add1c996c,Introduction,"Hello Anna,

I'm reaching out because we help companies like Nordica Retail with shortening your sales cycle. We built an AI-based email assistant that a few teams in your space have found useful. In practice, this usually means less manual work for your team and faster turnaround on the tasks that used to take hours.

No worries either way — just thought I'd reach out.

Best regards,
Sarah from GrowthPilot",72,0,0,0,1,0,formal,medium,0
51a00b2f62,Idea for Brightloop's outbound,"Hello Daniel,

I noticed Brightloop has been focused on scaling your outbound without losing personalization, and thought I'd reach out. We built a data-enrichment service that helps teams like yours with exactly that.

Reply with a good time and I'll send a calendar invite. Is this something you would be open to exploring?

Best,
Sarah",58,1,1,0,2,0,casual,short,1
b0196e44eb,Quick question,"To Whom It May Concern,

We offer a scheduling assistant that helps businesses with improving reply rates on cold outreach. I wanted to see if this might be relevant for your team. In practice, this usually means less manual work for your team and faster turnaround on the tasks that used to take hours.

Here's a short demo video if that's easier: https://demo.example.com/e848eb Is this something your team would be open to exploring?

Best,
Jamie",81,1,1,1,0,0,casual,medium,1
39140b3dfc,Introduction,"Hi Thomas,

I'm reaching out because we help companies like Medisync Health with shortening your sales cycle. We built a scheduling assistant that a few teams in your space have found useful.

Reply with a good time and I'll send a calendar invite.

Best regards,
Alex, Head of Partnerships at Loopwave",53,0,1,0,1,0,formal,short,1
07b7d2ef64,Quick question,"Good morning,

We offer a workflow automation tool that helps businesses with keeping your CRM data clean as you grow. I wanted to see if this might be relevant for your team.

No worries either way — just thought I'd reach out. Is this something your team would be open to exploring?

Best,
Priya",54,1,0,0,0,0,casual,short,1
a50a4d9129,Idea for Brightloop's outbound,"Hey Anna,

I noticed Brightloop has been focused on making your onboarding emails feel less robotic, and thought I'd reach out. We built a workflow automation tool that helps teams like yours with exactly that. In practice, this usually means less manual work for your team and faster turnaround on the tasks that used to take hours.

Can I send over a one-pager, or would a call be easier?

Best regards,
Alex, Head of Partnerships at Loopwave",79,1,1,0,2,0,formal,medium,1
2738ad5dd5,Following up,"Good morning,

We offer a data-enrichment service that helps businesses with reducing no-shows on booked calls. I wanted to see if this might be relevant for your team.

Thanks for reading, and have a great rest of your week.

Best regards,
Alex, Head of Partnerships at Loopwave",49,0,0,0,0,0,formal,short,1
ad9fb27dce,Helping Foundry Labs with making your,"Hello Wei,

I noticed Foundry Labs has been focused on making your onboarding emails feel less robotic, and thought I'd reach out. We built a workflow automation tool that helps teams like yours with exactly that.

Thanks for reading, and have a great rest of your week.

Best,
Sarah",50,0,0,0,2,0,casual,short,1
006f18b7ba,"Emma, quick question about Inferra","Hello Emma,

I noticed Inferra has been focused on improving reply rates on cold outreach, and thought I'd reach out. We built a workflow automation tool that helps teams like yours with exactly that. In practice, this usually means less manual work for your team and faster turnaround on the tasks that used to take hours.

Worth a quick chat? I can send over a couple of time slots.

Best regards,
the team at Signalfy",76,1,1,0,2,0,formal,medium,1
55817f864a,Introduction,"Hey Lucas,

I'm reaching out because we help companies like Cura Health with keeping your CRM data clean as you grow. We built a lead-scoring API that a few teams in your space have found useful. In practice, this usually means less manual work for your team and faster turnaround on the tasks that used to take hours. We've seen teams cut this kind of overhead significantly within the first few weeks, and the setup itself takes less than a day with support from our onboarding team. Happy to share a couple of examples from companies in a similar space if that would help you evaluate whether this is worth exploring further on your end.

Reply with a good time and I'll send a calendar invite.

Best,
Jamie",132,0,1,0,1,0,casual,long,0
0eaae326c7,Helping Equora Capital with scaling your,"Hi Elena,

I noticed Equora Capital has been focused on scaling your outbound without losing personalization, and thought I'd reach out. We built a data-enrichment service that helps teams like yours with exactly that. In practice, this usually means less manual work for your team and faster turnaround on the tasks that used to take hours. We've seen teams cut this kind of overhead significantly within the first few weeks, and the setup itself takes less than a day with support from our onboarding team. Happy to share a couple of examples from companies in a similar space if that would help you evaluate whether this is worth exploring further on your end.

No worries either way — just thought I'd reach out.

Best,
the",128,0,0,0,2,0,casual,long,1
e6981cc6d5,Idea for Trustline Bank's outbound,"Hey Omar,

I noticed Trustline Bank has been focused on reducing no-shows on booked calls, and thought I'd reach out. We built a lightweight CRM add-on that helps teams like yours with exactly that.

Feel free to book a slot here: https://meetings.example.com/c6af66

Best,
Alex, Head of Partnerships at Loopwave",56,0,1,1,2,0,casual,short,1
e0f165a894,Partnership opportunity,"Hello Michael,

I'm reaching out because we help companies like Bottega Retail with reducing no-shows on booked calls. We built a scheduling assistant that a few teams in your space have found useful. In practice, this usually means less manual work for your team and faster turnaround on the tasks that used to take hours. We've seen teams cut this kind of overhead significantly within the first few weeks, and the setup itself takes less than a day with support from our onboarding team. Happy to share a couple of examples from companies in a similar space if that would help you evaluate whether this is worth exploring further on your end.

Worth a quick chat.

Best regards,
Priya from DataForge",124,0,1,0,1,0,formal,long,0
90dd69e170,URGENT: Don't miss out on this deal,"Hello,

We offer a scheduling assistant that helps businesses with scaling your outbound without losing personalization. I wanted to see if this might be relevant for your team. In practice, this usually means less manual work for your team and faster turnaround on the tasks that used to take hours.

Would you be open to a quick 15-minute call this week?

Best,
Jamie",64,1,1,0,0,0,spammy,medium,0
481b2d9594,Amazing opportunity you can't miss!!!,"Hey Thomas,

I noticed Medisync Health has been focused on cutting the time your team spends on manual data entry, and thought I'd reach out. We built a data-enrichment service that helps teams like yours with exactly that. In practice, this usually means less manual work for your team and faster turnaround on the tasks that used to take hours.

You can grab 15 minutes directly on my calendar: https://cal.example.com/167ceb Is this something you would be open to exploring?

Best,
Jamie",87,1,1,1,2,0,spammy,medium,1
c516cd4f3a,Saw Cura Health's recent growth — quick thought,"Hi Omar,

I noticed Cura Health has been focused on keeping your CRM data clean as you grow, and thought I'd reach out. We built a lightweight CRM add-on that helps teams like yours with exactly that.

No worries either way — just thought I'd reach out. Is this something you would be open to exploring?

Best,
Jamie",60,1,0,0,2,0,casual,short,1
3a5f03e777,Saw Foundry Labs's recent growth — quick thought,"Hi Thomas,

I noticed Foundry Labs has been focused on automating your lead qualification process, and thought I'd reach out. We built a data-enrichment service that helps teams like yours with exactly that. In practice, this usually means less manual work for your team and faster turnaround on the tasks that used to take hours.

No worries either way — just thought I'd reach out.

Best,
Sarah",69,0,0,0,2,0,casual,medium,0
b5d514ddd4,Checking in,"Good morning,

We offer a lead-scoring API that helps businesses with getting more signal from your website traffic. I wanted to see if this might be relevant for your team. In practice, this usually means less manual work for your team and faster turnaround on the tasks that used to take hours.

No worries either way — just thought I'd reach out. Is this something your team would be open to exploring?

Best,
the",75,1,0,0,0,0,casual,medium,0
228e12ae62,"Sarah, quick question about Atelier Commerce","Hello Sarah,

I noticed Atelier Commerce has been focused on cutting the time your team spends on manual data entry, and thought I'd reach out. We built a lightweight CRM add-on that helps teams like yours with exactly that. In practice, this usually means less manual work for your team and faster turnaround on the tasks that used to take hours.

No worries either way — just thought I'd reach out. Is this something you would be open to exploring?

Best,
Priya",84,1,0,0,2,0,casual,medium,1
ae26f42e65,Amazing opportunity you can't miss!!!,"Hello,

We offer a sales-engagement platform that helps businesses with reducing churn in your onboarding funnel. I wanted to see if this might be relevant for your team.

You can grab 15 minutes directly on my calendar: https://cal.example.com/628c7a Is this something your team would be open to exploring?

Best,
Sarah",55,1,1,1,0,0,spammy,short,1
2e1636a753,Idea for Bottega Retail's outbound,"Hey Nina,

I'm reaching out because we help companies like Bottega Retail with making your onboarding emails feel less robotic. We built a churn-prediction dashboard that a few teams in your space have found useful. In practice, this usually means less manual work for your team and faster turnaround on the tasks that used to take hours.

Let me know if you'd like a short demo — happy to work around your schedule.

Best,
Sarah",77,0,1,0,1,0,casual,medium,0
bdd6071581,"Maya, quick question about Trustline Bank","Hello Maya,

I noticed Trustline Bank has been focused on keeping your CRM data clean as you grow, and thought I'd reach out. We built a scheduling assistant that helps teams like yours with exactly that. In practice, this usually means less manual work for your team and faster turnaround on the tasks that used to take hours. We've seen teams cut this kind of overhead significantly within the first few weeks, and the setup itself takes less than a day with support from our onboarding team. Happy to share a couple of examples from companies in a similar space if that would help you evaluate whether this is worth exploring further on your end.

Thanks for reading, and have a great rest of your week.

Best regards,
Jamie at Northstar Sales",134,0,0,0,2,0,formal,long,1
8258fd3ebc,Quick question,"To Whom It May Concern,

We offer a lightweight CRM add-on that helps businesses with getting more signal from your website traffic. I wanted to see if this might be relevant for your team. In practice, this usually means less manual work for your team and faster turnaround on the tasks that used to take hours.

You can grab 15 minutes directly on my calendar: https://cal.example.com/d1d7a7

Best regards,
the team at Signalfy",77,0,1,1,0,0,formal,medium,1
1cca117959,Following up,"Hello Lucas,

I'm reaching out because we help companies like Medisync Health with shortening your sales cycle. We built a data-enrichment service that a few teams in your space have found useful. In practice, this usually means less manual work for your team and faster turnaround on the tasks that used to take hours.

Anyway, just wanted to share this in case it's useful.

Best,
Alex, Head of Partnerships at Loopwave",74,0,0,0,1,0,casual,medium,0
c87bd6c6d8,Saw Cargopath Logistics's recent growth — quick thought,"Hey Sophie,

I noticed Cargopath Logistics has been focused on getting more signal from your website traffic, and thought I'd reach out. We built an AI-based email assistant that helps teams like yours with exactly that. In practice, this usually means less manual work for your team and faster turnaround on the tasks that used to take hours.

Feel free to book a slot here: https://meetings.example.com/67ed91

Best regards,
Jamie at Northstar Sales",78,0,1,1,2,0,formal,medium,1
09f67af97b,Saw Northpay's recent growth — quick thought,"Hi Elena,

I noticed Northpay has been focused on reducing no-shows on booked calls, and thought I'd reach out. We built a workflow automation tool that helps teams like yours with exactly that.

Reply with a good time and I'll send a calendar invite.

Best regards,
Priya from DataForge",52,0,1,0,2,0,formal,short,0
f25016d687,Re: Re: Following up on my last email,"Hello,

We offer a scheduling assistant that helps businesses with automating your lead qualification process. I wanted to see if this might be relevant for your team. In practice, this usually means less manual work for your team and faster turnaround on the tasks that used to take hours. We've seen teams cut this kind of overhead significantly within the first few weeks, and the setup itself takes less than a day with support from our onboarding team. Happy to share a couple of examples from companies in a similar space if that would help you evaluate whether this is worth exploring further on your end.

Would you be open to a quick 15-minute call this week.

Best,
Alex, Head of Partnerships at Loopwave",126,0,1,0,0,0,spammy,long,0
57267d1bf9,Saw Cura Health's recent growth — quick thought,"Hi Thomas,

I'm reaching out because we help companies like Cura Health with keeping your CRM data clean as you grow. We built a churn-prediction dashboard that a few teams in your space have found useful.

Thanks for reading, and have a great rest of your week. Is this something you would be open to exploring?

Best regards,
Priya from DataForge",63,1,0,0,1,0,formal,short,1
b00511b731,Idea for Tendr Finance's outbound,"Hi Michael,

I noticed Tendr Finance has been focused on automating your lead qualification process, and thought I'd reach out. We built a sales-engagement platform that helps teams like yours with exactly that.

Worth a quick chat? I can send over a couple of time slots.

Best,
Alex, Head of Partnerships at Loopwave",55,1,1,0,2,0,casual,short,0
73552a2cda,"Daniel, quick question about Tendr Finance","Hello Daniel,

I noticed Tendr Finance has been focused on reducing no-shows on booked calls, and thought I'd reach out. We built a scheduling assistant that helps teams like yours with exactly that. In practice, this usually means less manual work for your team and faster turnaround on the tasks that used to take hours.

Reply with a good time and I'll send a calendar invite.

Best regards,
Alex, Head of Partnerships at Loopwave",77,0,1,0,2,0,formal,medium,1
14c74c90af,Checking in,"Hi there,

We offer a sales-engagement platform that helps businesses with automating your lead qualification process. I wanted to see if this might be relevant for your team. In practice, this usually means less manual work for your team and faster turnaround on the tasks that used to take hours.

Anyway, just wanted to share this in case it's useful.

Best,
the",64,0,0,0,0,0,casual,medium,1
2b531db321,Checking in,"Hi there,

We offer a sales-engagement platform that helps businesses with automating your lead qualification process. I wanted to see if this might be relevant for your team. In practice, this usually means less manual work for your team and faster turnaround on the tasks that used to take hours.

Anyway, just wanted to share this in case it's useful.

Best,
Alex, Head of Partnerships at Loopwave",69,0,0,0,0,0,casual,medium,1
0aacbbbcde,"Marco, quick question about Vectra AI","Hi Marco,

I'm reaching out because we help companies like Vectra AI with automating your lead qualification process. We built a workflow automation tool that a few teams in your space have found useful. In practice, this usually means less manual work for your team and faster turnaround on the tasks that used to take hours.

Would you be open to a quick 15-minute call this week?

Best regards,
Priya from DataForge",74,1,1,0,1,0,formal,medium,0
2146b81ccf,Partnership opportunity,"To Whom It May Concern,

We offer a data-enrichment service that helps businesses with scaling your outbound without losing personalization. I wanted to see if this might be relevant for your team. In practice, this usually means less manual work for your team and faster turnaround on the tasks that used to take hours.

Feel free to book a slot here: https://meetings.example.com/0be420

Best regards,
Alex, Head of Partnerships at Loopwave",75,0,1,1,0,0,formal,medium,0
ae26e82a7e,Amazing opportunity you can't miss!!!,"Good morning,

We offer a data-enrichment service that helps businesses with scaling your outbound without losing personalization. I wanted to see if this might be relevant for your team. In practice, this usually means less manual work for your team and faster turnaround on the tasks that used to take hours. We've seen teams cut this kind of overhead significantly within the first few weeks, and the setup itself takes less than a day with support from our onboarding team. Happy to share a couple of examples from companies in a similar space if that would help you evaluate whether this is worth exploring further on your end.

Would you be open to a quick 15-minute call this week.

Best,
Alex, Head of Partnerships at Loopwave",129,0,1,0,0,0,spammy,long,0
894c873a3a,Introduction,"Hello,

We offer a lead-scoring API that helps businesses with reducing no-shows on booked calls. I wanted to see if this might be relevant for your team.

Thanks for reading, and have a great rest of your week. Is this something your team would be open to exploring?

Best,
Alex, Head of Partnerships at Loopwave",57,1,0,0,0,0,casual,short,0
1325aff432,Quick question,"To Whom It May Concern,

We offer a workflow automation tool that helps businesses with reducing churn in your onboarding funnel. I wanted to see if this might be relevant for your team. In practice, this usually means less manual work for your team and faster turnaround on the tasks that used to take hours.

You can grab 15 minutes directly on my calendar: https://cal.example.com/e6ebcd Is this something your team would be open to exploring?

Best,
Sarah",81,1,1,1,0,0,casual,medium,0
7029ece1f3,Helping Vectra AI with cutting the,"Hello Laura,

I noticed Vectra AI has been focused on cutting the time your team spends on manual data entry, and thought I'd reach out. We built a churn-prediction dashboard that helps teams like yours with exactly that. In practice, this usually means less manual work for your team and faster turnaround on the tasks that used to take hours.

Anyway, just wanted to share this in case it's useful.

Best,
Alex, Head of Partnerships at Loopwave",80,0,0,0,2,0,casual,medium,0
197963fd9a,"Lucas, quick question about Clarity Health","Hey Lucas,

I'm reaching out because we help companies like Clarity Health with keeping your CRM data clean as you grow. We built a churn-prediction dashboard that a few teams in your space have found useful. In practice, this usually means less manual work for your team and faster turnaround on the tasks that used to take hours.

Worth a quick chat? I can send over a couple of time slots.

Best,
Sarah",75,1,1,0,1,0,casual,medium,1
7c20d3d907,Boost your revenue by 300% instantly,"Hey Nina,

I'm reaching out because we help companies like Bottega Retail with shortening your sales cycle. We built a data-enrichment service that a few teams in your space have found useful.

Here's a short demo video if that's easier: https://demo.example.com/df400b Is this something you would be open to exploring?

Best,
Sarah",60,1,1,1,1,0,spammy,short,1
b514673abc,Following up,"Hello Nina,

I'm reaching out because we help companies like Cascade Analytics with making your onboarding emails feel less robotic. We built a lead-scoring API that a few teams in your space have found useful. In practice, this usually means less manual work for your team and faster turnaround on the tasks that used to take hours.

Thanks for reading, and have a great rest of your week.

Best regards,
Sarah from GrowthPilot",75,0,0,0,1,0,formal,medium,0
93514b6346,Helping Vectra AI with automating your,"Hey Elena,

I noticed Vectra AI has been focused on automating your lead qualification process, and thought I'd reach out. We built a data-enrichment service that helps teams like yours with exactly that. In practice, this usually means less manual work for your team and faster turnaround on the tasks that used to take hours. We've seen teams cut this kind of overhead significantly within the first few weeks, and the setup itself takes less than a day with support from our onboarding team. Happy to share a couple of examples from companies in a similar space if that would help you evaluate whether this is worth exploring further on your end.

Thanks for reading, and have a great rest of your week. Is this something you would be open to exploring?

Best,
Jamie",137,1,0,0,2,0,casual,long,1
fe54e281a9,Partnership opportunity,"Good morning,

We offer an AI-based email assistant that helps businesses with reducing no-shows on booked calls. I wanted to see if this might be relevant for your team. In practice, this usually means less manual work for your team and faster turnaround on the tasks that used to take hours.

You can grab 15 minutes directly on my calendar: https://cal.example.com/7190a0

Best,
Jamie",69,0,1,1,0,0,casual,medium,0
4b1f13ff88,FINAL NOTICE: Limited time offer,"Hello Sophie,

I noticed Axion Systems has been focused on shortening your sales cycle, and thought I'd reach out. We built a churn-prediction dashboard that helps teams like yours with exactly that. In practice, this usually means less manual work for your team and faster turnaround on the tasks that used to take hours. We've seen teams cut this kind of overhead significantly within the first few weeks, and the setup itself takes less than a day with support from our onboarding team. Happy to share a couple of examples from companies in a similar space if that would help you evaluate whether this is worth exploring further on your end.

Here's a short demo video if that's easier: https://demo.example.com/cd4051

Best,
the",131,0,1,1,2,0,spammy,long,0
1068adcfe0,Saw Vectra AI's recent growth — quick thought,"Hello Marco,

I'm reaching out because we help companies like Vectra AI with reducing no-shows on booked calls. We built a workflow automation tool that a few teams in your space have found useful. In practice, this usually means less manual work for your team and faster turnaround on the tasks that used to take hours.

Anyway, just wanted to share this in case it's useful. Is this something you would be open to exploring?

Best,
Priya",80,1,0,0,1,0,casual,medium,0
e367717d84,Partnership opportunity,"Hi there,

We offer a scheduling assistant that helps businesses with keeping your CRM data clean as you grow. I wanted to see if this might be relevant for your team.

Anyway, just wanted to share this in case it's useful. Is this something your team would be open to exploring?

Best,
Sarah",54,1,0,0,0,0,casual,short,1
2223196f2a,Introduction,"To Whom It May Concern,

We offer a lightweight CRM add-on that helps businesses with improving reply rates on cold outreach. I wanted to see if this might be relevant for your team. In practice, this usually means less manual work for your team and faster turnaround on the tasks that used to take hours.

Can I send over a one-pager, or would a call be easier.

Best,
Jamie",71,0,1,0,0,0,casual,medium,1
33ed5b9f31,Amazing opportunity you can't miss!!!,"Hey Julia,

I'm reaching out because we help companies like Trustline Bank with reducing no-shows on booked calls. We built a lightweight CRM add-on that a few teams in your space have found useful. In practice, this usually means less manual work for your team and faster turnaround on the tasks that used to take hours.

Anyway, just wanted to share this in case it's useful.

Best,
Alex, Head of Partnerships at Loopwave",77,0,0,0,1,0,spammy,medium,0
82734cee89,Checking in,"Hey Omar,

I'm reaching out because we help companies like Streamline Freight with reducing churn in your onboarding funnel. We built a churn-prediction dashboard that a few teams in your space have found useful. In practice, this usually means less manual work for your team and faster turnaround on the tasks that used to take hours. We've seen teams cut this kind of overhead significantly within the first few weeks, and the setup itself takes less than a day with support from our onboarding team. Happy to share a couple of examples from companies in a similar space if that would help you evaluate whether this is worth exploring further on your end.

No worries either way — just thought I'd reach out.

Best,
the",128,0,0,0,1,0,casual,long,0
b0784f39cd,"Lucas, quick question about Nordica Retail","Hello Lucas,

I noticed Nordica Retail has been focused on cutting the time your team spends on manual data entry, and thought I'd reach out. We built a lightweight CRM add-on that helps teams like yours with exactly that. In practice, this usually means less manual work for your team and faster turnaround on the tasks that used to take hours. We've seen teams cut this kind of overhead significantly within the first few weeks, and the setup itself takes less than a day with support from our onboarding team. Happy to share a couple of examples from companies in a similar space if that would help you evaluate whether this is worth exploring further on your end.

Thanks for reading, and have a great rest of your week. Is this something you would be open to exploring?

Best regards,
Sarah from GrowthPilot",146,1,0,0,2,0,formal,long,1
7cd5373f46,Following up,"Hello,

We offer a scheduling assistant that helps businesses with automating your lead qualification process. I wanted to see if this might be relevant for your team. In practice, this usually means less manual work for your team and faster turnaround on the tasks that used to take hours.

Anyway, just wanted to share this in case it's useful.

Best regards,
Sarah from GrowthPilot",65,0,0,0,0,0,formal,medium,1
fc220bf3a9,"Chloe, quick question about Payflow","Hi Chloe,

I noticed Payflow has been focused on reducing no-shows on booked calls, and thought I'd reach out. We built a sales-engagement platform that helps teams like yours with exactly that. In practice, this usually means less manual work for your team and faster turnaround on the tasks that used to take hours.

You can grab 15 minutes directly on my calendar: https://cal.example.com/b0da5a Is this something you would be open to exploring?

Best regards,
Priya from DataForge",85,1,1,1,2,0,formal,medium,0
85073f245b,Introduction,"Hi Sarah,

I'm reaching out because we help companies like Northpay with getting more signal from your website traffic. We built a churn-prediction dashboard that a few teams in your space have found useful. In practice, this usually means less manual work for your team and faster turnaround on the tasks that used to take hours.

No worries either way — just thought I'd reach out. Is this something you would be open to exploring?

Best,
Alex, Head of Partnerships at Loopwave",84,1,0,0,1,0,casual,medium,1
fc0a6747ba,URGENT: Don't miss out on this deal,"Hello Carlos,

I noticed Equora Capital has been focused on getting more signal from your website traffic, and thought I'd reach out. We built a churn-prediction dashboard that helps teams like yours with exactly that. In practice, this usually means less manual work for your team and faster turnaround on the tasks that used to take hours.

No worries either way — just thought I'd reach out.

Best,
Alex, Head of Partnerships at Loopwave",76,0,0,0,2,0,spammy,medium,1
f293388560,Checking in,"Hi there,

We offer an AI-based email assistant that helps businesses with making your onboarding emails feel less robotic. I wanted to see if this might be relevant for your team. In practice, this usually means less manual work for your team and faster turnaround on the tasks that used to take hours. We've seen teams cut this kind of overhead significantly within the first few weeks, and the setup itself takes less than a day with support from our onboarding team. Happy to share a couple of examples from companies in a similar space if that would help you evaluate whether this is worth exploring further on your end.

You can grab 15 minutes directly on my calendar: https://cal.example.com/002a96 Is this something your team would be open to exploring?

Best,
Jamie",138,1,1,1,0,0,casual,long,0
d9a1599a79,Introduction,"Hi Sophie,

I'm reaching out because we help companies like Atelier Commerce with shortening your sales cycle. We built a lightweight CRM add-on that a few teams in your space have found useful. In practice, this usually means less manual work for your team and faster turnaround on the tasks that used to take hours.

Can I send over a one-pager, or would a call be easier?

Best regards,
Priya from DataForge",75,1,1,0,1,0,formal,medium,0
5802e9c33c,"Lucas, quick question about Inferra","Hello Lucas,

I noticed Inferra has been focused on reducing no-shows on booked calls, and thought I'd reach out. We built an AI-based email assistant that helps teams like yours with exactly that. In practice, this usually means less manual work for your team and faster turnaround on the tasks that used to take hours.

Anyway, just wanted to share this in case it's useful.

Best regards,
Alex, Head of Partnerships at Loopwave",77,0,0,0,2,0,formal,medium,0
f55671bd93,Following up,"Good morning,

We offer an AI-based email assistant that helps businesses with keeping your CRM data clean as you grow. I wanted to see if this might be relevant for your team.

Can I send over a one-pager, or would a call be easier?

Best,
Priya",48,1,1,0,0,0,casual,short,0
d61ce2d1c4,Saw Vectra AI's recent growth — quick thought,"Hi Thomas,

I noticed Vectra AI has been focused on automating your lead qualification process, and thought I'd reach out. We built a churn-prediction dashboard that helps teams like yours with exactly that.

Feel free to book a slot here: https://meetings.example.com/555ff0 Is this something you would be open to exploring?

Best,
Sarah",58,1,1,1,2,0,casual,short,1
972a002916,Idea for Inferra's outbound,"Hello Julia,

I noticed Inferra has been focused on improving reply rates on cold outreach, and thought I'd reach out. We built a lead-scoring API that helps teams like yours with exactly that. In practice, this usually means less manual work for your team and faster turnaround on the tasks that used to take hours. We've seen teams cut this kind of overhead significantly within the first few weeks, and the setup itself takes less than a day with support from our onboarding team. Happy to share a couple of examples from companies in a similar space if that would help you evaluate whether this is worth exploring further on your end.

Reply with a good time and I'll send a calendar invite. Is this something you would be open to exploring?

Best regards,
Sarah from GrowthPilot",141,1,1,0,2,0,formal,long,1
26801f0a8f,Idea for Equora Capital's outbound,"Hey Omar,

I noticed Equora Capital has been focused on reducing churn in your onboarding funnel, and thought I'd reach out. We built a sales-engagement platform that helps teams like yours with exactly that. In practice, this usually means less manual work for your team and faster turnaround on the tasks that used to take hours.

Thanks for reading, and have a great rest of your week. Is this something you would be open to exploring?

Best,
Priya",80,1,0,0,2,0,casual,medium,1
a2cda80292,Quick question,"Hello,

We offer a scheduling assistant that helps businesses with reducing no-shows on booked calls. I wanted to see if this might be relevant for your team. In practice, this usually means less manual work for your team and faster turnaround on the tasks that used to take hours. We've seen teams cut this kind of overhead significantly within the first few weeks, and the setup itself takes less than a day with support from our onboarding team. Happy to share a couple of examples from companies in a similar space if that would help you evaluate whether this is worth exploring further on your end.

No worries either way — just thought I'd reach out.

Best regards,
Alex, Head of Partnerships at Loopwave",126,0,0,0,0,0,formal,long,0
85a3b9d25c,Idea for Bottega Retail's outbound,"Hello Sophie,

I'm reaching out because we help companies like Bottega Retail with automating your lead qualification process. We built a lightweight CRM add-on that a few teams in your space have found useful. In practice, this usually means less manual work for your team and faster turnaround on the tasks that used to take hours.

Feel free to book a slot here: https://meetings.example.com/493510 Is this something you would be open to exploring?

Best,
Priya",81,1,1,1,1,0,casual,medium,1
912418a86d,Checking in,"Hi Nina,

I'm reaching out because we help companies like Bottega Retail with reducing churn in your onboarding funnel. We built a workflow automation tool that a few teams in your space have found useful.

Feel free to book a slot here: https://meetings.example.com/b6ce01 Is this something you would be open to exploring?

Best regards,
Alex, Head of Partnerships at Loopwave",65,1,1,1,1,0,formal,short,1
81b15fe66f,Introduction,"Hey Elena,

I'm reaching out because we help companies like Bottega Retail with reducing churn in your onboarding funnel. We built a lightweight CRM add-on that a few teams in your space have found useful.

Worth a quick chat.

Best,
Jamie",43,0,1,0,1,0,casual,short,1
5eea018b73,URGENT: Don't miss out on this deal,"Hello,

We offer a sales-engagement platform that helps businesses with keeping your CRM data clean as you grow. I wanted to see if this might be relevant for your team. In practice, this usually means less manual work for your team and faster turnaround on the tasks that used to take hours.

Here's a short demo video if that's easier: https://demo.example.com/ebb695

Best,
the",70,0,1,1,0,0,spammy,medium,0
093a73de48,Partnership opportunity,"Hello,

We offer a sales-engagement platform that helps businesses with reducing churn in your onboarding funnel. I wanted to see if this might be relevant for your team.

Thanks for reading, and have a great rest of your week. Is this something your team would be open to exploring?

Best,
Sarah",52,1,0,0,0,0,casual,short,1
357ec4c049,Helping Cura Health with scaling your,"Hi Ravi,

I noticed Cura Health has been focused on scaling your outbound without losing personalization, and thought I'd reach out. We built an AI-based email assistant that helps teams like yours with exactly that. In practice, this usually means less manual work for your team and faster turnaround on the tasks that used to take hours.

Here's a short demo video if that's easier: https://demo.example.com/1a9cbb

Best regards,
the team at Signalfy",80,0,1,1,2,0,formal,medium,0
a80390e4b1,"David, quick question about Northpay","Hi David,

I'm reaching out because we help companies like Northpay with automating your lead qualification process. We built a lead-scoring API that a few teams in your space have found useful. In practice, this usually means less manual work for your team and faster turnaround on the tasks that used to take hours.

Would you be open to a quick 15-minute call this week?

Best,
Jamie",70,1,1,0,1,0,casual,medium,0
38f290d6ba,Introduction,"Hey Thomas,

I'm reaching out because we help companies like Streamline Freight with cutting the time your team spends on manual data entry. We built a lightweight CRM add-on that a few teams in your space have found useful.

Would you be open to a quick 15-minute call this week.

Best regards,
Sarah from GrowthPilot",58,0,1,0,1,0,formal,short,1
a43b8262e3,Checking in,"Hello,

We offer a lightweight CRM add-on that helps businesses with scaling your outbound without losing personalization. I wanted to see if this might be relevant for your team. In practice, this usually means less manual work for your team and faster turnaround on the tasks that used to take hours.

No worries either way — just thought I'd reach out.

Best,
Alex, Head of Partnerships at Loopwave",69,0,0,0,0,0,casual,medium,1
cec910904a,Idea for Cascade Analytics's outbound,"Hello Emma,

I noticed Cascade Analytics has been focused on making your onboarding emails feel less robotic, and thought I'd reach out. We built a lead-scoring API that helps teams like yours with exactly that.

You can grab 15 minutes directly on my calendar: https://cal.example.com/077670 Is this something you would be open to exploring?

Best,
Sarah",62,1,1,1,2,0,casual,short,1
834f18f900,Partnership opportunity,"To Whom It May Concern,

We offer a sales-engagement platform that helps businesses with scaling your outbound without losing personalization. I wanted to see if this might be relevant for your team.

Anyway, just wanted to share this in case it's useful. Is this something your team would be open to exploring?

Best,
Alex, Head of Partnerships at Loopwave",61,1,0,0,0,0,casual,short,1
ba7919fd7b,Boost your revenue by 300% instantly,"Hey Laura,

I noticed Foundry Labs has been focused on reducing churn in your onboarding funnel, and thought I'd reach out. We built a data-enrichment service that helps teams like yours with exactly that. In practice, this usually means less manual work for your team and faster turnaround on the tasks that used to take hours.

Thanks for reading, and have a great rest of your week. Is this something you would be open to exploring?

Best,
Priya",80,1,0,0,2,0,spammy,medium,0
d6d1dc403d,Quick question,"Hello,

We offer a workflow automation tool that helps businesses with shortening your sales cycle. I wanted to see if this might be relevant for your team. In practice, this usually means less manual work for your team and faster turnaround on the tasks that used to take hours. We've seen teams cut this kind of overhead significantly within the first few weeks, and the setup itself takes less than a day with support from our onboarding team. Happy to share a couple of examples from companies in a similar space if that would help you evaluate whether this is worth exploring further on your end.

Worth a quick chat.

Best,
Jamie",113,0,1,0,0,0,casual,long,0
e57ceeebd3,Introduction,"Hi Chloe,

I'm reaching out because we help companies like Cargopath Logistics with reducing no-shows on booked calls. We built a scheduling assistant that a few teams in your space have found useful.

Let me know if you'd like a short demo — happy to work around your schedule.

Best,
Sarah",53,0,1,0,1,0,casual,short,0
dec81bc858,URGENT: Don't miss out on this deal,"To Whom It May Concern,

We offer a sales-engagement platform that helps businesses with getting more signal from your website traffic. I wanted to see if this might be relevant for your team.

You can grab 15 minutes directly on my calendar: https://cal.example.com/9d0c89 Is this something your team would be open to exploring?

Best,
Jamie",60,1,1,1,0,0,spammy,short,0
7d6c655cac,Checking in,"Good morning,

We offer a sales-engagement platform that helps businesses with reducing churn in your onboarding funnel. I wanted to see if this might be relevant for your team. In practice, this usually means less manual work for your team and faster turnaround on the tasks that used to take hours. We've seen teams cut this kind of overhead significantly within the first few weeks, and the setup itself takes less than a day with support from our onboarding team. Happy to share a couple of examples from companies in a similar space if that would help you evaluate whether this is worth exploring further on your end.

No worries either way — just thought I'd reach out. Is this something your team would be open to exploring?

Best regards,
the team at Signalfy",136,1,0,0,0,0,formal,long,0
59cbb11332,Partnership opportunity,"Hi there,

We offer a sales-engagement platform that helps businesses with keeping your CRM data clean as you grow. I wanted to see if this might be relevant for your team. In practice, this usually means less manual work for your team and faster turnaround on the tasks that used to take hours.

Can I send over a one-pager, or would a call be easier.

Best regards,
the team at Signalfy",73,0,1,0,0,0,formal,medium,0
82d7d0c2bc,Following up,"Hi there,

We offer a data-enrichment service that helps businesses with scaling your outbound without losing personalization. I wanted to see if this might be relevant for your team. In practice, this usually means less manual work for your team and faster turnaround on the tasks that used to take hours. We've seen teams cut this kind of overhead significantly within the first few weeks, and the setup itself takes less than a day with support from our onboarding team. Happy to share a couple of examples from companies in a similar space if that would help you evaluate whether this is worth exploring further on your end.

Would you be open to a quick 15-minute call this week?

Best regards,
the team at Signalfy",128,1,1,0,0,0,formal,long,0
a71b1a0260,Idea for Cascade Analytics's outbound,"Hey Carlos,

I noticed Cascade Analytics has been focused on scaling your outbound without losing personalization, and thought I'd reach out. We built a lead-scoring API that helps teams like yours with exactly that. In practice, this usually means less manual work for your team and faster turnaround on the tasks that used to take hours.

Thanks for reading, and have a great rest of your week. Is this something you would be open to exploring?

Best,
Alex, Head of Partnerships at Loopwave",85,1,0,0,2,0,casual,medium,1
263bdd2a71,Following up,"Good morning,

We offer a churn-prediction dashboard that helps businesses with shortening your sales cycle. I wanted to see if this might be relevant for your team. In practice, this usually means less manual work for your team and faster turnaround on the tasks that used to take hours. We've seen teams cut this kind of overhead significantly within the first few weeks, and the setup itself takes less than a day with support from our onboarding team. Happy to share a couple of examples from companies in a similar space if that would help you evaluate whether this is worth exploring further on your end.

Thanks for reading, and have a great rest of your week. Is this something your team would be open to exploring?

Best,
Jamie",131,1,0,0,0,0,casual,long,1
af1a07c59a,Idea for Inferra's outbound,"Hi Fatima,

I noticed Inferra has been focused on improving reply rates on cold outreach, and thought I'd reach out. We built a lightweight CRM add-on that helps teams like yours with exactly that.

Let me know if you'd like a short demo — happy to work around your schedule. Is this something you would be open to exploring?

Best regards,
Jamie at Northstar Sales",67,1,1,0,2,0,formal,short,1
bf73a56bed,Helping Cargopath Logistics with reducing churn,"Hello Sophie,

I'm reaching out because we help companies like Cargopath Logistics with reducing churn in your onboarding funnel. We built a lead-scoring API that a few teams in your space have found useful. In practice, this usually means less manual work for your team and faster turnaround on the tasks that used to take hours. We've seen teams cut this kind of overhead significantly within the first few weeks, and the setup itself takes less than a day with support from our onboarding team. Happy to share a couple of examples from companies in a similar space if that would help you evaluate whether this is worth exploring further on your end.

Can I send over a one-pager, or would a call be easier?

Best,
Alex, Head of Partnerships at Loopwave",136,1,1,0,1,0,casual,long,1
55b7f64d61,"Nina, quick question about Foundry Labs","Hi Nina,

I'm reaching out because we help companies like Foundry Labs with keeping your CRM data clean as you grow. We built a scheduling assistant that a few teams in your space have found useful. In practice, this usually means less manual work for your team and faster turnaround on the tasks that used to take hours.

Can I send over a one-pager, or would a call be easier?

Best regards,
Sarah from GrowthPilot",77,1,1,0,1,0,formal,medium,1
ce1770a1e3,Partnership opportunity,"Hi Daniel,

I'm reaching out because we help companies like Inferra with keeping your CRM data clean as you grow. We built a data-enrichment service that a few teams in your space have found useful. In practice, this usually means less manual work for your team and faster turnaround on the tasks that used to take hours.

Anyway, just wanted to share this in case it's useful.

Best regards,
Jamie at Northstar Sales",76,0,0,0,1,0,formal,medium,0
b8fa3687d6,URGENT: Don't miss out on this deal,"To Whom It May Concern,

We offer a data-enrichment service that helps businesses with cutting the time your team spends on manual data entry. I wanted to see if this might be relevant for your team.

You can grab 15 minutes directly on my calendar: https://cal.example.com/3f5fad

Best,
Alex, Head of Partnerships at Loopwave",58,0,1,1,0,0,spammy,short,1
9759d0dc26,Following up,"Hi there,

We offer a sales-engagement platform that helps businesses with making your onboarding emails feel less robotic. I wanted to see if this might be relevant for your team. In practice, this usually means less manual work for your team and faster turnaround on the tasks that used to take hours.

Let me know if you'd like a short demo — happy to work around your schedule.

Best regards,
Jamie at Northstar Sales",75,0,1,0,0,0,formal,medium,0
3b5a05c305,Checking in,"To Whom It May Concern,

We offer a churn-prediction dashboard that helps businesses with scaling your outbound without losing personalization. I wanted to see if this might be relevant for your team. In practice, this usually means less manual work for your team and faster turnaround on the tasks that used to take hours. We've seen teams cut this kind of overhead significantly within the first few weeks, and the setup itself takes less than a day with support from our onboarding team. Happy to share a couple of examples from companies in a similar space if that would help you evaluate whether this is worth exploring further on your end.

Anyway, just wanted to share this in case it's useful. Is this something your team would be open to exploring?

Best regards,
Priya from DataForge",139,1,0,0,0,0,formal,long,0
15b51f6323,Helping Cargopath Logistics with reducing churn,"Hi Nina,

I noticed Cargopath Logistics has been focused on reducing churn in your onboarding funnel, and thought I'd reach out. We built a lightweight CRM add-on that helps teams like yours with exactly that. In practice, this usually means less manual work for your team and faster turnaround on the tasks that used to take hours. We've seen teams cut this kind of overhead significantly within the first few weeks, and the setup itself takes less than a day with support from our onboarding team. Happy to share a couple of examples from companies in a similar space if that would help you evaluate whether this is worth exploring further on your end.

No worries either way — just thought I'd reach out. Is this something you would be open to exploring?

Best,
Sarah",138,1,0,0,2,0,casual,long,0
b8b4d31eb1,Saw Equora Capital's recent growth — quick thought,"Hello James,

I'm reaching out because we help companies like Equora Capital with automating your lead qualification process. We built a workflow automation tool that a few teams in your space have found useful. In practice, this usually means less manual work for your team and faster turnaround on the tasks that used to take hours.

Thanks for reading, and have a great rest of your week. Is this something you would be open to exploring?

Best,
Priya",79,1,0,0,1,0,casual,medium,1
c0b1732cc4,Boost your revenue by 300% instantly,"Hi Wei,

I'm reaching out because we help companies like Inferra with making your onboarding emails feel less robotic. We built a scheduling assistant that a few teams in your space have found useful. In practice, this usually means less manual work for your team and faster turnaround on the tasks that used to take hours. We've seen teams cut this kind of overhead significantly within the first few weeks, and the setup itself takes less than a day with support from our onboarding team. Happy to share a couple of examples from companies in a similar space if that would help you evaluate whether this is worth exploring further on your end.

Thanks for reading, and have a great rest of your week.

Best,
the",128,0,0,0,1,0,spammy,long,0
8506be52c7,URGENT: Don't miss out on this deal,"Hello,

We offer a data-enrichment service that helps businesses with getting more signal from your website traffic. I wanted to see if this might be relevant for your team. In practice, this usually means less manual work for your team and faster turnaround on the tasks that used to take hours. We've seen teams cut this kind of overhead significantly within the first few weeks, and the setup itself takes less than a day with support from our onboarding team. Happy to share a couple of examples from companies in a similar space if that would help you evaluate whether this is worth exploring further on your end.

Anyway, just wanted to share this in case it's useful.

Best,
Sarah",123,0,0,0,0,0,spammy,long,1
ba9e9ba894,Following up,"To Whom It May Concern,

We offer a lightweight CRM add-on that helps businesses with getting more signal from your website traffic. I wanted to see if this might be relevant for your team. In practice, this usually means less manual work for your team and faster turnaround on the tasks that used to take hours.

Feel free to book a slot here: https://meetings.example.com/cfff25 Is this something your team would be open to exploring?

Best,
the",81,1,1,1,0,0,casual,medium,0
3694534216,Quick question,"Hi there,

We offer a churn-prediction dashboard that helps businesses with cutting the time your team spends on manual data entry. I wanted to see if this might be relevant for your team. In practice, this usually means less manual work for your team and faster turnaround on the tasks that used to take hours.

Here's a short demo video if that's easier: https://demo.example.com/4cd3d6 Is this something your team would be open to exploring?

Best,
Jamie",83,1,1,1,0,0,casual,medium,1
a556a7dbf9,Helping Payflow with improving reply,"Hey Nina,

I noticed Payflow has been focused on improving reply rates on cold outreach, and thought I'd reach out. We built a scheduling assistant that helps teams like yours with exactly that. In practice, this usually means less manual work for your team and faster turnaround on the tasks that used to take hours.

Would you be open to a quick 15-minute call this week.

Best,
the",70,0,1,0,2,0,casual,medium,1
9109816740,Re: Re: Following up on my last email,"Hello,

We offer a workflow automation tool that helps businesses with making your onboarding emails feel less robotic. I wanted to see if this might be relevant for your team. In practice, this usually means less manual work for your team and faster turnaround on the tasks that used to take hours.

Can I send over a one-pager, or would a call be easier?

Best,
Priya",67,1,1,0,0,0,spammy,medium,0
2a76db5e85,Idea for Cura Health's outbound,"Hello Priya,

I'm reaching out because we help companies like Cura Health with reducing no-shows on booked calls. We built a sales-engagement platform that a few teams in your space have found useful. In practice, this usually means less manual work for your team and faster turnaround on the tasks that used to take hours.

Thanks for reading, and have a great rest of your week.

Best regards,
Jamie at Northstar Sales",75,0,0,0,1,0,formal,medium,0
5b5d5bd431,"Sarah, quick question about Axion Systems","Hi Sarah,

I noticed Axion Systems has been focused on making your onboarding emails feel less robotic, and thought I'd reach out. We built a sales-engagement platform that helps teams like yours with exactly that. In practice, this usually means less manual work for your team and faster turnaround on the tasks that used to take hours.

Anyway, just wanted to share this in case it's useful. Is this something you would be open to exploring?

Best regards,
Jamie at Northstar Sales",85,1,0,0,2,0,formal,medium,0
5743237278,"Fatima, quick question about Cargopath Logistics","Hi Fatima,

I noticed Cargopath Logistics has been focused on shortening your sales cycle, and thought I'd reach out. We built a workflow automation tool that helps teams like yours with exactly that.

Let me know if you'd like a short demo — happy to work around your schedule.

Best regards,
Alex, Head of Partnerships at Loopwave",58,0,1,0,2,0,formal,short,0
c3b6fc4052,URGENT: Don't miss out on this deal,"Hello Chloe,

I noticed Northpay has been focused on reducing no-shows on booked calls, and thought I'd reach out. We built an AI-based email assistant that helps teams like yours with exactly that. In practice, this usually means less manual work for your team and faster turnaround on the tasks that used to take hours.

Let me know if you'd like a short demo — happy to work around your schedule. Is this something you would be open to exploring?

Best,
the",85,1,1,0,2,0,spammy,medium,0
314fc4428e,Following up,"Hello,

We offer a sales-engagement platform that helps businesses with improving reply rates on cold outreach. I wanted to see if this might be relevant for your team.

Worth a quick chat? I can send over a couple of time slots.

Best regards,
Jamie at Northstar Sales",48,1,1,0,0,0,formal,short,1
5bad5e4a24,Saw Streamline Freight's recent growth — quick thought,"Hello Julia,

I noticed Streamline Freight has been focused on improving reply rates on cold outreach, and thought I'd reach out. We built a workflow automation tool that helps teams like yours with exactly that. In practice, this usually means less manual work for your team and faster turnaround on the tasks that used to take hours.

Let me know if you'd like a short demo — happy to work around your schedule.

Best regards,
Sarah from GrowthPilot",79,0,1,0,2,0,formal,medium,0
03f406b51f,Checking in,"Hello,

We offer an AI-based email assistant that helps businesses with scaling your outbound without losing personalization. I wanted to see if this might be relevant for your team.

Here's a short demo video if that's easier: https://demo.example.com/c15d19

Best regards,
Priya from DataForge",50,0,1,1,0,0,formal,short,0
04a123df4e,Amazing opportunity you can't miss!!!,"Hey Sarah,

I noticed Medisync Health has been focused on reducing no-shows on booked calls, and thought I'd reach out. We built a churn-prediction dashboard that helps teams like yours with exactly that. In practice, this usually means less manual work for your team and faster turnaround on the tasks that used to take hours.

No worries either way — just thought I'd reach out. Is this something you would be open to exploring?

Best,
Alex, Head of Partnerships at Loopwave",84,1,0,0,2,0,spammy,medium,1
0259a477b4,Boost your revenue by 300% instantly,"Hey Laura,

I noticed Foundry Labs has been focused on reducing churn in your onboarding funnel, and thought I'd reach out. We built an AI-based email assistant that helps teams like yours with exactly that. In practice, this usually means less manual work for your team and faster turnaround on the tasks that used to take hours. We've seen teams cut this kind of overhead significantly within the first few weeks, and the setup itself takes less than a day with support from our onboarding team. Happy to share a couple of examples from companies in a similar space if that would help you evaluate whether this is worth exploring further on your end.

Thanks for reading, and have a great rest of your week. Is this something you would be open to exploring?

Best,
Jamie",139,1,0,0,2,0,spammy,long,1
0008f30e8b,Idea for Medisync Health's outbound,"Hey Priya,

I noticed Medisync Health has been focused on getting more signal from your website traffic, and thought I'd reach out. We built a lightweight CRM add-on that helps teams like yours with exactly that. In practice, this usually means less manual work for your team and faster turnaround on the tasks that used to take hours.

Would you be open to a quick 15-minute call this week.

Best,
Jamie",74,0,1,0,2,0,casual,medium,0
9bdc8360fd,Idea for Medisync Health's outbound,"Hello Wei,

I'm reaching out because we help companies like Medisync Health with improving reply rates on cold outreach. We built a sales-engagement platform that a few teams in your space have found useful.

Reply with a good time and I'll send a calendar invite.

Best regards,
Sarah from GrowthPilot",53,0,1,0,1,0,formal,short,0
0774c10a4b,Following up,"Hey Chloe,

I'm reaching out because we help companies like Streamline Freight with scaling your outbound without losing personalization. We built a churn-prediction dashboard that a few teams in your space have found useful.

Thanks for reading, and have a great rest of your week. Is this something you would be open to exploring?

Best regards,
Alex, Head of Partnerships at Loopwave",64,1,0,0,1,0,formal,short,1
2cdc03c3b3,"Nina, quick question about Cura Health","Hi Nina,

I noticed Cura Health has been focused on reducing churn in your onboarding funnel, and thought I'd reach out. We built a churn-prediction dashboard that helps teams like yours with exactly that.

No worries either way — just thought I'd reach out. Is this something you would be open to exploring?

Best regards,
Priya from DataForge",60,1,0,0,2,0,formal,short,1
712f1f3217,Saw Bottega Retail's recent growth — quick thought,"Hi Lucas,

I noticed Bottega Retail has been focused on cutting the time your team spends on manual data entry, and thought I'd reach out. We built a churn-prediction dashboard that helps teams like yours with exactly that.

Thanks for reading, and have a great rest of your week. Is this something you would be open to exploring?

Best,
the",62,1,0,0,2,0,casual,short,0
5d4c856ae8,Helping Modela with getting more,"Hello Thomas,

I'm reaching out because we help companies like Modela with getting more signal from your website traffic. We built a lead-scoring API that a few teams in your space have found useful. In practice, this usually means less manual work for your team and faster turnaround on the tasks that used to take hours.

No worries either way — just thought I'd reach out. Is this something you would be open to exploring?

Best,
Alex, Head of Partnerships at Loopwave",84,1,0,0,1,0,casual,medium,0
abc46521eb,Helping Cargopath Logistics with making your,"Hello Wei,

I noticed Cargopath Logistics has been focused on making your onboarding emails feel less robotic, and thought I'd reach out. We built a data-enrichment service that helps teams like yours with exactly that. In practice, this usually means less manual work for your team and faster turnaround on the tasks that used to take hours.

No worries either way — just thought I'd reach out. Is this something you would be open to exploring?

Best,
Alex, Head of Partnerships at Loopwave",85,1,0,0,2,0,casual,medium,1
c3081c004f,"Elena, quick question about Northpay","Hello Elena,

I'm reaching out because we help companies like Northpay with shortening your sales cycle. We built a scheduling assistant that a few teams in your space have found useful. In practice, this usually means less manual work for your team and faster turnaround on the tasks that used to take hours.

Feel free to book a slot here: https://meetings.example.com/aab619

Best,
the",68,0,1,1,1,0,casual,medium,1
b0251398f6,Boost your revenue by 300% instantly,"Hello Carlos,

I'm reaching out because we help companies like Axion Systems with keeping your CRM data clean as you grow. We built a data-enrichment service that a few teams in your space have found useful. In practice, this usually means less manual work for your team and faster turnaround on the tasks that used to take hours.

You can grab 15 minutes directly on my calendar: https://cal.example.com/5405a0

Best,
Priya",76,0,1,1,1,0,spammy,medium,0
5bd562e20a,Quick question,"Hey Wei,

I'm reaching out because we help companies like Cargopath Logistics with reducing no-shows on booked calls. We built a sales-engagement platform that a few teams in your space have found useful.

Can I send over a one-pager, or would a call be easier?

Best regards,
Alex, Head of Partnerships at Loopwave",57,1,1,0,1,0,formal,short,1
ea013154ad,Helping Foundry Labs with shortening your,"Hey Emma,

I'm reaching out because we help companies like Foundry Labs with shortening your sales cycle. We built a data-enrichment service that a few teams in your space have found useful.

Reply with a good time and I'll send a calendar invite. Is this something you would be open to exploring?

Best,
Sarah",57,1,1,0,1,0,casual,short,1
de1cb75820,Introduction,"Hi Nina,

I'm reaching out because we help companies like Cargopath Logistics with improving reply rates on cold outreach. We built a workflow automation tool that a few teams in your space have found useful. In practice, this usually means less manual work for your team and faster turnaround on the tasks that used to take hours.

Reply with a good time and I'll send a calendar invite.

Best,
Jamie",72,0,1,0,1,0,casual,medium,1
720457c607,Introduction,"To Whom It May Concern,

We offer a lightweight CRM add-on that helps businesses with shortening your sales cycle. I wanted to see if this might be relevant for your team.

Let me know if you'd like a short demo — happy to work around your schedule.

Best regards,
Alex, Head of Partnerships at Loopwave",56,0,1,0,0,0,formal,short,0
f17dde6966,Helping Inferra with scaling your,"Hello Thomas,

I noticed Inferra has been focused on scaling your outbound without losing personalization, and thought I'd reach out. We built a workflow automation tool that helps teams like yours with exactly that. In practice, this usually means less manual work for your team and faster turnaround on the tasks that used to take hours.

Worth a quick chat? I can send over a couple of time slots.

Best regards,
Priya from DataForge",75,1,1,0,2,0,formal,medium,1
860bae37e6,Helping Cura Health with cutting the,"Hello Sarah,

I noticed Cura Health has been focused on cutting the time your team spends on manual data entry, and thought I'd reach out. We built a sales-engagement platform that helps teams like yours with exactly that.

Can I send over a one-pager, or would a call be easier.

Best,
Priya",55,0,1,0,2,0,casual,short,0
2b4c5675be,Helping Brightloop with automating your,"Hey Elena,

I noticed Brightloop has been focused on automating your lead qualification process, and thought I'd reach out. We built a scheduling assistant that helps teams like yours with exactly that. In practice, this usually means less manual work for your team and faster turnaround on the tasks that used to take hours. We've seen teams cut this kind of overhead significantly within the first few weeks, and the setup itself takes less than a day with support from our onboarding team. Happy to share a couple of examples from companies in a similar space if that would help you evaluate whether this is worth exploring further on your end.

Let me know if you'd like a short demo — happy to work around your schedule.

Best regards,
Jamie at Northstar Sales",135,0,1,0,2,0,formal,long,0
362e6aab64,Partnership opportunity,"Hi Michael,

I'm reaching out because we help companies like Modela with reducing churn in your onboarding funnel. We built a workflow automation tool that a few teams in your space have found useful. In practice, this usually means less manual work for your team and faster turnaround on the tasks that used to take hours.

Anyway, just wanted to share this in case it's useful.

Best,
Jamie",70,0,0,0,1,0,casual,medium,1
1d0c287f78,Helping Foundry Labs with shortening your,"Hey Daniel,

I'm reaching out because we help companies like Foundry Labs with shortening your sales cycle. We built a lightweight CRM add-on that a few teams in your space have found useful. In practice, this usually means less manual work for your team and faster turnaround on the tasks that used to take hours.

No worries either way — just thought I'd reach out.

Best,
Jamie",69,0,0,0,1,0,casual,medium,1
c25e3bacdc,"Daniel, quick question about Foundry Labs","Hey Daniel,

I'm reaching out because we help companies like Foundry Labs with cutting the time your team spends on manual data entry. We built a scheduling assistant that a few teams in your space have found useful.

Would you be open to a quick 15-minute call this week.

Best regards,
Jamie at Northstar Sales",57,0,1,0,1,0,formal,short,0
9e5f8091d1,"Daniel, quick question about Atelier Commerce","Hello Daniel,

I noticed Atelier Commerce has been focused on shortening your sales cycle, and thought I'd reach out. We built a sales-engagement platform that helps teams like yours with exactly that.

Thanks for reading, and have a great rest of your week.

Best,
Jamie",47,0,0,0,2,0,casual,short,1
fb6f40ad03,Boost your revenue by 300% instantly,"Hello Carlos,

I'm reaching out because we help companies like Streamline Freight with improving reply rates on cold outreach. We built an AI-based email assistant that a few teams in your space have found useful. In practice, this usually means less manual work for your team and faster turnaround on the tasks that used to take hours.

Worth a quick chat.

Best,
Jamie",65,0,1,0,1,0,spammy,medium,1
737e3b69e0,Re: Re: Following up on my last email,"Hi Julia,

I'm reaching out because we help companies like Cascade Analytics with making your onboarding emails feel less robotic. We built a lead-scoring API that a few teams in your space have found useful. In practice, this usually means less manual work for your team and faster turnaround on the tasks that used to take hours. We've seen teams cut this kind of overhead significantly within the first few weeks, and the setup itself takes less than a day with support from our onboarding team. Happy to share a couple of examples from companies in a similar space if that would help you evaluate whether this is worth exploring further on your end.

Thanks for reading, and have a great rest of your week.

Best,
Priya",130,0,0,0,1,0,spammy,long,0
cd3685d92e,Checking in,"To Whom It May Concern,

We offer a scheduling assistant that helps businesses with cutting the time your team spends on manual data entry. I wanted to see if this might be relevant for your team.

Reply with a good time and I'll send a calendar invite. Is this something your team would be open to exploring?

Best,
Jamie",60,1,1,0,0,0,casual,short,0
b5c0671514,Partnership opportunity,"Hello Omar,

I'm reaching out because we help companies like Inferra with reducing churn in your onboarding funnel. We built a workflow automation tool that a few teams in your space have found useful. In practice, this usually means less manual work for your team and faster turnaround on the tasks that used to take hours. We've seen teams cut this kind of overhead significantly within the first few weeks, and the setup itself takes less than a day with support from our onboarding team. Happy to share a couple of examples from companies in a similar space if that would help you evaluate whether this is worth exploring further on your end.

Reply with a good time and I'll send a calendar invite. Is this something you would be open to exploring?

Best regards,
Jamie at Northstar Sales",142,1,1,0,1,0,formal,long,1
8411755818,Helping Northpay with improving reply,"Hello Marco,

I noticed Northpay has been focused on improving reply rates on cold outreach, and thought I'd reach out. We built a data-enrichment service that helps teams like yours with exactly that. In practice, this usually means less manual work for your team and faster turnaround on the tasks that used to take hours.

Anyway, just wanted to share this in case it's useful.

Best,
Jamie",70,0,0,0,2,0,casual,medium,0
2ee2e3df1e,FINAL NOTICE: Limited time offer,"Hey Thomas,

I noticed Modela has been focused on improving reply rates on cold outreach, and thought I'd reach out. We built a scheduling assistant that helps teams like yours with exactly that. In practice, this usually means less manual work for your team and faster turnaround on the tasks that used to take hours.

Would you be open to a quick 15-minute call this week.

Best,
Alex, Head of Partnerships at Loopwave",75,0,1,0,2,0,spammy,medium,1
3da754890d,Introduction,"Hi Emma,

I'm reaching out because we help companies like Atelier Commerce with improving reply rates on cold outreach. We built a lead-scoring API that a few teams in your space have found useful. In practice, this usually means less manual work for your team and faster turnaround on the tasks that used to take hours. We've seen teams cut this kind of overhead significantly within the first few weeks, and the setup itself takes less than a day with support from our onboarding team. Happy to share a couple of examples from companies in a similar space if that would help you evaluate whether this is worth exploring further on your end.

Feel free to book a slot here: https://meetings.example.com/26b1e5

Best regards,
Priya from DataForge",133,0,1,1,1,0,formal,long,0
7d0a506532,Re: Re: Following up on my last email,"Hi Anna,

I noticed Clarity Health has been focused on cutting the time your team spends on manual data entry, and thought I'd reach out. We built an AI-based email assistant that helps teams like yours with exactly that.

Anyway, just wanted to share this in case it's useful.

Best,
the",54,0,0,0,2,0,spammy,short,1
89a9ded07c,Helping Modela with improving reply,"Hey Fatima,

I noticed Modela has been focused on improving reply rates on cold outreach, and thought I'd reach out. We built a sales-engagement platform that helps teams like yours with exactly that. In practice, this usually means less manual work for your team and faster turnaround on the tasks that used to take hours.

Can I send over a one-pager, or would a call be easier.

Best,
Alex, Head of Partnerships at Loopwave",77,0,1,0,2,0,casual,medium,1
a96f614a28,"Nina, quick question about Payflow","Hello Nina,

I'm reaching out because we help companies like Payflow with improving reply rates on cold outreach. We built a sales-engagement platform that a few teams in your space have found useful.

Thanks for reading, and have a great rest of your week. Is this something you would be open to exploring?

Best,
Sarah",57,1,0,0,1,0,casual,short,1
53406831ae,Introduction,"Good morning,

We offer an AI-based email assistant that helps businesses with reducing no-shows on booked calls. I wanted to see if this might be relevant for your team. In practice, this usually means less manual work for your team and faster turnaround on the tasks that used to take hours. We've seen teams cut this kind of overhead significantly within the first few weeks, and the setup itself takes less than a day with support from our onboarding team. Happy to share a couple of examples from companies in a similar space if that would help you evaluate whether this is worth exploring further on your end.

Worth a quick chat.

Best regards,
the team at Signalfy",121,0,1,0,0,0,formal,long,0
83d9c624be,Re: Re: Following up on my last email,"Hello,

We offer a churn-prediction dashboard that helps businesses with automating your lead qualification process. I wanted to see if this might be relevant for your team. In practice, this usually means less manual work for your team and faster turnaround on the tasks that used to take hours.

Feel free to book a slot here: https://meetings.example.com/77030f Is this something your team would be open to exploring?

Best,
Sarah",74,1,1,1,0,0,spammy,medium,1
09f9dd1f47,FINAL NOTICE: Limited time offer,"Hey Sarah,

I'm reaching out because we help companies like Clarity Health with shortening your sales cycle. We built a lead-scoring API that a few teams in your space have found useful. In practice, this usually means less manual work for your team and faster turnaround on the tasks that used to take hours.

Feel free to book a slot here: https://meetings.example.com/b2e2ef Is this something you would be open to exploring?

Best,
the",79,1,1,1,1,0,spammy,medium,0
0e306a04d8,Quick question,"Hello,

We offer a data-enrichment service that helps businesses with cutting the time your team spends on manual data entry. I wanted to see if this might be relevant for your team. In practice, this usually means less manual work for your team and faster turnaround on the tasks that used to take hours. We've seen teams cut this kind of overhead significantly within the first few weeks, and the setup itself takes less than a day with support from our onboarding team. Happy to share a couple of examples from companies in a similar space if that would help you evaluate whether this is worth exploring further on your end.

Anyway, just wanted to share this in case it's useful. Is this something your team would be open to exploring?

Best regards,
Sarah from GrowthPilot",139,1,0,0,0,0,formal,long,1
5950518733,Saw Atelier Commerce's recent growth — quick thought,"Hey Daniel,

I noticed Atelier Commerce has been focused on shortening your sales cycle, and thought I'd reach out. We built a sales-engagement platform that helps teams like yours with exactly that.

Here's a short demo video if that's easier: https://demo.example.com/485bf5 Is this something you would be open to exploring?

Best,
Jamie",60,1,1,1,2,0,casual,short,0
fa89cc7ce1,Helping Medisync Health with cutting the,"Hello Nina,

I noticed Medisync Health has been focused on cutting the time your team spends on manual data entry, and thought I'd reach out. We built a sales-engagement platform that helps teams like yours with exactly that. In practice, this usually means less manual work for your team and faster turnaround on the tasks that used to take hours. We've seen teams cut this kind of overhead significantly within the first few weeks, and the setup itself takes less than a day with support from our onboarding team. Happy to share a couple of examples from companies in a similar space if that would help you evaluate whether this is worth exploring further on your end.

Would you be open to a quick 15-minute call this week?

Best regards,
the team at Signalfy",138,1,1,0,2,0,formal,long,1
2e5d8a13ea,"Carlos, quick question about Modela","Hey Carlos,

I noticed Modela has been focused on cutting the time your team spends on manual data entry, and thought I'd reach out. We built a workflow automation tool that helps teams like yours with exactly that. In practice, this usually means less manual work for your team and faster turnaround on the tasks that used to take hours. We've seen teams cut this kind of overhead significantly within the first few weeks, and the setup itself takes less than a day with support from our onboarding team. Happy to share a couple of examples from companies in a similar space if that would help you evaluate whether this is worth exploring further on your end.

Anyway, just wanted to share this in case it's useful.

Best regards,
Priya from DataForge",135,0,0,0,2,0,formal,long,1
8de919878c,Helping Inferra with reducing no-shows,"Hey Chloe,

I noticed Inferra has been focused on reducing no-shows on booked calls, and thought I'd reach out. We built a sales-engagement platform that helps teams like yours with exactly that.

No worries either way — just thought I'd reach out.

Best,
Priya",47,0,0,0,2,0,casual,short,1
2f3c07b6ce,Introduction,"Hi Chloe,

I'm reaching out because we help companies like Payflow with improving reply rates on cold outreach. We built a workflow automation tool that a few teams in your space have found useful. In practice, this usually means less manual work for your team and faster turnaround on the tasks that used to take hours. We've seen teams cut this kind of overhead significantly within the first few weeks, and the setup itself takes less than a day with support from our onboarding team. Happy to share a couple of examples from companies in a similar space if that would help you evaluate whether this is worth exploring further on your end.

You can grab 15 minutes directly on my calendar: https://cal.example.com/76f6db

Best regards,
Priya from DataForge",134,0,1,1,1,0,formal,long,0
1f2aff3b95,"Thomas, quick question about Streamline Freight","Hey Thomas,

I'm reaching out because we help companies like Streamline Freight with getting more signal from your website traffic. We built a churn-prediction dashboard that a few teams in your space have found useful. In practice, this usually means less manual work for your team and faster turnaround on the tasks that used to take hours. We've seen teams cut this kind of overhead significantly within the first few weeks, and the setup itself takes less than a day with support from our onboarding team. Happy to share a couple of examples from companies in a similar space if that would help you evaluate whether this is worth exploring further on your end.

You can grab 15 minutes directly on my calendar: https://cal.example.com/cb3a84

Best regards,
Jamie at Northstar Sales",137,0,1,1,1,0,formal,long,1
277af90216,Following up,"Hey Sophie,

I'm reaching out because we help companies like Foundry Labs with making your onboarding emails feel less robotic. We built a data-enrichment service that a few teams in your space have found useful.

Anyway, just wanted to share this in case it's useful.

Best regards,
Alex, Head of Partnerships at Loopwave",56,0,0,0,1,0,formal,short,1
f27072922c,Idea for Modela's outbound,"Hi Carlos,

I noticed Modela has been focused on shortening your sales cycle, and thought I'd reach out. We built an AI-based email assistant that helps teams like yours with exactly that. In practice, this usually means less manual work for your team and faster turnaround on the tasks that used to take hours. We've seen teams cut this kind of overhead significantly within the first few weeks, and the setup itself takes less than a day with support from our onboarding team. Happy to share a couple of examples from companies in a similar space if that would help you evaluate whether this is worth exploring further on your end.

Would you be open to a quick 15-minute call this week.

Best,
Jamie",128,0,1,0,2,0,casual,long,0
05d84aba96,Following up,"Good morning,

We offer a scheduling assistant that helps businesses with reducing churn in your onboarding funnel. I wanted to see if this might be relevant for your team. In practice, this usually means less manual work for your team and faster turnaround on the tasks that used to take hours.

Let me know if you'd like a short demo — happy to work around your schedule. Is this something your team would be open to exploring?

Best,
Alex, Head of Partnerships at Loopwave",84,1,1,0,0,0,casual,medium,1
342ca4256d,Partnership opportunity,"Hi Daniel,

I'm reaching out because we help companies like Tendr Finance with shortening your sales cycle. We built a lead-scoring API that a few teams in your space have found useful.

Let me know if you'd like a short demo — happy to work around your schedule.

Best regards,
the team at Signalfy",56,0,1,0,1,0,formal,short,1
687267efd5,Saw Clarity Health's recent growth — quick thought,"Hello Julia,

I noticed Clarity Health has been focused on improving reply rates on cold outreach, and thought I'd reach out. We built a sales-engagement platform that helps teams like yours with exactly that.

Let me know if you'd like a short demo — happy to work around your schedule.

Best,
the",54,0,1,0,2,0,casual,short,0
e59fa383a2,FINAL NOTICE: Limited time offer,"Hi Elena,

I'm reaching out because we help companies like Modela with reducing no-shows on booked calls. We built a data-enrichment service that a few teams in your space have found useful.

You can grab 15 minutes directly on my calendar: https://cal.example.com/1705e0 Is this something you would be open to exploring?

Best,
Jamie",60,1,1,1,1,0,spammy,short,0
64087fede1,Re: Re: Following up on my last email,"Hello,

We offer an AI-based email assistant that helps businesses with keeping your CRM data clean as you grow. I wanted to see if this might be relevant for your team. In practice, this usually means less manual work for your team and faster turnaround on the tasks that used to take hours.

Here's a short demo video if that's easier: https://demo.example.com/3f0850 Is this something your team would be open to exploring?

Best,
Jamie",81,1,1,1,0,0,spammy,medium,1
bc2b748eab,Quick question,"Hello Anna,

I'm reaching out because we help companies like Payflow with getting more signal from your website traffic. We built a sales-engagement platform that a few teams in your space have found useful. In practice, this usually means less manual work for your team and faster turnaround on the tasks that used to take hours. We've seen teams cut this kind of overhead significantly within the first few weeks, and the setup itself takes less than a day with support from our onboarding team. Happy to share a couple of examples from companies in a similar space if that would help you evaluate whether this is worth exploring further on your end.

Can I send over a one-pager, or would a call be easier?

Best regards,
the team at Signalfy",135,1,1,0,1,0,formal,long,0
94bb703b80,Partnership opportunity,"Hi Ravi,

I'm reaching out because we help companies like Tendr Finance with getting more signal from your website traffic. We built a churn-prediction dashboard that a few teams in your space have found useful. In practice, this usually means less manual work for your team and faster turnaround on the tasks that used to take hours.

Let me know if you'd like a short demo — happy to work around your schedule.

Best,
Sarah",77,0,1,0,1,0,casual,medium,0
6e87fec2d7,Helping Northpay with shortening your,"Hello David,

I noticed Northpay has been focused on shortening your sales cycle, and thought I'd reach out. We built a scheduling assistant that helps teams like yours with exactly that. In practice, this usually means less manual work for your team and faster turnaround on the tasks that used to take hours.

No worries either way — just thought I'd reach out. Is this something you would be open to exploring?

Best,
Alex, Head of Partnerships at Loopwave",80,1,0,0,2,0,casual,medium,1
2a451dabbe,Helping Nordica Retail with making your,"Hello James,

I noticed Nordica Retail has been focused on making your onboarding emails feel less robotic, and thought I'd reach out. We built a lightweight CRM add-on that helps teams like yours with exactly that. In practice, this usually means less manual work for your team and faster turnaround on the tasks that used to take hours. We've seen teams cut this kind of overhead significantly within the first few weeks, and the setup itself takes less than a day with support from our onboarding team. Happy to share a couple of examples from companies in a similar space if that would help you evaluate whether this is worth exploring further on your end.

Anyway, just wanted to share this in case it's useful.

Best regards,
Alex, Head of Partnerships at Loopwave",137,0,0,0,2,0,formal,long,0
5e9d34b6e9,Idea for Payflow's outbound,"Hey Anna,

I noticed Payflow has been focused on reducing no-shows on booked calls, and thought I'd reach out. We built a workflow automation tool that helps teams like yours with exactly that.

Thanks for reading, and have a great rest of your week. Is this something you would be open to exploring?

Best regards,
Sarah from GrowthPilot",60,1,0,0,2,0,formal,short,1
3fba01cfc1,Boost your revenue by 300% instantly,"Hi Carlos,

I noticed Atelier Commerce has been focused on making your onboarding emails feel less robotic, and thought I'd reach out. We built a data-enrichment service that helps teams like yours with exactly that. In practice, this usually means less manual work for your team and faster turnaround on the tasks that used to take hours. We've seen teams cut this kind of overhead significantly within the first few weeks, and the setup itself takes less than a day with support from our onboarding team. Happy to share a couple of examples from companies in a similar space if that would help you evaluate whether this is worth exploring further on your end.

No worries either way — just thought I'd reach out. Is this something you would be open to exploring?

Best,
the",138,1,0,0,2,0,spammy,long,0
5226379458,Amazing opportunity you can't miss!!!,"Hey Nina,

I'm reaching out because we help companies like Equora Capital with automating your lead qualification process. We built a churn-prediction dashboard that a few teams in your space have found useful. In practice, this usually means less manual work for your team and faster turnaround on the tasks that used to take hours.

Anyway, just wanted to share this in case it's useful. Is this something you would be open to exploring?

Best,
Alex, Head of Partnerships at Loopwave",84,1,0,0,1,0,spammy,medium,0
06817c4008,Idea for Nordica Retail's outbound,"Hi Anna,

I noticed Nordica Retail has been focused on getting more signal from your website traffic, and thought I'd reach out. We built a workflow automation tool that helps teams like yours with exactly that. In practice, this usually means less manual work for your team and faster turnaround on the tasks that used to take hours. We've seen teams cut this kind of overhead significantly within the first few weeks, and the setup itself takes less than a day with support from our onboarding team. Happy to share a couple of examples from companies in a similar space if that would help you evaluate whether this is worth exploring further on your end.

Here's a short demo video if that's easier: https://demo.example.com/568590 Is this something you would be open to exploring?

Best,
Jamie",143,1,1,1,2,0,casual,long,1
f50b01717c,Idea for Axion Systems's outbound,"Hey Sophie,

I noticed Axion Systems has been focused on reducing churn in your onboarding funnel, and thought I'd reach out. We built a workflow automation tool that helps teams like yours with exactly that.

Anyway, just wanted to share this in case it's useful. Is this something you would be open to exploring?

Best regards,
Alex, Head of Partnerships at Loopwave",64,1,0,0,2,0,formal,short,0
afcc60f0e2,Saw Vectra AI's recent growth — quick thought,"Hello Michael,

I noticed Vectra AI has been focused on making your onboarding emails feel less robotic, and thought I'd reach out. We built an AI-based email assistant that helps teams like yours with exactly that. In practice, this usually means less manual work for your team and faster turnaround on the tasks that used to take hours.

Feel free to book a slot here: https://meetings.example.com/14bf05

Best regards,
Jamie at Northstar Sales",78,0,1,1,2,0,formal,medium,1
e710907350,Boost your revenue by 300% instantly,"Hey Noah,

I noticed Payflow has been focused on keeping your CRM data clean as you grow, and thought I'd reach out. We built a workflow automation tool that helps teams like yours with exactly that. In practice, this usually means less manual work for your team and faster turnaround on the tasks that used to take hours.

Reply with a good time and I'll send a calendar invite.

Best,
Priya",73,0,1,0,2,0,spammy,medium,0
e354afca0a,Introduction,"Hey Elena,

I'm reaching out because we help companies like Cura Health with getting more signal from your website traffic. We built a scheduling assistant that a few teams in your space have found useful. In practice, this usually means less manual work for your team and faster turnaround on the tasks that used to take hours.

Would you be open to a quick 15-minute call this week?

Best,
Sarah",72,1,1,0,1,0,casual,medium,1
29d3cbe601,Saw Clarity Health's recent growth — quick thought,"Hey Ravi,

I noticed Clarity Health has been focused on keeping your CRM data clean as you grow, and thought I'd reach out. We built a lead-scoring API that helps teams like yours with exactly that.

No worries either way — just thought I'd reach out.

Best,
Priya",50,0,0,0,2,0,casual,short,0
896b412831,Helping Cascade Analytics with getting more,"Hi Sarah,

I noticed Cascade Analytics has been focused on getting more signal from your website traffic, and thought I'd reach out. We built a data-enrichment service that helps teams like yours with exactly that.

You can grab 15 minutes directly on my calendar: https://cal.example.com/2a2d8b Is this something you would be open to exploring?

Best regards,
Alex, Head of Partnerships at Loopwave",68,1,1,1,2,0,formal,short,0
ade9292f0c,FINAL NOTICE: Limited time offer,"Hello Anna,

I'm reaching out because we help companies like Foundry Labs with shortening your sales cycle. We built a lightweight CRM add-on that a few teams in your space have found useful. In practice, this usually means less manual work for your team and faster turnaround on the tasks that used to take hours.

Anyway, just wanted to share this in case it's useful. Is this something you would be open to exploring?

Best,
Priya",79,1,0,0,1,0,spammy,medium,1
1c28091271,"Maya, quick question about Payflow","Hey Maya,

I'm reaching out because we help companies like Payflow with automating your lead qualification process. We built a sales-engagement platform that a few teams in your space have found useful.

Feel free to book a slot here: https://meetings.example.com/ccd09d Is this something you would be open to exploring?

Best regards,
Jamie at Northstar Sales",61,1,1,1,1,0,formal,short,1
e41ea0d25d,Boost your revenue by 300% instantly,"Hi Noah,

I'm reaching out because we help companies like Foundry Labs with improving reply rates on cold outreach. We built a data-enrichment service that a few teams in your space have found useful. In practice, this usually means less manual work for your team and faster turnaround on the tasks that used to take hours.

Would you be open to a quick 15-minute call this week.

Best,
Alex, Head of Partnerships at Loopwave",77,0,1,0,1,0,spammy,medium,1
9d76e9641e,Re: Re: Following up on my last email,"Hey Chloe,

I'm reaching out because we help companies like Brightloop with automating your lead qualification process. We built a churn-prediction dashboard that a few teams in your space have found useful. In practice, this usually means less manual work for your team and faster turnaround on the tasks that used to take hours.

You can grab 15 minutes directly on my calendar: https://cal.example.com/9e6e0e Is this something you would be open to exploring?

Best,
the",81,1,1,1,1,0,spammy,medium,1
8adef8244d,Introduction,"Hello,

We offer a workflow automation tool that helps businesses with automating your lead qualification process. I wanted to see if this might be relevant for your team. In practice, this usually means less manual work for your team and faster turnaround on the tasks that used to take hours.

Let me know if you'd like a short demo — happy to work around your schedule.

Best regards,
Priya from DataForge",71,0,1,0,0,0,formal,medium,0
87fc50d90e,Partnership opportunity,"To Whom It May Concern,

We offer a churn-prediction dashboard that helps businesses with getting more signal from your website traffic. I wanted to see if this might be relevant for your team. In practice, this usually means less manual work for your team and faster turnaround on the tasks that used to take hours. We've seen teams cut this kind of overhead significantly within the first few weeks, and the setup itself takes less than a day with support from our onboarding team. Happy to share a couple of examples from companies in a similar space if that would help you evaluate whether this is worth exploring further on your end.

Would you be open to a quick 15-minute call this week.

Best,
the",128,0,1,0,0,0,casual,long,0
ea4b767fb2,Checking in,"Hi James,

I'm reaching out because we help companies like Northpay with getting more signal from your website traffic. We built an AI-based email assistant that a few teams in your space have found useful. In practice, this usually means less manual work for your team and faster turnaround on the tasks that used to take hours.

Thanks for reading, and have a great rest of your week. Is this something you would be open to exploring?

Best,
Sarah",81,1,0,0,1,0,casual,medium,1
3661c96162,URGENT: Don't miss out on this deal,"Hey Daniel,

I'm reaching out because we help companies like Cascade Analytics with keeping your CRM data clean as you grow. We built a data-enrichment service that a few teams in your space have found useful.

Thanks for reading, and have a great rest of your week. Is this something you would be open to exploring?

Best,
Priya",60,1,0,0,1,0,spammy,short,0
f65d04c2dd,"Maya, quick question about Modela","Hey Maya,

I noticed Modela has been focused on reducing no-shows on booked calls, and thought I'd reach out. We built a sales-engagement platform that helps teams like yours with exactly that. In practice, this usually means less manual work for your team and faster turnaround on the tasks that used to take hours.

Reply with a good time and I'll send a calendar invite.

Best regards,
Sarah from GrowthPilot",74,0,1,0,2,0,formal,medium,0
8ec05602fe,Following up,"Hi there,

We offer a lightweight CRM add-on that helps businesses with scaling your outbound without losing personalization. I wanted to see if this might be relevant for your team.

You can grab 15 minutes directly on my calendar: https://cal.example.com/ef3469

Best regards,
Priya from DataForge",50,0,1,1,0,0,formal,short,1
742dd035a5,Following up,"Hey Fatima,

I'm reaching out because we help companies like Nordica Retail with reducing no-shows on booked calls. We built a data-enrichment service that a few teams in your space have found useful. In practice, this usually means less manual work for your team and faster turnaround on the tasks that used to take hours.

Worth a quick chat.

Best,
Alex, Head of Partnerships at Loopwave",69,0,1,0,1,0,casual,medium,0
9adb0d313f,Helping Payflow with cutting the,"Hi Emma,

I noticed Payflow has been focused on cutting the time your team spends on manual data entry, and thought I'd reach out. We built a sales-engagement platform that helps teams like yours with exactly that.

Feel free to book a slot here: https://meetings.example.com/241a09

Best,
Jamie",53,0,1,1,2,0,casual,short,0
13dcec0812,Saw Cura Health's recent growth — quick thought,"Hey Wei,

I noticed Cura Health has been focused on making your onboarding emails feel less robotic, and thought I'd reach out. We built a lead-scoring API that helps teams like yours with exactly that. In practice, this usually means less manual work for your team and faster turnaround on the tasks that used to take hours.

Anyway, just wanted to share this in case it's useful.

Best regards,
Priya from DataForge",75,0,0,0,2,0,formal,medium,0
cdb3f48700,Checking in,"Hi Wei,

I'm reaching out because we help companies like Bottega Retail with cutting the time your team spends on manual data entry. We built a scheduling assistant that a few teams in your space have found useful.

Let me know if you'd like a short demo — happy to work around your schedule. Is this something you would be open to exploring?

Best regards,
Priya from DataForge",69,1,1,0,1,0,formal,short,1
4f657db676,Quick question,"Hello,

We offer a data-enrichment service that helps businesses with cutting the time your team spends on manual data entry. I wanted to see if this might be relevant for your team. In practice, this usually means less manual work for your team and faster turnaround on the tasks that used to take hours.

Can I send over a one-pager, or would a call be easier?

Best regards,
the team at Signalfy",74,1,1,0,0,0,formal,medium,0
cb9e5b64db,Helping Tendr Finance with cutting the,"Hi Priya,

I noticed Tendr Finance has been focused on cutting the time your team spends on manual data entry, and thought I'd reach out. We built a workflow automation tool that helps teams like yours with exactly that. In practice, this usually means less manual work for your team and faster turnaround on the tasks that used to take hours.

Would you be open to a quick 15-minute call this week.

Best,
Sarah",76,0,1,0,2,0,casual,medium,0
a11c5d36f1,Helping Clarity Health with getting more,"Hi Ravi,

I noticed Clarity Health has been focused on getting more signal from your website traffic, and thought I'd reach out. We built a lead-scoring API that helps teams like yours with exactly that. In practice, this usually means less manual work for your team and faster turnaround on the tasks that used to take hours. We've seen teams cut this kind of overhead significantly within the first few weeks, and the setup itself takes less than a day with support from our onboarding team. Happy to share a couple of examples from companies in a similar space if that would help you evaluate whether this is worth exploring further on your end.

No worries either way — just thought I'd reach out.

Best,
Priya",129,0,0,0,2,0,casual,long,0
4c6a446bf8,Idea for Axion Systems's outbound,"Hello Emma,

I noticed Axion Systems has been focused on getting more signal from your website traffic, and thought I'd reach out. We built a lightweight CRM add-on that helps teams like yours with exactly that. In practice, this usually means less manual work for your team and faster turnaround on the tasks that used to take hours.

You can grab 15 minutes directly on my calendar: https://cal.example.com/c9b3b5

Best regards,
Jamie at Northstar Sales",80,0,1,1,2,0,formal,medium,1
8f12022155,Saw Tendr Finance's recent growth — quick thought,"Hey Fatima,

I noticed Tendr Finance has been focused on reducing churn in your onboarding funnel, and thought I'd reach out. We built an AI-based email assistant that helps teams like yours with exactly that. In practice, this usually means less manual work for your team and faster turnaround on the tasks that used to take hours. We've seen teams cut this kind of overhead significantly within the first few weeks, and the setup itself takes less than a day with support from our onboarding team. Happy to share a couple of examples from companies in a similar space if that would help you evaluate whether this is worth exploring further on your end.

Thanks for reading, and have a great rest of your week. Is this something you would be open to exploring?

Best regards,
Alex, Head of Partnerships at Loopwave",145,1,0,0,2,0,formal,long,0
095b37ac14,Saw Cura Health's recent growth — quick thought,"Hello Chloe,

I'm reaching out because we help companies like Cura Health with cutting the time your team spends on manual data entry. We built a sales-engagement platform that a few teams in your space have found useful. In practice, this usually means less manual work for your team and faster turnaround on the tasks that used to take hours.

Reply with a good time and I'll send a calendar invite. Is this something you would be open to exploring?

Best regards,
Jamie at Northstar Sales",89,1,1,0,1,0,formal,medium,1
2c9c7387a5,Quick question,"Hello,

We offer a scheduling assistant that helps businesses with getting more signal from your website traffic. I wanted to see if this might be relevant for your team. In practice, this usually means less manual work for your team and faster turnaround on the tasks that used to take hours.

You can grab 15 minutes directly on my calendar: https://cal.example.com/382631 Is this something your team would be open to exploring?

Best,
Sarah",77,1,1,1,0,0,casual,medium,1
4168d7a7c3,FINAL NOTICE: Limited time offer,"Hi Emma,

I noticed Vectra AI has been focused on shortening your sales cycle, and thought I'd reach out. We built a scheduling assistant that helps teams like yours with exactly that. In practice, this usually means less manual work for your team and faster turnaround on the tasks that used to take hours.

You can grab 15 minutes directly on my calendar: https://cal.example.com/6856c4 Is this something you would be open to exploring?

Best,
Priya",80,1,1,1,2,0,spammy,medium,1
9da1d6f886,Checking in,"Good morning,

We offer a lead-scoring API that helps businesses with scaling your outbound without losing personalization. I wanted to see if this might be relevant for your team.

Here's a short demo video if that's easier: https://demo.example.com/cc9fa5 Is this something your team would be open to exploring?

Best,
the",57,1,1,1,0,0,casual,short,1
f98178fcc8,URGENT: Don't miss out on this deal,"Hi there,

We offer a sales-engagement platform that helps businesses with making your onboarding emails feel less robotic. I wanted to see if this might be relevant for your team. In practice, this usually means less manual work for your team and faster turnaround on the tasks that used to take hours.

Reply with a good time and I'll send a calendar invite.

Best,
Jamie",67,0,1,0,0,0,spammy,medium,0
bcaee531c5,Quick question,"Hi there,

We offer a churn-prediction dashboard that helps businesses with reducing no-shows on booked calls. I wanted to see if this might be relevant for your team. In practice, this usually means less manual work for your team and faster turnaround on the tasks that used to take hours.

Worth a quick chat? I can send over a couple of time slots.

Best,
Jamie",67,1,1,0,0,0,casual,medium,0
baab965839,Introduction,"To Whom It May Concern,

We offer a lightweight CRM add-on that helps businesses with improving reply rates on cold outreach. I wanted to see if this might be relevant for your team.

Feel free to book a slot here: https://meetings.example.com/70e53e Is this something your team would be open to exploring?

Best,
Sarah",58,1,1,1,0,0,casual,short,1
b39de766d0,Checking in,"Hello,

We offer a churn-prediction dashboard that helps businesses with reducing no-shows on booked calls. I wanted to see if this might be relevant for your team.

Feel free to book a slot here: https://meetings.example.com/c4c08e Is this something your team would be open to exploring?

Best regards,
Jamie at Northstar Sales",57,1,1,1,0,0,formal,short,1
ac10707ab0,FINAL NOTICE: Limited time offer,"To Whom It May Concern,

We offer a sales-engagement platform that helps businesses with getting more signal from your website traffic. I wanted to see if this might be relevant for your team. In practice, this usually means less manual work for your team and faster turnaround on the tasks that used to take hours.

Anyway, just wanted to share this in case it's useful. Is this something your team would be open to exploring?

Best,
Sarah",79,1,0,0,0,0,spammy,medium,0
11376a3915,Checking in,"Hello Anna,

I'm reaching out because we help companies like Cura Health with scaling your outbound without losing personalization. We built a lead-scoring API that a few teams in your space have found useful.

You can grab 15 minutes directly on my calendar: https://cal.example.com/c713e1

Best,
Sarah",52,0,1,1,1,0,casual,short,0
fac7408b4a,Introduction,"Hi there,

We offer a workflow automation tool that helps businesses with reducing no-shows on booked calls. I wanted to see if this might be relevant for your team.

Anyway, just wanted to share this in case it's useful.

Best regards,
Priya from DataForge",46,0,0,0,0,0,formal,short,1
beb0be2c67,Helping Atelier Commerce with scaling your,"Hi Laura,

I noticed Atelier Commerce has been focused on scaling your outbound without losing personalization, and thought I'd reach out. We built a lightweight CRM add-on that helps teams like yours with exactly that.

Worth a quick chat.

Best,
Priya",43,0,1,0,2,0,casual,short,0
65a026275b,Following up,"Hi Laura,

I'm reaching out because we help companies like Axion Systems with cutting the time your team spends on manual data entry. We built a sales-engagement platform that a few teams in your space have found useful. In practice, this usually means less manual work for your team and faster turnaround on the tasks that used to take hours.

Anyway, just wanted to share this in case it's useful.

Best regards,
Alex, Head of Partnerships at Loopwave",81,0,0,0,1,0,formal,medium,0
26bedeb809,Checking in,"Hello Noah,

I'm reaching out because we help companies like Axion Systems with making your onboarding emails feel less robotic. We built a scheduling assistant that a few teams in your space have found useful.

Anyway, just wanted to share this in case it's useful. Is this something you would be open to exploring?

Best regards,
Sarah from GrowthPilot",61,1,0,0,1,0,formal,short,1
357e66814d,Helping Bottega Retail with improving reply,"Hey Julia,

I noticed Bottega Retail has been focused on improving reply rates on cold outreach, and thought I'd reach out. We built a sales-engagement platform that helps teams like yours with exactly that.

Here's a short demo video if that's easier: https://demo.example.com/ebc826

Best,
Priya",53,0,1,1,2,0,casual,short,1
f04fc15e4c,"Fatima, quick question about Clarity Health","Hey Fatima,

I noticed Clarity Health has been focused on shortening your sales cycle, and thought I'd reach out. We built a scheduling assistant that helps teams like yours with exactly that. In practice, this usually means less manual work for your team and faster turnaround on the tasks that used to take hours. We've seen teams cut this kind of overhead significantly within the first few weeks, and the setup itself takes less than a day with support from our onboarding team. Happy to share a couple of examples from companies in a similar space if that would help you evaluate whether this is worth exploring further on your end.

Here's a short demo video if that's easier: https://demo.example.com/9cf92f

Best,
the",130,0,1,1,2,0,casual,long,1
5bd7f29f15,Idea for Axion Systems's outbound,"Hello Elena,

I noticed Axion Systems has been focused on cutting the time your team spends on manual data entry, and thought I'd reach out. We built a lead-scoring API that helps teams like yours with exactly that. In practice, this usually means less manual work for your team and faster turnaround on the tasks that used to take hours. We've seen teams cut this kind of overhead significantly within the first few weeks, and the setup itself takes less than a day with support from our onboarding team. Happy to share a couple of examples from companies in a similar space if that would help you evaluate whether this is worth exploring further on your end.

Reply with a good time and I'll send a calendar invite.

Best,
the",134,0,1,0,2,0,casual,long,1
f3945c79d7,Introduction,"Hey Sophie,

I'm reaching out because we help companies like Axion Systems with scaling your outbound without losing personalization. We built a sales-engagement platform that a few teams in your space have found useful.

Here's a short demo video if that's easier: https://demo.example.com/201e0a Is this something you would be open to exploring?

Best regards,
Alex, Head of Partnerships at Loopwave",68,1,1,1,1,0,formal,short,1
61c1aafd84,Saw Cascade Analytics's recent growth — quick thought,"Hi Elena,

I noticed Cascade Analytics has been focused on reducing churn in your onboarding funnel, and thought I'd reach out. We built a sales-engagement platform that helps teams like yours with exactly that. In practice, this usually means less manual work for your team and faster turnaround on the tasks that used to take hours. We've seen teams cut this kind of overhead significantly within the first few weeks, and the setup itself takes less than a day with support from our onboarding team. Happy to share a couple of examples from companies in a similar space if that would help you evaluate whether this is worth exploring further on your end.

You can grab 15 minutes directly on my calendar: https://cal.example.com/83e86a

Best regards,
Priya from DataForge",135,0,1,1,2,0,formal,long,1
9503b0b04f,Checking in,"Hi Michael,

I'm reaching out because we help companies like Medisync Health with reducing churn in your onboarding funnel. We built a sales-engagement platform that a few teams in your space have found useful. In practice, this usually means less manual work for your team and faster turnaround on the tasks that used to take hours.

Feel free to book a slot here: https://meetings.example.com/6244f9 Is this something you would be open to exploring?

Best regards,
the team at Signalfy",85,1,1,1,1,0,formal,medium,1
6b989cf175,Following up,"Hi there,

We offer a lead-scoring API that helps businesses with cutting the time your team spends on manual data entry. I wanted to see if this might be relevant for your team. In practice, this usually means less manual work for your team and faster turnaround on the tasks that used to take hours. We've seen teams cut this kind of overhead significantly within the first few weeks, and the setup itself takes less than a day with support from our onboarding team. Happy to share a couple of examples from companies in a similar space if that would help you evaluate whether this is worth exploring further on your end.

Can I send over a one-pager, or would a call be easier.

Best regards,
Sarah from GrowthPilot",132,0,1,0,0,0,formal,long,0
754ed8e8d9,URGENT: Don't miss out on this deal,"To Whom It May Concern,

We offer an AI-based email assistant that helps businesses with making your onboarding emails feel less robotic. I wanted to see if this might be relevant for your team. In practice, this usually means less manual work for your team and faster turnaround on the tasks that used to take hours. We've seen teams cut this kind of overhead significantly within the first few weeks, and the setup itself takes less than a day with support from our onboarding team. Happy to share a couple of examples from companies in a similar space if that would help you evaluate whether this is worth exploring further on your end.

Would you be open to a quick 15-minute call this week?

Best,
Alex, Head of Partnerships at Loopwave",134,1,1,0,0,0,spammy,long,0
668209541b,"Omar, quick question about Streamline Freight","Hi Omar,

I noticed Streamline Freight has been focused on shortening your sales cycle, and thought I'd reach out. We built a scheduling assistant that helps teams like yours with exactly that. In practice, this usually means less manual work for your team and faster turnaround on the tasks that used to take hours.

No worries either way — just thought I'd reach out. Is this something you would be open to exploring?

Best regards,
Sarah from GrowthPilot",79,1,0,0,2,0,formal,medium,1
342d13d09a,Partnership opportunity,"To Whom It May Concern,

We offer an AI-based email assistant that helps businesses with improving reply rates on cold outreach. I wanted to see if this might be relevant for your team.

Can I send over a one-pager, or would a call be easier?

Best regards,
Jamie at Northstar Sales",53,1,1,0,0,0,formal,short,1
1fe5bcc01a,Quick question,"Hi Emma,

I'm reaching out because we help companies like Inferra with automating your lead qualification process. We built a workflow automation tool that a few teams in your space have found useful.

Feel free to book a slot here: https://meetings.example.com/d69afe

Best,
Priya",48,0,1,1,1,0,casual,short,1
2c6688db01,Quick question,"Hi Laura,

I'm reaching out because we help companies like Trustline Bank with reducing churn in your onboarding funnel. We built a sales-engagement platform that a few teams in your space have found useful.

No worries either way — just thought I'd reach out.

Best regards,
the team at Signalfy",52,0,0,0,1,0,formal,short,1
3f68e926bb,Saw Foundry Labs's recent growth — quick thought,"Hi David,

I noticed Foundry Labs has been focused on improving reply rates on cold outreach, and thought I'd reach out. We built a lightweight CRM add-on that helps teams like yours with exactly that.

Can I send over a one-pager, or would a call be easier.

Best,
Alex, Head of Partnerships at Loopwave",57,0,1,0,2,0,casual,short,1
96654c3e68,Helping Cargopath Logistics with getting more,"Hey Nina,

I noticed Cargopath Logistics has been focused on getting more signal from your website traffic, and thought I'd reach out. We built a workflow automation tool that helps teams like yours with exactly that. In practice, this usually means less manual work for your team and faster turnaround on the tasks that used to take hours.

You can grab 15 minutes directly on my calendar: https://cal.example.com/4867ad Is this something you would be open to exploring?

Best,
Sarah",84,1,1,1,2,0,casual,medium,1
ecf4b29388,Checking in,"Good morning,

We offer a churn-prediction dashboard that helps businesses with improving reply rates on cold outreach. I wanted to see if this might be relevant for your team. In practice, this usually means less manual work for your team and faster turnaround on the tasks that used to take hours.

You can grab 15 minutes directly on my calendar: https://cal.example.com/a45d1c

Best regards,
Alex, Head of Partnerships at Loopwave",74,0,1,1,0,0,formal,medium,0
bac8176d0a,Checking in,"Hello,

We offer a data-enrichment service that helps businesses with automating your lead qualification process. I wanted to see if this might be relevant for your team. In practice, this usually means less manual work for your team and faster turnaround on the tasks that used to take hours.

No worries either way — just thought I'd reach out.

Best,
the",62,0,0,0,0,0,casual,medium,0
63aec2f906,Checking in,"Hey Omar,

I'm reaching out because we help companies like Inferra with automating your lead qualification process. We built a scheduling assistant that a few teams in your space have found useful. In practice, this usually means less manual work for your team and faster turnaround on the tasks that used to take hours. We've seen teams cut this kind of overhead significantly within the first few weeks, and the setup itself takes less than a day with support from our onboarding team. Happy to share a couple of examples from companies in a similar space if that would help you evaluate whether this is worth exploring further on your end.

Feel free to book a slot here: https://meetings.example.com/86148e Is this something you would be open to exploring?

Best,
Jamie",136,1,1,1,1,0,casual,long,1
f5f4ca4d93,"Sophie, quick question about Northpay","Hey Sophie,

I noticed Northpay has been focused on cutting the time your team spends on manual data entry, and thought I'd reach out. We built a lightweight CRM add-on that helps teams like yours with exactly that.

Worth a quick chat.

Best regards,
the team at Signalfy",50,0,1,0,2,0,formal,short,1
df14b38b85,Quick question,"Hey Ravi,

I'm reaching out because we help companies like Brightloop with making your onboarding emails feel less robotic. We built an AI-based email assistant that a few teams in your space have found useful. In practice, this usually means less manual work for your team and faster turnaround on the tasks that used to take hours.

You can grab 15 minutes directly on my calendar: https://cal.example.com/b4ae55 Is this something you would be open to exploring?

Best,
Jamie",84,1,1,1,1,0,casual,medium,0
fbf6b366aa,Following up,"Hi Thomas,

I'm reaching out because we help companies like Axion Systems with getting more signal from your website traffic. We built a data-enrichment service that a few teams in your space have found useful.

No worries either way — just thought I'd reach out. Is this something you would be open to exploring?

Best regards,
Jamie at Northstar Sales",62,1,0,0,1,0,formal,short,1
8b04d4329e,"Omar, quick question about Vectra AI","Hi Omar,

I noticed Vectra AI has been focused on shortening your sales cycle, and thought I'd reach out. We built a scheduling assistant that helps teams like yours with exactly that.

Can I send over a one-pager, or would a call be easier.

Best,
Priya",48,0,1,0,2,0,casual,short,0
27ca47f1d4,Introduction,"Hey Thomas,

I'm reaching out because we help companies like Axion Systems with keeping your CRM data clean as you grow. We built an AI-based email assistant that a few teams in your space have found useful. In practice, this usually means less manual work for your team and faster turnaround on the tasks that used to take hours.

Let me know if you'd like a short demo — happy to work around your schedule. Is this something you would be open to exploring?

Best,
Priya",88,1,1,0,1,0,casual,medium,1
8de66dd25c,Saw Bottega Retail's recent growth — quick thought,"Hello Ravi,

I noticed Bottega Retail has been focused on reducing churn in your onboarding funnel, and thought I'd reach out. We built a data-enrichment service that helps teams like yours with exactly that.

Anyway, just wanted to share this in case it's useful. Is this something you would be open to exploring?

Best,
Jamie",58,1,0,0,2,0,casual,short,1
a5b767ff28,"James, quick question about Payflow","Hello James,

I noticed Payflow has been focused on reducing no-shows on booked calls, and thought I'd reach out. We built an AI-based email assistant that helps teams like yours with exactly that. In practice, this usually means less manual work for your team and faster turnaround on the tasks that used to take hours.

Anyway, just wanted to share this in case it's useful.

Best regards,
Priya from DataForge",74,0,0,0,2,0,formal,medium,0
7c1f6c919e,Partnership opportunity,"Hi Laura,

I'm reaching out because we help companies like Northpay with shortening your sales cycle. We built a lightweight CRM add-on that a few teams in your space have found useful.

Anyway, just wanted to share this in case it's useful. Is this something you would be open to exploring?

Best regards,
the team at Signalfy",60,1,0,0,1,0,formal,short,1
4eeb85eaef,Saw Modela's recent growth — quick thought,"Hey Laura,

I noticed Modela has been focused on automating your lead qualification process, and thought I'd reach out. We built a scheduling assistant that helps teams like yours with exactly that.

Here's a short demo video if that's easier: https://demo.example.com/1e1611

Best regards,
the team at Signalfy",54,0,1,1,2,0,formal,short,1
78e27b1ae5,Quick question,"To Whom It May Concern,

We offer a scheduling assistant that helps businesses with improving reply rates on cold outreach. I wanted to see if this might be relevant for your team.

Anyway, just wanted to share this in case it's useful.

Best regards,
Priya from DataForge",48,0,0,0,0,0,formal,short,0
349bda4919,Saw Nordica Retail's recent growth — quick thought,"Hello Julia,

I noticed Nordica Retail has been focused on keeping your CRM data clean as you grow, and thought I'd reach out. We built a lead-scoring API that helps teams like yours with exactly that. In practice, this usually means less manual work for your team and faster turnaround on the tasks that used to take hours. We've seen teams cut this kind of overhead significantly within the first few weeks, and the setup itself takes less than a day with support from our onboarding team. Happy to share a couple of examples from companies in a similar space if that would help you evaluate whether this is worth exploring further on your end.

Anyway, just wanted to share this in case it's useful. Is this something you would be open to exploring?

Best regards,
Jamie at Northstar Sales",144,1,0,0,2,0,formal,long,0
e2bee1e7bc,Helping Tendr Finance with reducing churn,"Hello Thomas,

I noticed Tendr Finance has been focused on reducing churn in your onboarding funnel, and thought I'd reach out. We built a lead-scoring API that helps teams like yours with exactly that.

Thanks for reading, and have a great rest of your week.

Best regards,
Priya from DataForge",52,0,0,0,2,0,formal,short,1
bb5274f3c8,"Thomas, quick question about Cargopath Logistics","Hello Thomas,

I noticed Cargopath Logistics has been focused on improving reply rates on cold outreach, and thought I'd reach out. We built an AI-based email assistant that helps teams like yours with exactly that.

Can I send over a one-pager, or would a call be easier?

Best,
Priya",52,1,1,0,2,0,casual,short,1
4bda0a5b7f,Idea for Atelier Commerce's outbound,"Hi Michael,

I noticed Atelier Commerce has been focused on reducing no-shows on booked calls, and thought I'd reach out. We built a data-enrichment service that helps teams like yours with exactly that. In practice, this usually means less manual work for your team and faster turnaround on the tasks that used to take hours. We've seen teams cut this kind of overhead significantly within the first few weeks, and the setup itself takes less than a day with support from our onboarding team. Happy to share a couple of examples from companies in a similar space if that would help you evaluate whether this is worth exploring further on your end.

Feel free to book a slot here: https://meetings.example.com/52746e

Best regards,
Priya from DataForge",133,0,1,1,2,0,formal,long,1
3a4c8612ec,Quick question,"Hi there,

We offer a scheduling assistant that helps businesses with reducing churn in your onboarding funnel. I wanted to see if this might be relevant for your team. In practice, this usually means less manual work for your team and faster turnaround on the tasks that used to take hours.

Can I send over a one-pager, or would a call be easier?

Best,
Jamie",66,1,1,0,0,0,casual,medium,1
060573fd65,Partnership opportunity,"Hey Omar,

I'm reaching out because we help companies like Payflow with making your onboarding emails feel less robotic. We built a workflow automation tool that a few teams in your space have found useful. In practice, this usually means less manual work for your team and faster turnaround on the tasks that used to take hours.

Let me know if you'd like a short demo — happy to work around your schedule. Is this something you would be open to exploring?

Best regards,
Alex, Head of Partnerships at Loopwave",91,1,1,0,1,0,formal,medium,1
adb57061bf,Amazing opportunity you can't miss!!!,"Good morning,

We offer a sales-engagement platform that helps businesses with improving reply rates on cold outreach. I wanted to see if this might be relevant for your team. In practice, this usually means less manual work for your team and faster turnaround on the tasks that used to take hours. We've seen teams cut this kind of overhead significantly within the first few weeks, and the setup itself takes less than a day with support from our onboarding team. Happy to share a couple of examples from companies in a similar space if that would help you evaluate whether this is worth exploring further on your end.

Here's a short demo video if that's easier: https://demo.example.com/fa312f Is this something your team would be open to exploring?

Best,
Jamie",137,1,1,1,0,0,spammy,long,0
15b2c1db74,Following up,"Hello,

We offer a workflow automation tool that helps businesses with shortening your sales cycle. I wanted to see if this might be relevant for your team.

Here's a short demo video if that's easier: https://demo.example.com/d98c6f Is this something your team would be open to exploring?

Best,
Jamie",54,1,1,1,0,0,casual,short,1
967edc9199,Checking in,"Good morning,

We offer a workflow automation tool that helps businesses with shortening your sales cycle. I wanted to see if this might be relevant for your team.

Anyway, just wanted to share this in case it's useful. Is this something your team would be open to exploring?

Best regards,
Priya from DataForge",54,1,0,0,0,0,formal,short,0
546045fcfb,Helping Cascade Analytics with making your,"Hi Emma,

I noticed Cascade Analytics has been focused on making your onboarding emails feel less robotic, and thought I'd reach out. We built a lightweight CRM add-on that helps teams like yours with exactly that.

Let me know if you'd like a short demo — happy to work around your schedule.

Best regards,
Priya from DataForge",59,0,1,0,2,0,formal,short,1
eec4f307a1,Helping Bottega Retail with automating your,"Hi Elena,

I noticed Bottega Retail has been focused on automating your lead qualification process, and thought I'd reach out. We built a workflow automation tool that helps teams like yours with exactly that.

Feel free to book a slot here: https://meetings.example.com/b5103d

Best regards,
Alex, Head of Partnerships at Loopwave",55,0,1,1,2,0,formal,short,1
dfc7294b09,Re: Re: Following up on my last email,"Hello Maya,

I'm reaching out because we help companies like Northpay with reducing churn in your onboarding funnel. We built a churn-prediction dashboard that a few teams in your space have found useful. In practice, this usually means less manual work for your team and faster turnaround on the tasks that used to take hours.

Reply with a good time and I'll send a calendar invite. Is this something you would be open to exploring?

Best,
Alex, Head of Partnerships at Loopwave",85,1,1,0,1,0,spammy,medium,1
5ae4a10225,"Laura, quick question about Streamline Freight","Hey Laura,

I noticed Streamline Freight has been focused on making your onboarding emails feel less robotic, and thought I'd reach out. We built a workflow automation tool that helps teams like yours with exactly that. In practice, this usually means less manual work for your team and faster turnaround on the tasks that used to take hours.

Here's a short demo video if that's easier: https://demo.example.com/b6b1b4 Is this something you would be open to exploring?

Best regards,
Jamie at Northstar Sales",89,1,1,1,2,0,formal,medium,0
a45146deaf,Idea for Medisync Health's outbound,"Hi Laura,

I noticed Medisync Health has been focused on shortening your sales cycle, and thought I'd reach out. We built an AI-based email assistant that helps teams like yours with exactly that. In practice, this usually means less manual work for your team and faster turnaround on the tasks that used to take hours.

Thanks for reading, and have a great rest of your week. Is this something you would be open to exploring?

Best,
the",79,1,0,0,2,0,casual,medium,1
2927dfa1dc,"Carlos, quick question about Trustline Bank","Hey Carlos,

I'm reaching out because we help companies like Trustline Bank with cutting the time your team spends on manual data entry. We built a workflow automation tool that a few teams in your space have found useful.

Reply with a good time and I'll send a calendar invite. Is this something you would be open to exploring?

Best,
Alex, Head of Partnerships at Loopwave",68,1,1,0,1,0,casual,short,0
42ba62a498,Saw Payflow's recent growth — quick thought,"Hi Ravi,

I noticed Payflow has been focused on making your onboarding emails feel less robotic, and thought I'd reach out. We built a lead-scoring API that helps teams like yours with exactly that. In practice, this usually means less manual work for your team and faster turnaround on the tasks that used to take hours. We've seen teams cut this kind of overhead significantly within the first few weeks, and the setup itself takes less than a day with support from our onboarding team. Happy to share a couple of examples from companies in a similar space if that would help you evaluate whether this is worth exploring further on your end.

Thanks for reading, and have a great rest of your week. Is this something you would be open to exploring?

Best,
Sarah",138,1,0,0,2,0,casual,long,1
46f681ec18,Introduction,"Hi Daniel,

I'm reaching out because we help companies like Cascade Analytics with cutting the time your team spends on manual data entry. We built a scheduling assistant that a few teams in your space have found useful. In practice, this usually means less manual work for your team and faster turnaround on the tasks that used to take hours.

Reply with a good time and I'll send a calendar invite.

Best,
Alex, Head of Partnerships at Loopwave",80,0,1,0,1,0,casual,medium,0
e1f90e1b40,Partnership opportunity,"To Whom It May Concern,

We offer a sales-engagement platform that helps businesses with improving reply rates on cold outreach. I wanted to see if this might be relevant for your team.

Feel free to book a slot here: https://meetings.example.com/37888c Is this something your team would be open to exploring?

Best,
the",57,1,1,1,0,0,casual,short,1
1c59a30612,Following up,"Hello Laura,

I'm reaching out because we help companies like Cascade Analytics with keeping your CRM data clean as you grow. We built a churn-prediction dashboard that a few teams in your space have found useful. In practice, this usually means less manual work for your team and faster turnaround on the tasks that used to take hours.

Feel free to book a slot here: https://meetings.example.com/52094f

Best,
Alex, Head of Partnerships at Loopwave",79,0,1,1,1,0,casual,medium,1
3635393d93,Saw Cascade Analytics's recent growth — quick thought,"Hi Noah,

I noticed Cascade Analytics has been focused on reducing no-shows on booked calls, and thought I'd reach out. We built a workflow automation tool that helps teams like yours with exactly that.

Feel free to book a slot here: https://meetings.example.com/e8cd3c Is this something you would be open to exploring?

Best,
Jamie",59,1,1,1,2,0,casual,short,1
341c1be484,Helping Cargopath Logistics with getting more,"Hey Daniel,

I noticed Cargopath Logistics has been focused on getting more signal from your website traffic, and thought I'd reach out. We built a sales-engagement platform that helps teams like yours with exactly that. In practice, this usually means less manual work for your team and faster turnaround on the tasks that used to take hours.

No worries either way — just thought I'd reach out.

Best,
Priya",71,0,0,0,2,0,casual,medium,1
a71b4855aa,"Thomas, quick question about Bottega Retail","Hello Thomas,

I'm reaching out because we help companies like Bottega Retail with automating your lead qualification process. We built a data-enrichment service that a few teams in your space have found useful. In practice, this usually means less manual work for your team and faster turnaround on the tasks that used to take hours.

You can grab 15 minutes directly on my calendar: https://cal.example.com/48f30e

Best regards,
Priya from DataForge",76,0,1,1,1,0,formal,medium,0
394fc0448e,FINAL NOTICE: Limited time offer,"Hey Nina,

I noticed Tendr Finance has been focused on automating your lead qualification process, and thought I'd reach out. We built a lead-scoring API that helps teams like yours with exactly that.

Can I send over a one-pager, or would a call be easier?

Best,
Priya",50,1,1,0,2,0,spammy,short,1
02116e86b1,Amazing opportunity you can't miss!!!,"Hello Sophie,

I noticed Streamline Freight has been focused on keeping your CRM data clean as you grow, and thought I'd reach out. We built a lightweight CRM add-on that helps teams like yours with exactly that. In practice, this usually means less manual work for your team and faster turnaround on the tasks that used to take hours. We've seen teams cut this kind of overhead significantly within the first few weeks, and the setup itself takes less than a day with support from our onboarding team. Happy to share a couple of examples from companies in a similar space if that would help you evaluate whether this is worth exploring further on your end.

Anyway, just wanted to share this in case it's useful. Is this something you would be open to exploring?

Best,
Priya",141,1,0,0,2,0,spammy,long,0
14bb90f0ad,Helping Northpay with shortening your,"Hi Wei,

I'm reaching out because we help companies like Northpay with shortening your sales cycle. We built an AI-based email assistant that a few teams in your space have found useful.

Anyway, just wanted to share this in case it's useful. Is this something you would be open to exploring?

Best,
Jamie",56,1,0,0,1,0,casual,short,1
9aec33e562,Re: Re: Following up on my last email,"Hi there,

We offer a lead-scoring API that helps businesses with shortening your sales cycle. I wanted to see if this might be relevant for your team. In practice, this usually means less manual work for your team and faster turnaround on the tasks that used to take hours.

Anyway, just wanted to share this in case it's useful. Is this something your team would be open to exploring?

Best,
Jamie",73,1,0,0,0,0,spammy,medium,0
dea3f4686f,Checking in,"Hello David,

I'm reaching out because we help companies like Inferra with getting more signal from your website traffic. We built a data-enrichment service that a few teams in your space have found useful. In practice, this usually means less manual work for your team and faster turnaround on the tasks that used to take hours.

Can I send over a one-pager, or would a call be easier.

Best,
Jamie",73,0,1,0,1,0,casual,medium,1
3268eb425c,Amazing opportunity you can't miss!!!,"Hello Priya,

I noticed Axion Systems has been focused on reducing no-shows on booked calls, and thought I'd reach out. We built a lead-scoring API that helps teams like yours with exactly that.

Feel free to book a slot here: https://meetings.example.com/7fa2da Is this something you would be open to exploring?

Best,
the",59,1,1,1,2,0,spammy,short,1
700a5b4018,Partnership opportunity,"Hi there,

We offer a data-enrichment service that helps businesses with automating your lead qualification process. I wanted to see if this might be relevant for your team. In practice, this usually means less manual work for your team and faster turnaround on the tasks that used to take hours.

Here's a short demo video if that's easier: https://demo.example.com/5f79cd Is this something your team would be open to exploring?

Best,
Priya",78,1,1,1,0,0,casual,medium,1
b72fec6cb5,"Omar, quick question about Modela","Hey Omar,

I'm reaching out because we help companies like Modela with shortening your sales cycle. We built a lead-scoring API that a few teams in your space have found useful. In practice, this usually means less manual work for your team and faster turnaround on the tasks that used to take hours. We've seen teams cut this kind of overhead significantly within the first few weeks, and the setup itself takes less than a day with support from our onboarding team. Happy to share a couple of examples from companies in a similar space if that would help you evaluate whether this is worth exploring further on your end.

Let me know if you'd like a short demo — happy to work around your schedule. Is this something you would be open to exploring?

Best regards,
Priya from DataForge",143,1,1,0,1,0,formal,long,1
e2552cddf0,Helping Equora Capital with keeping your,"Hello James,

I noticed Equora Capital has been focused on keeping your CRM data clean as you grow, and thought I'd reach out. We built an AI-based email assistant that helps teams like yours with exactly that. In practice, this usually means less manual work for your team and faster turnaround on the tasks that used to take hours. We've seen teams cut this kind of overhead significantly within the first few weeks, and the setup itself takes less than a day with support from our onboarding team. Happy to share a couple of examples from companies in a similar space if that would help you evaluate whether this is worth exploring further on your end.

Let me know if you'd like a short demo — happy to work around your schedule.

Best regards,
Priya from DataForge",140,0,1,0,2,0,formal,long,0
f84ff141c9,Helping Vectra AI with automating your,"Hey Omar,

I'm reaching out because we help companies like Vectra AI with automating your lead qualification process. We built a scheduling assistant that a few teams in your space have found useful.

Let me know if you'd like a short demo — happy to work around your schedule. Is this something you would be open to exploring?

Best,
Alex, Head of Partnerships at Loopwave",66,1,1,0,1,0,casual,short,0
c72a4ca7d5,Partnership opportunity,"Hello,

We offer a lightweight CRM add-on that helps businesses with getting more signal from your website traffic. I wanted to see if this might be relevant for your team.

Anyway, just wanted to share this in case it's useful.

Best,
Sarah",44,0,0,0,0,0,casual,short,0
1de7419747,Following up,"Hey Priya,

I'm reaching out because we help companies like Clarity Health with shortening your sales cycle. We built a lead-scoring API that a few teams in your space have found useful. In practice, this usually means less manual work for your team and faster turnaround on the tasks that used to take hours.

Anyway, just wanted to share this in case it's useful.

Best,
Priya",69,0,0,0,1,0,casual,medium,1
f9d1db40c3,Introduction,"Hello Noah,

I'm reaching out because we help companies like Axion Systems with cutting the time your team spends on manual data entry. We built an AI-based email assistant that a few teams in your space have found useful. In practice, this usually means less manual work for your team and faster turnaround on the tasks that used to take hours.

Feel free to book a slot here: https://meetings.example.com/440674

Best regards,
Sarah from GrowthPilot",80,0,1,1,1,0,formal,medium,0
f8f9d59af6,Introduction,"To Whom It May Concern,

We offer a lightweight CRM add-on that helps businesses with getting more signal from your website traffic. I wanted to see if this might be relevant for your team. In practice, this usually means less manual work for your team and faster turnaround on the tasks that used to take hours.

Can I send over a one-pager, or would a call be easier.

Best regards,
Jamie at Northstar Sales",76,0,1,0,0,0,formal,medium,1
e3d8a63519,FINAL NOTICE: Limited time offer,"Hello Daniel,

I'm reaching out because we help companies like Atelier Commerce with keeping your CRM data clean as you grow. We built a sales-engagement platform that a few teams in your space have found useful. In practice, this usually means less manual work for your team and faster turnaround on the tasks that used to take hours.

Let me know if you'd like a short demo — happy to work around your schedule. Is this something you would be open to exploring?

Best,
Jamie",87,1,1,0,1,0,spammy,medium,0
990b4fc379,Idea for Trustline Bank's outbound,"Hey Marco,

I noticed Trustline Bank has been focused on scaling your outbound without losing personalization, and thought I'd reach out. We built a scheduling assistant that helps teams like yours with exactly that. In practice, this usually means less manual work for your team and faster turnaround on the tasks that used to take hours.

No worries either way — just thought I'd reach out. Is this something you would be open to exploring?

Best,
Priya",78,1,0,0,2,0,casual,medium,1
25278e6868,Helping Foundry Labs with reducing churn,"Hello Ravi,

I noticed Foundry Labs has been focused on reducing churn in your onboarding funnel, and thought I'd reach out. We built a lead-scoring API that helps teams like yours with exactly that. In practice, this usually means less manual work for your team and faster turnaround on the tasks that used to take hours.

Can I send over a one-pager, or would a call be easier?

Best regards,
Sarah from GrowthPilot",76,1,1,0,2,0,formal,medium,0
961554505f,Idea for Atelier Commerce's outbound,"Hey Ravi,

I noticed Atelier Commerce has been focused on shortening your sales cycle, and thought I'd reach out. We built a lightweight CRM add-on that helps teams like yours with exactly that. In practice, this usually means less manual work for your team and faster turnaround on the tasks that used to take hours. We've seen teams cut this kind of overhead significantly within the first few weeks, and the setup itself takes less than a day with support from our onboarding team. Happy to share a couple of examples from companies in a similar space if that would help you evaluate whether this is worth exploring further on your end.

Worth a quick chat? I can send over a couple of time slots.

Best regards,
the team at Signalfy",134,1,1,0,2,0,formal,long,0
5f176cb9f1,Introduction,"Hi there,

We offer a lead-scoring API that helps businesses with getting more signal from your website traffic. I wanted to see if this might be relevant for your team. In practice, this usually means less manual work for your team and faster turnaround on the tasks that used to take hours.

Can I send over a one-pager, or would a call be easier?

Best regards,
Jamie at Northstar Sales",72,1,1,0,0,0,formal,medium,1
035b324006,Quick question,"Hi Chloe,

I'm reaching out because we help companies like Nordica Retail with automating your lead qualification process. We built an AI-based email assistant that a few teams in your space have found useful.

No worries either way — just thought I'd reach out.

Best,
Jamie",48,0,0,0,1,0,casual,short,0
70b5652c2e,Partnership opportunity,"Hi there,

We offer a sales-engagement platform that helps businesses with getting more signal from your website traffic. I wanted to see if this might be relevant for your team. In practice, this usually means less manual work for your team and faster turnaround on the tasks that used to take hours. We've seen teams cut this kind of overhead significantly within the first few weeks, and the setup itself takes less than a day with support from our onboarding team. Happy to share a couple of examples from companies in a similar space if that would help you evaluate whether this is worth exploring further on your end.

Here's a short demo video if that's easier: https://demo.example.com/3f3470

Best regards,
Alex, Head of Partnerships at Loopwave",134,0,1,1,0,0,formal,long,0
da28ddbccb,"Julia, quick question about Streamline Freight","Hi Julia,

I'm reaching out because we help companies like Streamline Freight with getting more signal from your website traffic. We built a lead-scoring API that a few teams in your space have found useful. In practice, this usually means less manual work for your team and faster turnaround on the tasks that used to take hours.

Here's a short demo video if that's easier: https://demo.example.com/8b21a3

Best,
Priya",76,0,1,1,1,0,casual,medium,0
d96806f3df,"Nina, quick question about Foundry Labs","Hello Nina,

I'm reaching out because we help companies like Foundry Labs with keeping your CRM data clean as you grow. We built a data-enrichment service that a few teams in your space have found useful.

Worth a quick chat.

Best regards,
Jamie at Northstar Sales",48,0,1,0,1,0,formal,short,0
37ae5c936e,Introduction,"Good morning,

We offer a sales-engagement platform that helps businesses with shortening your sales cycle. I wanted to see if this might be relevant for your team. In practice, this usually means less manual work for your team and faster turnaround on the tasks that used to take hours.

Reply with a good time and I'll send a calendar invite.

Best regards,
Sarah from GrowthPilot",67,0,1,0,0,0,formal,medium,1
5f3b92442b,Helping Cargopath Logistics with making your,"Hey Priya,

I noticed Cargopath Logistics has been focused on making your onboarding emails feel less robotic, and thought I'd reach out. We built a sales-engagement platform that helps teams like yours with exactly that. In practice, this usually means less manual work for your team and faster turnaround on the tasks that used to take hours.

Worth a quick chat.

Best regards,
Priya from DataForge",68,0,1,0,2,0,formal,medium,0
e4651b05f0,Helping Cura Health with scaling your,"Hello Omar,

I noticed Cura Health has been focused on scaling your outbound without losing personalization, and thought I'd reach out. We built an AI-based email assistant that helps teams like yours with exactly that.

Feel free to book a slot here: https://meetings.example.com/00b890 Is this something you would be open to exploring?

Best,
Priya",60,1,1,1,2,0,casual,short,1
65b841edca,Saw Payflow's recent growth — quick thought,"Hi Sophie,

I noticed Payflow has been focused on scaling your outbound without losing personalization, and thought I'd reach out. We built a data-enrichment service that helps teams like yours with exactly that. In practice, this usually means less manual work for your team and faster turnaround on the tasks that used to take hours.

Thanks for reading, and have a great rest of your week.

Best,
Priya",70,0,0,0,2,0,casual,medium,1
69e379e55f,Boost your revenue by 300% instantly,"Hi Marco,

I noticed Bottega Retail has been focused on getting more signal from your website traffic, and thought I'd reach out. We built a sales-engagement platform that helps teams like yours with exactly that. In practice, this usually means less manual work for your team and faster turnaround on the tasks that used to take hours.

Reply with a good time and I'll send a calendar invite.

Best,
the",73,0,1,0,2,0,spammy,medium,0
3a346fcb46,"Lucas, quick question about Inferra","Hi Lucas,

I'm reaching out because we help companies like Inferra with reducing churn in your onboarding funnel. We built a lead-scoring API that a few teams in your space have found useful. In practice, this usually means less manual work for your team and faster turnaround on the tasks that used to take hours.

Here's a short demo video if that's easier: https://demo.example.com/7683aa

Best,
Jamie",74,0,1,1,1,0,casual,medium,0
6e5a3219ec,Idea for Nordica Retail's outbound,"Hi Priya,

I noticed Nordica Retail has been focused on scaling your outbound without losing personalization, and thought I'd reach out. We built an AI-based email assistant that helps teams like yours with exactly that. In practice, this usually means less manual work for your team and faster turnaround on the tasks that used to take hours. We've seen teams cut this kind of overhead significantly within the first few weeks, and the setup itself takes less than a day with support from our onboarding team. Happy to share a couple of examples from companies in a similar space if that would help you evaluate whether this is worth exploring further on your end.

Thanks for reading, and have a great rest of your week. Is this something you would be open to exploring?

Best,
Jamie",139,1,0,0,2,0,casual,long,1
5ac0ae2ce4,"Wei, quick question about Streamline Freight","Hello Wei,

I noticed Streamline Freight has been focused on getting more signal from your website traffic, and thought I'd reach out. We built a lead-scoring API that helps teams like yours with exactly that. In practice, this usually means less manual work for your team and faster turnaround on the tasks that used to take hours.

Thanks for reading, and have a great rest of your week.

Best regards,
Alex, Head of Partnerships at Loopwave",78,0,0,0,2,0,formal,medium,0
672217c7a6,Re: Re: Following up on my last email,"Hi Thomas,

I noticed Tendr Finance has been focused on reducing churn in your onboarding funnel, and thought I'd reach out. We built a churn-prediction dashboard that helps teams like yours with exactly that.

Feel free to book a slot here: https://meetings.example.com/599e4a Is this something you would be open to exploring?

Best,
Alex, Head of Partnerships at Loopwave",64,1,1,1,2,0,spammy,short,1
6c5c9378e9,Following up,"Hello Priya,

I'm reaching out because we help companies like Cargopath Logistics with scaling your outbound without losing personalization. We built a sales-engagement platform that a few teams in your space have found useful. In practice, this usually means less manual work for your team and faster turnaround on the tasks that used to take hours. We've seen teams cut this kind of overhead significantly within the first few weeks, and the setup itself takes less than a day with support from our onboarding team. Happy to share a couple of examples from companies in a similar space if that would help you evaluate whether this is worth exploring further on your end.

No worries either way — just thought I'd reach out. Is this something you would be open to exploring?

Best,
Alex, Head of Partnerships at Loopwave",142,1,0,0,1,0,casual,long,1
cf9bd16c1e,Saw Tendr Finance's recent growth — quick thought,"Hello Ravi,

I noticed Tendr Finance has been focused on shortening your sales cycle, and thought I'd reach out. We built an AI-based email assistant that helps teams like yours with exactly that. In practice, this usually means less manual work for your team and faster turnaround on the tasks that used to take hours.

Let me know if you'd like a short demo — happy to work around your schedule. Is this something you would be open to exploring?

Best regards,
the team at Signalfy",88,1,1,0,2,0,formal,medium,1
a824e34553,Quick question,"Hello Thomas,

I'm reaching out because we help companies like Bottega Retail with reducing churn in your onboarding funnel. We built a lead-scoring API that a few teams in your space have found useful.

Reply with a good time and I'll send a calendar invite. Is this something you would be open to exploring?

Best regards,
Priya from DataForge",62,1,1,0,1,0,formal,short,0
f923525189,Partnership opportunity,"Hi there,

We offer a churn-prediction dashboard that helps businesses with making your onboarding emails feel less robotic. I wanted to see if this might be relevant for your team.

Here's a short demo video if that's easier: https://demo.example.com/67a6f2 Is this something your team would be open to exploring?

Best regards,
Sarah from GrowthPilot",61,1,1,1,0,0,formal,short,1
25ad62dd14,Re: Re: Following up on my last email,"Hello Ravi,

I'm reaching out because we help companies like Inferra with shortening your sales cycle. We built an AI-based email assistant that a few teams in your space have found useful.

You can grab 15 minutes directly on my calendar: https://cal.example.com/17cf16 Is this something you would be open to exploring?

Best,
Jamie",59,1,1,1,1,0,spammy,short,0
5c6d553d16,Helping Cargopath Logistics with reducing churn,"Hi Daniel,

I'm reaching out because we help companies like Cargopath Logistics with reducing churn in your onboarding funnel. We built an AI-based email assistant that a few teams in your space have found useful. In practice, this usually means less manual work for your team and faster turnaround on the tasks that used to take hours.

Here's a short demo video if that's easier: https://demo.example.com/49b3f9 Is this something you would be open to exploring?

Best regards,
the team at Signalfy",89,1,1,1,1,0,formal,medium,1
5bb1ed5fd3,Checking in,"Hello,

We offer a lead-scoring API that helps businesses with cutting the time your team spends on manual data entry. I wanted to see if this might be relevant for your team. In practice, this usually means less manual work for your team and faster turnaround on the tasks that used to take hours. We've seen teams cut this kind of overhead significantly within the first few weeks, and the setup itself takes less than a day with support from our onboarding team. Happy to share a couple of examples from companies in a similar space if that would help you evaluate whether this is worth exploring further on your end.

Thanks for reading, and have a great rest of your week.

Best regards,
Sarah from GrowthPilot",129,0,0,0,0,0,formal,long,1
59cd15e571,Introduction,"Hello,

We offer a data-enrichment service that helps businesses with scaling your outbound without losing personalization. I wanted to see if this might be relevant for your team. In practice, this usually means less manual work for your team and faster turnaround on the tasks that used to take hours.

You can grab 15 minutes directly on my calendar: https://cal.example.com/cc701b Is this something your team would be open to exploring?

Best,
Priya",77,1,1,1,0,0,casual,medium,0
775542ab78,Re: Re: Following up on my last email,"Good morning,

We offer a churn-prediction dashboard that helps businesses with automating your lead qualification process. I wanted to see if this might be relevant for your team. In practice, this usually means less manual work for your team and faster turnaround on the tasks that used to take hours.

No worries either way — just thought I'd reach out.

Best,
Alex, Head of Partnerships at Loopwave",68,0,0,0,0,0,spammy,medium,0
792e846aea,URGENT: Don't miss out on this deal,"Hey Sophie,

I noticed Tendr Finance has been focused on automating your lead qualification process, and thought I'd reach out. We built a lead-scoring API that helps teams like yours with exactly that.

Thanks for reading, and have a great rest of your week. Is this something you would be open to exploring?

Best,
Sarah",57,1,0,0,2,0,spammy,short,0
4aaa154685,"Ravi, quick question about Streamline Freight","Hey Ravi,

I noticed Streamline Freight has been focused on reducing churn in your onboarding funnel, and thought I'd reach out. We built a data-enrichment service that helps teams like yours with exactly that. In practice, this usually means less manual work for your team and faster turnaround on the tasks that used to take hours. We've seen teams cut this kind of overhead significantly within the first few weeks, and the setup itself takes less than a day with support from our onboarding team. Happy to share a couple of examples from companies in a similar space if that would help you evaluate whether this is worth exploring further on your end.

No worries either way — just thought I'd reach out. Is this something you would be open to exploring?

Best,
Jamie",137,1,0,0,2,0,casual,long,0
cb15424a70,Partnership opportunity,"Hi there,

We offer a churn-prediction dashboard that helps businesses with automating your lead qualification process. I wanted to see if this might be relevant for your team. In practice, this usually means less manual work for your team and faster turnaround on the tasks that used to take hours. We've seen teams cut this kind of overhead significantly within the first few weeks, and the setup itself takes less than a day with support from our onboarding team. Happy to share a couple of examples from companies in a similar space if that would help you evaluate whether this is worth exploring further on your end.

Anyway, just wanted to share this in case it's useful. Is this something your team would be open to exploring?

Best regards,
Sarah from GrowthPilot",135,1,0,0,0,0,formal,long,0
d76da88076,Quick question,"Hello Ravi,

I'm reaching out because we help companies like Payflow with keeping your CRM data clean as you grow. We built a churn-prediction dashboard that a few teams in your space have found useful. In practice, this usually means less manual work for your team and faster turnaround on the tasks that used to take hours. We've seen teams cut this kind of overhead significantly within the first few weeks, and the setup itself takes less than a day with support from our onboarding team. Happy to share a couple of examples from companies in a similar space if that would help you evaluate whether this is worth exploring further on your end.

Anyway, just wanted to share this in case it's useful. Is this something you would be open to exploring?

Best,
the",139,1,0,0,1,0,casual,long,0
5258ec4b1b,Following up,"Hi Thomas,

I'm reaching out because we help companies like Nordica Retail with keeping your CRM data clean as you grow. We built a workflow automation tool that a few teams in your space have found useful.

Thanks for reading, and have a great rest of your week.

Best regards,
the team at Signalfy",55,0,0,0,1,0,formal,short,1
ef26c5cbe1,Saw Bottega Retail's recent growth — quick thought,"Hey Sophie,

I'm reaching out because we help companies like Bottega Retail with improving reply rates on cold outreach. We built an AI-based email assistant that a few teams in your space have found useful.

Would you be open to a quick 15-minute call this week?

Best,
Priya",51,1,1,0,1,0,casual,short,0
37b0c847d1,Saw Trustline Bank's recent growth — quick thought,"Hey Anna,

I noticed Trustline Bank has been focused on cutting the time your team spends on manual data entry, and thought I'd reach out. We built a lead-scoring API that helps teams like yours with exactly that. In practice, this usually means less manual work for your team and faster turnaround on the tasks that used to take hours. We've seen teams cut this kind of overhead significantly within the first few weeks, and the setup itself takes less than a day with support from our onboarding team. Happy to share a couple of examples from companies in a similar space if that would help you evaluate whether this is worth exploring further on your end.

Worth a quick chat.

Best,
Jamie",126,0,1,0,2,0,casual,long,0
928d04b4af,Idea for Brightloop's outbound,"Hi Daniel,

I noticed Brightloop has been focused on shortening your sales cycle, and thought I'd reach out. We built an AI-based email assistant that helps teams like yours with exactly that.

No worries either way — just thought I'd reach out. Is this something you would be open to exploring?

Best,
the",55,1,0,0,2,0,casual,short,0
8e2a71a99f,Helping Modela with reducing churn,"Hi Chloe,

I noticed Modela has been focused on reducing churn in your onboarding funnel, and thought I'd reach out. We built a churn-prediction dashboard that helps teams like yours with exactly that. In practice, this usually means less manual work for your team and faster turnaround on the tasks that used to take hours. We've seen teams cut this kind of overhead significantly within the first few weeks, and the setup itself takes less than a day with support from our onboarding team. Happy to share a couple of examples from companies in a similar space if that would help you evaluate whether this is worth exploring further on your end.

Thanks for reading, and have a great rest of your week. Is this something you would be open to exploring?

Best,
Jamie",137,1,0,0,2,0,casual,long,0
7a550cc1e1,Following up,"Hello Sarah,

I'm reaching out because we help companies like Clarity Health with reducing no-shows on booked calls. We built a scheduling assistant that a few teams in your space have found useful.

Would you be open to a quick 15-minute call this week.

Best regards,
Sarah from GrowthPilot",52,0,1,0,1,0,formal,short,0
678ca59d3c,FINAL NOTICE: Limited time offer,"Hey Sophie,

I noticed Equora Capital has been focused on improving reply rates on cold outreach, and thought I'd reach out. We built a lightweight CRM add-on that helps teams like yours with exactly that. In practice, this usually means less manual work for your team and faster turnaround on the tasks that used to take hours. We've seen teams cut this kind of overhead significantly within the first few weeks, and the setup itself takes less than a day with support from our onboarding team. Happy to share a couple of examples from companies in a similar space if that would help you evaluate whether this is worth exploring further on your end.

Reply with a good time and I'll send a calendar invite. Is this something you would be open to exploring?

Best,
Jamie",140,1,1,0,2,0,spammy,long,0
b8e82ac5a7,Idea for Vectra AI's outbound,"Hi Omar,

I noticed Vectra AI has been focused on automating your lead qualification process, and thought I'd reach out. We built a scheduling assistant that helps teams like yours with exactly that.

Reply with a good time and I'll send a calendar invite.

Best regards,
Jamie at Northstar Sales",52,0,1,0,2,0,formal,short,0
2a86f4ef0b,Introduction,"Hey Lucas,

I'm reaching out because we help companies like Nordica Retail with getting more signal from your website traffic. We built a sales-engagement platform that a few teams in your space have found useful.

Reply with a good time and I'll send a calendar invite.

Best,
the",51,0,1,0,1,0,casual,short,1
1d552e07c2,Following up,"To Whom It May Concern,

We offer a churn-prediction dashboard that helps businesses with making your onboarding emails feel less robotic. I wanted to see if this might be relevant for your team. In practice, this usually means less manual work for your team and faster turnaround on the tasks that used to take hours. We've seen teams cut this kind of overhead significantly within the first few weeks, and the setup itself takes less than a day with support from our onboarding team. Happy to share a couple of examples from companies in a similar space if that would help you evaluate whether this is worth exploring further on your end.

Can I send over a one-pager, or would a call be easier?

Best regards,
Jamie at Northstar Sales",133,1,1,0,0,0,formal,long,0
56a2f4b94f,Partnership opportunity,"To Whom It May Concern,

We offer a sales-engagement platform that helps businesses with shortening your sales cycle. I wanted to see if this might be relevant for your team.

Can I send over a one-pager, or would a call be easier.

Best,
Priya",46,0,1,0,0,0,casual,short,0
a21d857923,Introduction,"Hi Ravi,

I'm reaching out because we help companies like Trustline Bank with scaling your outbound without losing personalization. We built a sales-engagement platform that a few teams in your space have found useful. In practice, this usually means less manual work for your team and faster turnaround on the tasks that used to take hours.

Thanks for reading, and have a great rest of your week.

Best regards,
Sarah from GrowthPilot",74,0,0,0,1,0,formal,medium,0
005b8f42a8,Helping Nordica Retail with cutting the,"Hi Sarah,

I noticed Nordica Retail has been focused on cutting the time your team spends on manual data entry, and thought I'd reach out. We built a sales-engagement platform that helps teams like yours with exactly that.

Anyway, just wanted to share this in case it's useful. Is this something you would be open to exploring?

Best,
Jamie",62,1,0,0,2,0,casual,short,1
bb9519b208,Idea for Cargopath Logistics's outbound,"Hey Maya,

I noticed Cargopath Logistics has been focused on automating your lead qualification process, and thought I'd reach out. We built a lightweight CRM add-on that helps teams like yours with exactly that. In practice, this usually means less manual work for your team and faster turnaround on the tasks that used to take hours.

Can I send over a one-pager, or would a call be easier?

Best,
Priya",73,1,1,0,2,0,casual,medium,1
4e85bd07b0,Partnership opportunity,"Hi there,

We offer an AI-based email assistant that helps businesses with reducing no-shows on booked calls. I wanted to see if this might be relevant for your team. In practice, this usually means less manual work for your team and faster turnaround on the tasks that used to take hours.

Anyway, just wanted to share this in case it's useful.

Best regards,
Sarah from GrowthPilot",69,0,0,0,0,0,formal,medium,0
01f3a98160,Boost your revenue by 300% instantly,"Hi Ravi,

I'm reaching out because we help companies like Northpay with making your onboarding emails feel less robotic. We built a data-enrichment service that a few teams in your space have found useful. In practice, this usually means less manual work for your team and faster turnaround on the tasks that used to take hours.

Here's a short demo video if that's easier: https://demo.example.com/b83110

Best,
Alex, Head of Partnerships at Loopwave",80,0,1,1,1,0,spammy,medium,0
24d77ca0f5,Idea for Tendr Finance's outbound,"Hey Lucas,

I noticed Tendr Finance has been focused on scaling your outbound without losing personalization, and thought I'd reach out. We built a data-enrichment service that helps teams like yours with exactly that. In practice, this usually means less manual work for your team and faster turnaround on the tasks that used to take hours.

You can grab 15 minutes directly on my calendar: https://cal.example.com/27c88a

Best,
Jamie",74,0,1,1,2,0,casual,medium,1
ef5bd0be54,Boost your revenue by 300% instantly,"Hi Julia,

I'm reaching out because we help companies like Streamline Freight with keeping your CRM data clean as you grow. We built an AI-based email assistant that a few teams in your space have found useful.

Anyway, just wanted to share this in case it's useful. Is this something you would be open to exploring?

Best,
the",61,1,0,0,1,0,spammy,short,0
d855abce01,Helping Bottega Retail with reducing churn,"Hey David,

I noticed Bottega Retail has been focused on reducing churn in your onboarding funnel, and thought I'd reach out. We built a data-enrichment service that helps teams like yours with exactly that.

Thanks for reading, and have a great rest of your week. Is this something you would be open to exploring?

Best,
Alex, Head of Partnerships at Loopwave",63,1,0,0,2,0,casual,short,1
b5e5ec89cc,Quick question,"Hey Fatima,

I'm reaching out because we help companies like Nordica Retail with scaling your outbound without losing personalization. We built an AI-based email assistant that a few teams in your space have found useful. In practice, this usually means less manual work for your team and faster turnaround on the tasks that used to take hours. We've seen teams cut this kind of overhead significantly within the first few weeks, and the setup itself takes less than a day with support from our onboarding team. Happy to share a couple of examples from companies in a similar space if that would help you evaluate whether this is worth exploring further on your end.

Worth a quick chat.

Best,
Jamie",123,0,1,0,1,0,casual,long,1
307d7cd9c6,URGENT: Don't miss out on this deal,"Hi Anna,

I noticed Foundry Labs has been focused on reducing churn in your onboarding funnel, and thought I'd reach out. We built a lead-scoring API that helps teams like yours with exactly that. In practice, this usually means less manual work for your team and faster turnaround on the tasks that used to take hours.

Here's a short demo video if that's easier: https://demo.example.com/5d9d00 Is this something you would be open to exploring?

Best,
Jamie",84,1,1,1,2,0,spammy,medium,1
2aab0ce76c,Following up,"Hello,

We offer a data-enrichment service that helps businesses with reducing churn in your onboarding funnel. I wanted to see if this might be relevant for your team.

No worries either way — just thought I'd reach out.

Best regards,
Jamie at Northstar Sales",45,0,0,0,0,0,formal,short,1
c98b7b5f95,Helping Foundry Labs with keeping your,"Hello Carlos,

I noticed Foundry Labs has been focused on keeping your CRM data clean as you grow, and thought I'd reach out. We built a churn-prediction dashboard that helps teams like yours with exactly that.

Would you be open to a quick 15-minute call this week?

Best,
Alex, Head of Partnerships at Loopwave",57,1,1,0,2,0,casual,short,1
e6a572908e,Checking in,"Hello,

We offer a scheduling assistant that helps businesses with reducing churn in your onboarding funnel. I wanted to see if this might be relevant for your team. In practice, this usually means less manual work for your team and faster turnaround on the tasks that used to take hours.

Would you be open to a quick 15-minute call this week?

Best,
Priya",64,1,1,0,0,0,casual,medium,0
cda94c9416,Partnership opportunity,"Hi there,

We offer a workflow automation tool that helps businesses with cutting the time your team spends on manual data entry. I wanted to see if this might be relevant for your team. In practice, this usually means less manual work for your team and faster turnaround on the tasks that used to take hours.

No worries either way — just thought I'd reach out.

Best regards,
Jamie at Northstar Sales",72,0,0,0,0,0,formal,medium,0
433e898eb4,Idea for Equora Capital's outbound,"Hello Thomas,

I noticed Equora Capital has been focused on shortening your sales cycle, and thought I'd reach out. We built a workflow automation tool that helps teams like yours with exactly that. In practice, this usually means less manual work for your team and faster turnaround on the tasks that used to take hours.

Let me know if you'd like a short demo — happy to work around your schedule.

Best,
the",74,0,1,0,2,0,casual,medium,1
2bd4f527c0,Helping Cargopath Logistics with scaling your,"Hey Carlos,

I'm reaching out because we help companies like Cargopath Logistics with scaling your outbound without losing personalization. We built a lightweight CRM add-on that a few teams in your space have found useful. In practice, this usually means less manual work for your team and faster turnaround on the tasks that used to take hours.

Anyway, just wanted to share this in case it's useful.

Best regards,
Jamie at Northstar Sales",76,0,0,0,1,0,formal,medium,1
d0f47433ab,Saw Modela's recent growth — quick thought,"Hi Sarah,

I noticed Modela has been focused on getting more signal from your website traffic, and thought I'd reach out. We built a sales-engagement platform that helps teams like yours with exactly that.

Worth a quick chat.

Best,
the",42,0,1,0,2,0,casual,short,1
da8d291d58,Introduction,"Hi Elena,

I'm reaching out because we help companies like Equora Capital with getting more signal from your website traffic. We built a scheduling assistant that a few teams in your space have found useful. In practice, this usually means less manual work for your team and faster turnaround on the tasks that used to take hours. We've seen teams cut this kind of overhead significantly within the first few weeks, and the setup itself takes less than a day with support from our onboarding team. Happy to share a couple of examples from companies in a similar space if that would help you evaluate whether this is worth exploring further on your end.

You can grab 15 minutes directly on my calendar: https://cal.example.com/89800d

Best,
Priya",132,0,1,1,1,0,casual,long,0
f475b760d0,Quick question,"Good morning,

We offer an AI-based email assistant that helps businesses with keeping your CRM data clean as you grow. I wanted to see if this might be relevant for your team.

You can grab 15 minutes directly on my calendar: https://cal.example.com/22f1f5 Is this something your team would be open to exploring?

Best,
Sarah",59,1,1,1,0,0,casual,short,1
b119b41875,Checking in,"Hey Michael,

I'm reaching out because we help companies like Foundry Labs with cutting the time your team spends on manual data entry. We built a scheduling assistant that a few teams in your space have found useful. In practice, this usually means less manual work for your team and faster turnaround on the tasks that used to take hours.

Thanks for reading, and have a great rest of your week.

Best,
Jamie",74,0,0,0,1,0,casual,medium,0
8f09f695af,"Emma, quick question about Cargopath Logistics","Hi Emma,

I'm reaching out because we help companies like Cargopath Logistics with reducing no-shows on booked calls. We built a scheduling assistant that a few teams in your space have found useful.

Here's a short demo video if that's easier: https://demo.example.com/cca63e

Best,
Alex, Head of Partnerships at Loopwave",57,0,1,1,1,0,casual,short,1
32cd550d51,Introduction,"To Whom It May Concern,

We offer an AI-based email assistant that helps businesses with getting more signal from your website traffic. I wanted to see if this might be relevant for your team. In practice, this usually means less manual work for your team and faster turnaround on the tasks that used to take hours.

Thanks for reading, and have a great rest of your week. Is this something your team would be open to exploring?

Best regards,
Priya from DataForge",83,1,0,0,0,0,formal,medium,1
c5f5279097,Re: Re: Following up on my last email,"Hey Anna,

I noticed Atelier Commerce has been focused on making your onboarding emails feel less robotic, and thought I'd reach out. We built a lead-scoring API that helps teams like yours with exactly that. In practice, this usually means less manual work for your team and faster turnaround on the tasks that used to take hours. We've seen teams cut this kind of overhead significantly within the first few weeks, and the setup itself takes less than a day with support from our onboarding team. Happy to share a couple of examples from companies in a similar space if that would help you evaluate whether this is worth exploring further on your end.

Anyway, just wanted to share this in case it's useful.

Best,
Sarah",130,0,0,0,2,0,spammy,long,0
02fdb49779,Following up,"Good morning,

We offer a data-enrichment service that helps businesses with reducing no-shows on booked calls. I wanted to see if this might be relevant for your team. In practice, this usually means less manual work for your team and faster turnaround on the tasks that used to take hours. We've seen teams cut this kind of overhead significantly within the first few weeks, and the setup itself takes less than a day with support from our onboarding team. Happy to share a couple of examples from companies in a similar space if that would help you evaluate whether this is worth exploring further on your end.

Thanks for reading, and have a great rest of your week.

Best,
Alex, Head of Partnerships at Loopwave",128,0,0,0,0,0,casual,long,0
676cec1e0f,Quick question,"Hello,

We offer a lightweight CRM add-on that helps businesses with reducing churn in your onboarding funnel. I wanted to see if this might be relevant for your team. In practice, this usually means less manual work for your team and faster turnaround on the tasks that used to take hours.

Reply with a good time and I'll send a calendar invite.

Best,
Jamie",66,0,1,0,0,0,casual,medium,0
0513c30ccc,Idea for Medisync Health's outbound,"Hello Michael,

I noticed Medisync Health has been focused on reducing no-shows on booked calls, and thought I'd reach out. We built a churn-prediction dashboard that helps teams like yours with exactly that.

Worth a quick chat? I can send over a couple of time slots.

Best,
Alex, Head of Partnerships at Loopwave",56,1,1,0,2,0,casual,short,0
298a8c42a3,Saw Cura Health's recent growth — quick thought,"Hey Wei,

I noticed Cura Health has been focused on making your onboarding emails feel less robotic, and thought I'd reach out. We built a churn-prediction dashboard that helps teams like yours with exactly that. In practice, this usually means less manual work for your team and faster turnaround on the tasks that used to take hours. We've seen teams cut this kind of overhead significantly within the first few weeks, and the setup itself takes less than a day with support from our onboarding team. Happy to share a couple of examples from companies in a similar space if that would help you evaluate whether this is worth exploring further on your end.

No worries either way — just thought I'd reach out. Is this something you would be open to exploring?

Best,
Alex, Head of Partnerships at Loopwave",143,1,0,0,2,0,casual,long,0
6377055202,Following up,"Hi there,

We offer a churn-prediction dashboard that helps businesses with reducing no-shows on booked calls. I wanted to see if this might be relevant for your team. In practice, this usually means less manual work for your team and faster turnaround on the tasks that used to take hours. We've seen teams cut this kind of overhead significantly within the first few weeks, and the setup itself takes less than a day with support from our onboarding team. Happy to share a couple of examples from companies in a similar space if that would help you evaluate whether this is worth exploring further on your end.

No worries either way — just thought I'd reach out. Is this something your team would be open to exploring?

Best,
the",132,1,0,0,0,0,casual,long,0
14ab3e7e68,Quick question,"To Whom It May Concern,

We offer a workflow automation tool that helps businesses with automating your lead qualification process. I wanted to see if this might be relevant for your team.

Can I send over a one-pager, or would a call be easier?

Best regards,
Sarah from GrowthPilot",50,1,1,0,0,0,formal,short,1
e0c8c968f4,Following up,"Good morning,

We offer a sales-engagement platform that helps businesses with getting more signal from your website traffic. I wanted to see if this might be relevant for your team.

Reply with a good time and I'll send a calendar invite.

Best regards,
Alex, Head of Partnerships at Loopwave",51,0,1,0,0,0,formal,short,1
bfc2353609,Following up,"Hi there,

We offer a workflow automation tool that helps businesses with improving reply rates on cold outreach. I wanted to see if this might be relevant for your team.

No worries either way — just thought I'd reach out. Is this something your team would be open to exploring?

Best,
Jamie",52,1,0,0,0,0,casual,short,1
aaa0b3b9c7,Saw Atelier Commerce's recent growth — quick thought,"Hey Ravi,

I noticed Atelier Commerce has been focused on automating your lead qualification process, and thought I'd reach out. We built a data-enrichment service that helps teams like yours with exactly that.

Feel free to book a slot here: https://meetings.example.com/a247aa Is this something you would be open to exploring?

Best regards,
Sarah from GrowthPilot",61,1,1,1,2,0,formal,short,1
35f0f040e5,Idea for Northpay's outbound,"Hello Ravi,

I noticed Northpay has been focused on making your onboarding emails feel less robotic, and thought I'd reach out. We built a scheduling assistant that helps teams like yours with exactly that.

Feel free to book a slot here: https://meetings.example.com/e5363c Is this something you would be open to exploring?

Best,
Jamie",58,1,1,1,2,0,casual,short,1
f8b86df594,Following up,"Hello,

We offer a lightweight CRM add-on that helps businesses with reducing churn in your onboarding funnel. I wanted to see if this might be relevant for your team.

Let me know if you'd like a short demo — happy to work around your schedule. Is this something your team would be open to exploring?

Best,
Priya",58,1,1,0,0,0,casual,short,0
988518df58,Partnership opportunity,"Hello Michael,

I'm reaching out because we help companies like Clarity Health with keeping your CRM data clean as you grow. We built a scheduling assistant that a few teams in your space have found useful.

Thanks for reading, and have a great rest of your week.

Best,
Priya",50,0,0,0,1,0,casual,short,1
7b040bafe0,Partnership opportunity,"Hi there,

We offer a lead-scoring API that helps businesses with reducing churn in your onboarding funnel. I wanted to see if this might be relevant for your team. In practice, this usually means less manual work for your team and faster turnaround on the tasks that used to take hours. We've seen teams cut this kind of overhead significantly within the first few weeks, and the setup itself takes less than a day with support from our onboarding team. Happy to share a couple of examples from companies in a similar space if that would help you evaluate whether this is worth exploring further on your end.

Thanks for reading, and have a great rest of your week.

Best regards,
Priya from DataForge",126,0,0,0,0,0,formal,long,0
b7ed43186f,Checking in,"Good morning,

We offer a lightweight CRM add-on that helps businesses with reducing churn in your onboarding funnel. I wanted to see if this might be relevant for your team. In practice, this usually means less manual work for your team and faster turnaround on the tasks that used to take hours. We've seen teams cut this kind of overhead significantly within the first few weeks, and the setup itself takes less than a day with support from our onboarding team. Happy to share a couple of examples from companies in a similar space if that would help you evaluate whether this is worth exploring further on your end.

Anyway, just wanted to share this in case it's useful. Is this something your team would be open to exploring?

Best regards,
Priya from DataForge",137,1,0,0,0,0,formal,long,0
7ce9ec1932,Saw Cura Health's recent growth — quick thought,"Hi Elena,

I noticed Cura Health has been focused on reducing churn in your onboarding funnel, and thought I'd reach out. We built a scheduling assistant that helps teams like yours with exactly that. In practice, this usually means less manual work for your team and faster turnaround on the tasks that used to take hours.

Reply with a good time and I'll send a calendar invite. Is this something you would be open to exploring?

Best,
the",80,1,1,0,2,0,casual,medium,1
0a40656da2,Following up,"Hi there,

We offer a sales-engagement platform that helps businesses with making your onboarding emails feel less robotic. I wanted to see if this might be relevant for your team. In practice, this usually means less manual work for your team and faster turnaround on the tasks that used to take hours. We've seen teams cut this kind of overhead significantly within the first few weeks, and the setup itself takes less than a day with support from our onboarding team. Happy to share a couple of examples from companies in a similar space if that would help you evaluate whether this is worth exploring further on your end.

Thanks for reading, and have a great rest of your week. Is this something your team would be open to exploring?

Best,
Sarah",134,1,0,0,0,0,casual,long,0
6d0be0e42e,Helping Clarity Health with cutting the,"Hello Thomas,

I'm reaching out because we help companies like Clarity Health with cutting the time your team spends on manual data entry. We built a workflow automation tool that a few teams in your space have found useful. In practice, this usually means less manual work for your team and faster turnaround on the tasks that used to take hours.

Can I send over a one-pager, or would a call be easier?

Best regards,
Sarah from GrowthPilot",80,1,1,0,1,0,formal,medium,0
7c21f9e227,Following up,"Hello,

We offer a lead-scoring API that helps businesses with reducing churn in your onboarding funnel. I wanted to see if this might be relevant for your team.

Worth a quick chat? I can send over a couple of time slots.

Best regards,
Alex, Head of Partnerships at Loopwave",50,1,1,0,0,0,formal,short,1
ec3b1fabf3,Saw Nordica Retail's recent growth — quick thought,"Hello Emma,

I noticed Nordica Retail has been focused on improving reply rates on cold outreach, and thought I'd reach out. We built a workflow automation tool that helps teams like yours with exactly that.

You can grab 15 minutes directly on my calendar: https://cal.example.com/2bf429 Is this something you would be open to exploring?

Best regards,
Sarah from GrowthPilot",64,1,1,1,2,0,formal,short,1
5262b2d18b,Partnership opportunity,"Hi there,

We offer a churn-prediction dashboard that helps businesses with getting more signal from your website traffic. I wanted to see if this might be relevant for your team. In practice, this usually means less manual work for your team and faster turnaround on the tasks that used to take hours. We've seen teams cut this kind of overhead significantly within the first few weeks, and the setup itself takes less than a day with support from our onboarding team. Happy to share a couple of examples from companies in a similar space if that would help you evaluate whether this is worth exploring further on your end.

Here's a short demo video if that's easier: https://demo.example.com/1a2a3f Is this something your team would be open to exploring?

Best,
Sarah",138,1,1,1,0,0,casual,long,1
dcbe9fcfd7,Following up,"Hello Omar,

I'm reaching out because we help companies like Clarity Health with shortening your sales cycle. We built a lead-scoring API that a few teams in your space have found useful.

Feel free to book a slot here: https://meetings.example.com/11d95d

Best regards,
Sarah from GrowthPilot",51,0,1,1,1,0,formal,short,1
34575445bb,URGENT: Don't miss out on this deal,"Hey Daniel,

I noticed Axion Systems has been focused on making your onboarding emails feel less robotic, and thought I'd reach out. We built a lead-scoring API that helps teams like yours with exactly that. In practice, this usually means less manual work for your team and faster turnaround on the tasks that used to take hours.

Feel free to book a slot here: https://meetings.example.com/41922d Is this something you would be open to exploring?

Best,
Alex, Head of Partnerships at Loopwave",87,1,1,1,2,0,spammy,medium,0
766cf501fc,Helping Atelier Commerce with shortening your,"Hello Lucas,

I noticed Atelier Commerce has been focused on shortening your sales cycle, and thought I'd reach out. We built a churn-prediction dashboard that helps teams like yours with exactly that. In practice, this usually means less manual work for your team and faster turnaround on the tasks that used to take hours. We've seen teams cut this kind of overhead significantly within the first few weeks, and the setup itself takes less than a day with support from our onboarding team. Happy to share a couple of examples from companies in a similar space if that would help you evaluate whether this is worth exploring further on your end.

Thanks for reading, and have a great rest of your week. Is this something you would be open to exploring?

Best regards,
Sarah from GrowthPilot",139,1,0,0,2,0,formal,long,0
ad9dbcce8d,Quick question,"To Whom It May Concern,

We offer a lead-scoring API that helps businesses with cutting the time your team spends on manual data entry. I wanted to see if this might be relevant for your team. In practice, this usually means less manual work for your team and faster turnaround on the tasks that used to take hours.

You can grab 15 minutes directly on my calendar: https://cal.example.com/39490e

Best regards,
Priya from DataForge",78,0,1,1,0,0,formal,medium,0
0f03152a65,Saw Nordica Retail's recent growth — quick thought,"Hi Chloe,

I noticed Nordica Retail has been focused on making your onboarding emails feel less robotic, and thought I'd reach out. We built a data-enrichment service that helps teams like yours with exactly that. In practice, this usually means less manual work for your team and faster turnaround on the tasks that used to take hours.

Let me know if you'd like a short demo — happy to work around your schedule. Is this something you would be open to exploring?

Best regards,
Priya from DataForge",89,1,1,0,2,0,formal,medium,0
1e77df4e4c,Partnership opportunity,"Hey Fatima,

I'm reaching out because we help companies like Axion Systems with cutting the time your team spends on manual data entry. We built a data-enrichment service that a few teams in your space have found useful. In practice, this usually means less manual work for your team and faster turnaround on the tasks that used to take hours.

Here's a short demo video if that's easier: https://demo.example.com/219eeb

Best,
Priya",79,0,1,1,1,0,casual,medium,1
15ce286354,Introduction,"Hey Priya,

I'm reaching out because we help companies like Modela with improving reply rates on cold outreach. We built a sales-engagement platform that a few teams in your space have found useful. In practice, this usually means less manual work for your team and faster turnaround on the tasks that used to take hours. We've seen teams cut this kind of overhead significantly within the first few weeks, and the setup itself takes less than a day with support from our onboarding team. Happy to share a couple of examples from companies in a similar space if that would help you evaluate whether this is worth exploring further on your end.

Thanks for reading, and have a great rest of your week. Is this something you would be open to exploring?

Best,
the",137,1,0,0,1,0,casual,long,0
44210c653f,"Emma, quick question about Tendr Finance","Hello Emma,

I'm reaching out because we help companies like Tendr Finance with improving reply rates on cold outreach. We built an AI-based email assistant that a few teams in your space have found useful. In practice, this usually means less manual work for your team and faster turnaround on the tasks that used to take hours.

Reply with a good time and I'll send a calendar invite. Is this something you would be open to exploring?

Best regards,
Alex, Head of Partnerships at Loopwave",88,1,1,0,1,0,formal,medium,1
09c46d3197,Saw Axion Systems's recent growth — quick thought,"Hi Carlos,

I'm reaching out because we help companies like Axion Systems with shortening your sales cycle. We built a lead-scoring API that a few teams in your space have found useful.

No worries either way — just thought I'd reach out.

Best regards,
Jamie at Northstar Sales",50,0,0,0,1,0,formal,short,1
66a30aef5b,Boost your revenue by 300% instantly,"Hey Anna,

I noticed Streamline Freight has been focused on reducing churn in your onboarding funnel, and thought I'd reach out. We built a scheduling assistant that helps teams like yours with exactly that. In practice, this usually means less manual work for your team and faster turnaround on the tasks that used to take hours. We've seen teams cut this kind of overhead significantly within the first few weeks, and the setup itself takes less than a day with support from our onboarding team. Happy to share a couple of examples from companies in a similar space if that would help you evaluate whether this is worth exploring further on your end.

Worth a quick chat? I can send over a couple of time slots.

Best,
Sarah",130,1,1,0,2,0,spammy,long,0
9e41e5afbe,Following up,"Hello,

We offer a lead-scoring API that helps businesses with making your onboarding emails feel less robotic. I wanted to see if this might be relevant for your team. In practice, this usually means less manual work for your team and faster turnaround on the tasks that used to take hours.

Thanks for reading, and have a great rest of your week. Is this something your team would be open to exploring?

Best,
Priya",75,1,0,0,0,0,casual,medium,1
d14c8928e9,Partnership opportunity,"Good morning,

We offer a data-enrichment service that helps businesses with scaling your outbound without losing personalization. I wanted to see if this might be relevant for your team. In practice, this usually means less manual work for your team and faster turnaround on the tasks that used to take hours. We've seen teams cut this kind of overhead significantly within the first few weeks, and the setup itself takes less than a day with support from our onboarding team. Happy to share a couple of examples from companies in a similar space if that would help you evaluate whether this is worth exploring further on your end.

No worries either way — just thought I'd reach out.

Best regards,
Alex, Head of Partnerships at Loopwave",128,0,0,0,0,0,formal,long,0
28d7a3d3b6,"Emma, quick question about Cargopath Logistics","Hey Emma,

I noticed Cargopath Logistics has been focused on shortening your sales cycle, and thought I'd reach out. We built a workflow automation tool that helps teams like yours with exactly that.

Would you be open to a quick 15-minute call this week.

Best regards,
the team at Signalfy",52,0,1,0,2,0,formal,short,1
7bc5c37acf,Following up,"Hello Anna,

I'm reaching out because we help companies like Equora Capital with getting more signal from your website traffic. We built a workflow automation tool that a few teams in your space have found useful.

Anyway, just wanted to share this in case it's useful. Is this something you would be open to exploring?

Best,
Alex, Head of Partnerships at Loopwave",64,1,0,0,1,0,casual,short,1
7f76448a59,URGENT: Don't miss out on this deal,"Hello Sarah,

I'm reaching out because we help companies like Payflow with making your onboarding emails feel less robotic. We built an AI-based email assistant that a few teams in your space have found useful.

Let me know if you'd like a short demo — happy to work around your schedule. Is this something you would be open to exploring?

Best,
the",64,1,1,0,1,0,spammy,short,1
14e14a3057,Saw Inferra's recent growth — quick thought,"Hello Priya,

I noticed Inferra has been focused on reducing no-shows on booked calls, and thought I'd reach out. We built a churn-prediction dashboard that helps teams like yours with exactly that.

Anyway, just wanted to share this in case it's useful.

Best,
the",48,0,0,0,2,0,casual,short,1
8134ae85c6,Checking in,"Good morning,

We offer a lightweight CRM add-on that helps businesses with cutting the time your team spends on manual data entry. I wanted to see if this might be relevant for your team.

Reply with a good time and I'll send a calendar invite.

Best regards,
Sarah from GrowthPilot",52,0,1,0,0,0,formal,short,1
23717498b9,Partnership opportunity,"Hi there,

We offer a churn-prediction dashboard that helps businesses with reducing churn in your onboarding funnel. I wanted to see if this might be relevant for your team.

Reply with a good time and I'll send a calendar invite. Is this something your team would be open to exploring?

Best,
Alex, Head of Partnerships at Loopwave",59,1,1,0,0,0,casual,short,0
78516d74e7,Following up,"Hey David,

I'm reaching out because we help companies like Medisync Health with shortening your sales cycle. We built a lightweight CRM add-on that a few teams in your space have found useful. In practice, this usually means less manual work for your team and faster turnaround on the tasks that used to take hours. We've seen teams cut this kind of overhead significantly within the first few weeks, and the setup itself takes less than a day with support from our onboarding team. Happy to share a couple of examples from companies in a similar space if that would help you evaluate whether this is worth exploring further on your end.

Worth a quick chat? I can send over a couple of time slots.

Best regards,
Jamie at Northstar Sales",134,1,1,0,1,0,formal,long,1
62b9f5288b,Quick question,"To Whom It May Concern,

We offer a lightweight CRM add-on that helps businesses with cutting the time your team spends on manual data entry. I wanted to see if this might be relevant for your team. In practice, this usually means less manual work for your team and faster turnaround on the tasks that used to take hours. We've seen teams cut this kind of overhead significantly within the first few weeks, and the setup itself takes less than a day with support from our onboarding team. Happy to share a couple of examples from companies in a similar space if that would help you evaluate whether this is worth exploring further on your end.

Would you be open to a quick 15-minute call this week.

Best regards,
Jamie at Northstar Sales",136,0,1,0,0,0,formal,long,0
24c2b5e1b2,"Elena, quick question about Vectra AI","Hello Elena,

I noticed Vectra AI has been focused on getting more signal from your website traffic, and thought I'd reach out. We built a workflow automation tool that helps teams like yours with exactly that. In practice, this usually means less manual work for your team and faster turnaround on the tasks that used to take hours.

Feel free to book a slot here: https://meetings.example.com/a505c8

Best,
Priya",73,0,1,1,2,0,casual,medium,1
91fc80c40d,Introduction,"Good morning,

We offer a lightweight CRM add-on that helps businesses with reducing no-shows on booked calls. I wanted to see if this might be relevant for your team. In practice, this usually means less manual work for your team and faster turnaround on the tasks that used to take hours.

No worries either way — just thought I'd reach out. Is this something your team would be open to exploring?

Best,
Sarah",75,1,0,0,0,0,casual,medium,0
ee6b55af28,Helping Inferra with automating your,"Hey James,

I noticed Inferra has been focused on automating your lead qualification process, and thought I'd reach out. We built a lightweight CRM add-on that helps teams like yours with exactly that.

Anyway, just wanted to share this in case it's useful.

Best regards,
Jamie at Northstar Sales",52,0,0,0,2,0,formal,short,1
ce7ca9b5e0,Idea for Cascade Analytics's outbound,"Hi Ravi,

I noticed Cascade Analytics has been focused on cutting the time your team spends on manual data entry, and thought I'd reach out. We built a lightweight CRM add-on that helps teams like yours with exactly that. In practice, this usually means less manual work for your team and faster turnaround on the tasks that used to take hours.

Anyway, just wanted to share this in case it's useful. Is this something you would be open to exploring?

Best,
the",85,1,0,0,2,0,casual,medium,1
35ce422de0,"David, quick question about Medisync Health","Hello David,

I noticed Medisync Health has been focused on keeping your CRM data clean as you grow, and thought I'd reach out. We built a data-enrichment service that helps teams like yours with exactly that. In practice, this usually means less manual work for your team and faster turnaround on the tasks that used to take hours.

Anyway, just wanted to share this in case it's useful.

Best regards,
Jamie at Northstar Sales",77,0,0,0,2,0,formal,medium,0
702948152a,Idea for Northpay's outbound,"Hello James,

I'm reaching out because we help companies like Northpay with shortening your sales cycle. We built a lightweight CRM add-on that a few teams in your space have found useful.

Reply with a good time and I'll send a calendar invite. Is this something you would be open to exploring?

Best,
the",57,1,1,0,1,0,casual,short,1
f8802b458d,Idea for Equora Capital's outbound,"Hello Anna,

I noticed Equora Capital has been focused on reducing no-shows on booked calls, and thought I'd reach out. We built an AI-based email assistant that helps teams like yours with exactly that.

Thanks for reading, and have a great rest of your week.

Best regards,
Priya from DataForge",53,0,0,0,2,0,formal,short,1
4b7663638f,Partnership opportunity,"Hi there,

We offer a data-enrichment service that helps businesses with cutting the time your team spends on manual data entry. I wanted to see if this might be relevant for your team.

Anyway, just wanted to share this in case it's useful.

Best,
Jamie",47,0,0,0,0,0,casual,short,1
0c474eaa8a,Partnership opportunity,"Hi Chloe,

I'm reaching out because we help companies like Axion Systems with shortening your sales cycle. We built a lightweight CRM add-on that a few teams in your space have found useful.

Can I send over a one-pager, or would a call be easier?

Best,
Alex, Head of Partnerships at Loopwave",55,1,1,0,1,0,casual,short,1
0451aeefcc,Saw Streamline Freight's recent growth — quick thought,"Hey Daniel,

I noticed Streamline Freight has been focused on shortening your sales cycle, and thought I'd reach out. We built a sales-engagement platform that helps teams like yours with exactly that. In practice, this usually means less manual work for your team and faster turnaround on the tasks that used to take hours.

No worries either way — just thought I'd reach out. Is this something you would be open to exploring?

Best regards,
Priya from DataForge",80,1,0,0,2,0,formal,medium,0
535f63ad9f,Boost your revenue by 300% instantly,"Hi Fatima,

I noticed Cura Health has been focused on improving reply rates on cold outreach, and thought I'd reach out. We built a sales-engagement platform that helps teams like yours with exactly that.

Can I send over a one-pager, or would a call be easier?

Best,
Sarah",51,1,1,0,2,0,spammy,short,1
c57f6916b3,Saw Payflow's recent growth — quick thought,"Hey Lucas,

I'm reaching out because we help companies like Payflow with cutting the time your team spends on manual data entry. We built a sales-engagement platform that a few teams in your space have found useful.

Here's a short demo video if that's easier: https://demo.example.com/2c684f Is this something you would be open to exploring?

Best regards,
the team at Signalfy",69,1,1,1,1,0,formal,short,0
d42a189141,"Laura, quick question about Cargopath Logistics","Hi Laura,

I'm reaching out because we help companies like Cargopath Logistics with keeping your CRM data clean as you grow. We built an AI-based email assistant that a few teams in your space have found useful. In practice, this usually means less manual work for your team and faster turnaround on the tasks that used to take hours. We've seen teams cut this kind of overhead significantly within the first few weeks, and the setup itself takes less than a day with support from our onboarding team. Happy to share a couple of examples from companies in a similar space if that would help you evaluate whether this is worth exploring further on your end.

Anyway, just wanted to share this in case it's useful.

Best regards,
Sarah from GrowthPilot",135,0,0,0,1,0,formal,long,1
21e13528a7,Saw Medisync Health's recent growth — quick thought,"Hello James,

I'm reaching out because we help companies like Medisync Health with cutting the time your team spends on manual data entry. We built a scheduling assistant that a few teams in your space have found useful.

Feel free to book a slot here: https://meetings.example.com/fb236c Is this something you would be open to exploring?

Best regards,
the team at Signalfy",66,1,1,1,1,0,formal,short,1
d6e84d03bd,Introduction,"Hello,

We offer a churn-prediction dashboard that helps businesses with getting more signal from your website traffic. I wanted to see if this might be relevant for your team. In practice, this usually means less manual work for your team and faster turnaround on the tasks that used to take hours.

You can grab 15 minutes directly on my calendar: https://cal.example.com/abf214 Is this something your team would be open to exploring?

Best regards,
the team at Signalfy",82,1,1,1,0,0,formal,medium,0
50d18195fa,Idea for Nordica Retail's outbound,"Hi Thomas,

I noticed Nordica Retail has been focused on reducing no-shows on booked calls, and thought I'd reach out. We built a workflow automation tool that helps teams like yours with exactly that. In practice, this usually means less manual work for your team and faster turnaround on the tasks that used to take hours. We've seen teams cut this kind of overhead significantly within the first few weeks, and the setup itself takes less than a day with support from our onboarding team. Happy to share a couple of examples from companies in a similar space if that would help you evaluate whether this is worth exploring further on your end.

Let me know if you'd like a short demo — happy to work around your schedule.

Best,
Priya",134,0,1,0,2,0,casual,long,0
9c28984199,Idea for Cura Health's outbound,"Hey Omar,

I'm reaching out because we help companies like Cura Health with shortening your sales cycle. We built a sales-engagement platform that a few teams in your space have found useful.

Anyway, just wanted to share this in case it's useful. Is this something you would be open to exploring?

Best,
Priya",56,1,0,0,1,0,casual,short,1
92299eb1b8,"Nina, quick question about Modela","Hello Nina,

I noticed Modela has been focused on keeping your CRM data clean as you grow, and thought I'd reach out. We built a churn-prediction dashboard that helps teams like yours with exactly that. In practice, this usually means less manual work for your team and faster turnaround on the tasks that used to take hours. We've seen teams cut this kind of overhead significantly within the first few weeks, and the setup itself takes less than a day with support from our onboarding team. Happy to share a couple of examples from companies in a similar space if that would help you evaluate whether this is worth exploring further on your end.

You can grab 15 minutes directly on my calendar: https://cal.example.com/08af51 Is this something you would be open to exploring?

Best regards,
the team at Signalfy",146,1,1,1,2,0,formal,long,1
d701fed263,Boost your revenue by 300% instantly,"Hey Daniel,

I noticed Cargopath Logistics has been focused on reducing churn in your onboarding funnel, and thought I'd reach out. We built a sales-engagement platform that helps teams like yours with exactly that. In practice, this usually means less manual work for your team and faster turnaround on the tasks that used to take hours. We've seen teams cut this kind of overhead significantly within the first few weeks, and the setup itself takes less than a day with support from our onboarding team. Happy to share a couple of examples from companies in a similar space if that would help you evaluate whether this is worth exploring further on your end.

Reply with a good time and I'll send a calendar invite. Is this something you would be open to exploring?

Best,
Alex, Head of Partnerships at Loopwave",144,1,1,0,2,0,spammy,long,0
ebb3265984,"Maya, quick question about Equora Capital","Hello Maya,

I'm reaching out because we help companies like Equora Capital with reducing no-shows on booked calls. We built a churn-prediction dashboard that a few teams in your space have found useful. In practice, this usually means less manual work for your team and faster turnaround on the tasks that used to take hours. We've seen teams cut this kind of overhead significantly within the first few weeks, and the setup itself takes less than a day with support from our onboarding team. Happy to share a couple of examples from companies in a similar space if that would help you evaluate whether this is worth exploring further on your end.

Let me know if you'd like a short demo — happy to work around your schedule.

Best regards,
the team at Signalfy",138,0,1,0,1,0,formal,long,1
983b22c695,Quick question,"Hi David,

I'm reaching out because we help companies like Brightloop with scaling your outbound without losing personalization. We built a lightweight CRM add-on that a few teams in your space have found useful. In practice, this usually means less manual work for your team and faster turnaround on the tasks that used to take hours.

Worth a quick chat.

Best regards,
Priya from DataForge",67,0,1,0,1,0,formal,medium,1
2930a7eaf1,"Nina, quick question about Payflow","Hi Nina,

I noticed Payflow has been focused on keeping your CRM data clean as you grow, and thought I'd reach out. We built a lightweight CRM add-on that helps teams like yours with exactly that. In practice, this usually means less manual work for your team and faster turnaround on the tasks that used to take hours. We've seen teams cut this kind of overhead significantly within the first few weeks, and the setup itself takes less than a day with support from our onboarding team. Happy to share a couple of examples from companies in a similar space if that would help you evaluate whether this is worth exploring further on your end.

Anyway, just wanted to share this in case it's useful. Is this something you would be open to exploring?

Best regards,
Jamie at Northstar Sales",144,1,0,0,2,0,formal,long,0
006ca2f4de,Helping Medisync Health with automating your,"Hey Marco,

I'm reaching out because we help companies like Medisync Health with automating your lead qualification process. We built a workflow automation tool that a few teams in your space have found useful.

Here's a short demo video if that's easier: https://demo.example.com/660f6a Is this something you would be open to exploring?

Best,
Alex, Head of Partnerships at Loopwave",66,1,1,1,1,0,casual,short,1
5dc9ad7eff,FINAL NOTICE: Limited time offer,"Hey Fatima,

I noticed Atelier Commerce has been focused on reducing churn in your onboarding funnel, and thought I'd reach out. We built a workflow automation tool that helps teams like yours with exactly that. In practice, this usually means less manual work for your team and faster turnaround on the tasks that used to take hours.

Anyway, just wanted to share this in case it's useful. Is this something you would be open to exploring?

Best,
Jamie",80,1,0,0,2,0,spammy,medium,0
ca9973c69a,Quick question,"To Whom It May Concern,

We offer a workflow automation tool that helps businesses with making your onboarding emails feel less robotic. I wanted to see if this might be relevant for your team.

Here's a short demo video if that's easier: https://demo.example.com/d1e0e0

Best regards,
the team at Signalfy",55,0,1,1,0,0,formal,short,0
281fedd672,Amazing opportunity you can't miss!!!,"Hey Elena,

I'm reaching out because we help companies like Equora Capital with cutting the time your team spends on manual data entry. We built a churn-prediction dashboard that a few teams in your space have found useful.

You can grab 15 minutes directly on my calendar: https://cal.example.com/24b95d

Best,
Jamie",56,0,1,1,1,0,spammy,short,1
bd133dc99f,Saw Cascade Analytics's recent growth — quick thought,"Hi Ravi,

I noticed Cascade Analytics has been focused on improving reply rates on cold outreach, and thought I'd reach out. We built a churn-prediction dashboard that helps teams like yours with exactly that.

Can I send over a one-pager, or would a call be easier?

Best regards,
Alex, Head of Partnerships at Loopwave",57,1,1,0,2,0,formal,short,1
be6ba6cd6f,Following up,"Hi Noah,

I'm reaching out because we help companies like Cura Health with shortening your sales cycle. We built a lead-scoring API that a few teams in your space have found useful. In practice, this usually means less manual work for your team and faster turnaround on the tasks that used to take hours. We've seen teams cut this kind of overhead significantly within the first few weeks, and the setup itself takes less than a day with support from our onboarding team. Happy to share a couple of examples from companies in a similar space if that would help you evaluate whether this is worth exploring further on your end.

Feel free to book a slot here: https://meetings.example.com/e9f086 Is this something you would be open to exploring?

Best,
Alex, Head of Partnerships at Loopwave",142,1,1,1,1,0,casual,long,1
2c45ba71d3,Helping Trustline Bank with automating your,"Hi Thomas,

I'm reaching out because we help companies like Trustline Bank with automating your lead qualification process. We built a churn-prediction dashboard that a few teams in your space have found useful. In practice, this usually means less manual work for your team and faster turnaround on the tasks that used to take hours.

Feel free to book a slot here: https://meetings.example.com/063de9 Is this something you would be open to exploring?

Best,
Sarah",80,1,1,1,1,0,casual,medium,0
f4cd2ca968,Idea for Axion Systems's outbound,"Hi Sarah,

I noticed Axion Systems has been focused on scaling your outbound without losing personalization, and thought I'd reach out. We built a lightweight CRM add-on that helps teams like yours with exactly that. In practice, this usually means less manual work for your team and faster turnaround on the tasks that used to take hours. We've seen teams cut this kind of overhead significantly within the first few weeks, and the setup itself takes less than a day with support from our onboarding team. Happy to share a couple of examples from companies in a similar space if that would help you evaluate whether this is worth exploring further on your end.

Anyway, just wanted to share this in case it's useful.

Best,
the",130,0,0,0,2,0,casual,long,0
37dddc856b,Quick question,"Hey Maya,

I'm reaching out because we help companies like Cura Health with scaling your outbound without losing personalization. We built a churn-prediction dashboard that a few teams in your space have found useful. In practice, this usually means less manual work for your team and faster turnaround on the tasks that used to take hours. We've seen teams cut this kind of overhead significantly within the first few weeks, and the setup itself takes less than a day with support from our onboarding team. Happy to share a couple of examples from companies in a similar space if that would help you evaluate whether this is worth exploring further on your end.

Worth a quick chat.

Best regards,
Sarah from GrowthPilot",125,0,1,0,1,0,formal,long,0
b2c9acc303,"Ravi, quick question about Northpay","Hi Ravi,

I'm reaching out because we help companies like Northpay with shortening your sales cycle. We built a workflow automation tool that a few teams in your space have found useful.

No worries either way — just thought I'd reach out. Is this something you would be open to exploring?

Best,
Priya",54,1,0,0,1,0,casual,short,1
929e839585,Quick question,"To Whom It May Concern,

We offer a lead-scoring API that helps businesses with reducing churn in your onboarding funnel. I wanted to see if this might be relevant for your team.

Here's a short demo video if that's easier: https://demo.example.com/16fe20

Best regards,
the team at Signalfy",54,0,1,1,0,0,formal,short,1
84544443d5,Following up,"Hi Anna,

I'm reaching out because we help companies like Equora Capital with making your onboarding emails feel less robotic. We built a workflow automation tool that a few teams in your space have found useful. In practice, this usually means less manual work for your team and faster turnaround on the tasks that used to take hours. We've seen teams cut this kind of overhead significantly within the first few weeks, and the setup itself takes less than a day with support from our onboarding team. Happy to share a couple of examples from companies in a similar space if that would help you evaluate whether this is worth exploring further on your end.

Here's a short demo video if that's easier: https://demo.example.com/29daf5 Is this something you would be open to exploring?

Best regards,
the team at Signalfy",147,1,1,1,1,0,formal,long,1
826ef40a99,Partnership opportunity,"Hello,

We offer a data-enrichment service that helps businesses with improving reply rates on cold outreach. I wanted to see if this might be relevant for your team. In practice, this usually means less manual work for your team and faster turnaround on the tasks that used to take hours. We've seen teams cut this kind of overhead significantly within the first few weeks, and the setup itself takes less than a day with support from our onboarding team. Happy to share a couple of examples from companies in a similar space if that would help you evaluate whether this is worth exploring further on your end.

Can I send over a one-pager, or would a call be easier?

Best regards,
Priya from DataForge",127,1,1,0,0,0,formal,long,0
cee2bbad91,Partnership opportunity,"Hey Elena,

I'm reaching out because we help companies like Axion Systems with getting more signal from your website traffic. We built a lead-scoring API that a few teams in your space have found useful. In practice, this usually means less manual work for your team and faster turnaround on the tasks that used to take hours. We've seen teams cut this kind of overhead significantly within the first few weeks, and the setup itself takes less than a day with support from our onboarding team. Happy to share a couple of examples from companies in a similar space if that would help you evaluate whether this is worth exploring further on your end.

Can I send over a one-pager, or would a call be easier.

Best regards,
Alex, Head of Partnerships at Loopwave",138,0,1,0,1,0,formal,long,0
ef0d843f16,Helping Vectra AI with scaling your,"Hey Elena,

I noticed Vectra AI has been focused on scaling your outbound without losing personalization, and thought I'd reach out. We built a workflow automation tool that helps teams like yours with exactly that.

Would you be open to a quick 15-minute call this week?

Best regards,
the team at Signalfy",54,1,1,0,2,0,formal,short,0
63c735a620,Following up,"Hello Marco,

I'm reaching out because we help companies like Vectra AI with shortening your sales cycle. We built a churn-prediction dashboard that a few teams in your space have found useful. In practice, this usually means less manual work for your team and faster turnaround on the tasks that used to take hours.

No worries either way — just thought I'd reach out. Is this something you would be open to exploring?

Best,
Jamie",77,1,0,0,1,0,casual,medium,0
5eb4e8ddb2,Partnership opportunity,"Hi there,

We offer a data-enrichment service that helps businesses with getting more signal from your website traffic. I wanted to see if this might be relevant for your team.

Would you be open to a quick 15-minute call this week?

Best regards,
Sarah from GrowthPilot",48,1,1,0,0,0,formal,short,1
8e1132b128,URGENT: Don't miss out on this deal,"Hello Sarah,

I'm reaching out because we help companies like Equora Capital with reducing no-shows on booked calls. We built an AI-based email assistant that a few teams in your space have found useful. In practice, this usually means less manual work for your team and faster turnaround on the tasks that used to take hours. We've seen teams cut this kind of overhead significantly within the first few weeks, and the setup itself takes less than a day with support from our onboarding team. Happy to share a couple of examples from companies in a similar space if that would help you evaluate whether this is worth exploring further on your end.

You can grab 15 minutes directly on my calendar: https://cal.example.com/b13ef5

Best,
Alex, Head of Partnerships at Loopwave",138,0,1,1,1,0,spammy,long,0
c5b1828526,Re: Re: Following up on my last email,"Hi Laura,

I noticed Streamline Freight has been focused on scaling your outbound without losing personalization, and thought I'd reach out. We built a data-enrichment service that helps teams like yours with exactly that.

Feel free to book a slot here: https://meetings.example.com/e704e5 Is this something you would be open to exploring?

Best,
Sarah",59,1,1,1,2,0,spammy,short,1
cd8badbd0e,Saw Foundry Labs's recent growth — quick thought,"Hi Emma,

I'm reaching out because we help companies like Foundry Labs with getting more signal from your website traffic. We built a workflow automation tool that a few teams in your space have found useful. In practice, this usually means less manual work for your team and faster turnaround on the tasks that used to take hours.

Feel free to book a slot here: https://meetings.example.com/0316f7

Best,
Jamie",73,0,1,1,1,0,casual,medium,1
c141c90368,"Omar, quick question about Medisync Health","Hello Omar,

I'm reaching out because we help companies like Medisync Health with improving reply rates on cold outreach. We built an AI-based email assistant that a few teams in your space have found useful. In practice, this usually means less manual work for your team and faster turnaround on the tasks that used to take hours.

Would you be open to a quick 15-minute call this week.

Best,
Priya",73,0,1,0,1,0,casual,medium,1
ae60e92d40,Idea for Tendr Finance's outbound,"Hi Nina,

I'm reaching out because we help companies like Tendr Finance with automating your lead qualification process. We built a data-enrichment service that a few teams in your space have found useful. In practice, this usually means less manual work for your team and faster turnaround on the tasks that used to take hours. We've seen teams cut this kind of overhead significantly within the first few weeks, and the setup itself takes less than a day with support from our onboarding team. Happy to share a couple of examples from companies in a similar space if that would help you evaluate whether this is worth exploring further on your end.

Would you be open to a quick 15-minute call this week.

Best,
Sarah",129,0,1,0,1,0,casual,long,0
37eed713be,Introduction,"To Whom It May Concern,

We offer a churn-prediction dashboard that helps businesses with getting more signal from your website traffic. I wanted to see if this might be relevant for your team. In practice, this usually means less manual work for your team and faster turnaround on the tasks that used to take hours. We've seen teams cut this kind of overhead significantly within the first few weeks, and the setup itself takes less than a day with support from our onboarding team. Happy to share a couple of examples from companies in a similar space if that would help you evaluate whether this is worth exploring further on your end.

Would you be open to a quick 15-minute call this week.

Best,
Sarah",128,0,1,0,0,0,casual,long,0
43ebdb4be6,Quick question,"Hello,

We offer a data-enrichment service that helps businesses with getting more signal from your website traffic. I wanted to see if this might be relevant for your team. In practice, this usually means less manual work for your team and faster turnaround on the tasks that used to take hours. We've seen teams cut this kind of overhead significantly within the first few weeks, and the setup itself takes less than a day with support from our onboarding team. Happy to share a couple of examples from companies in a similar space if that would help you evaluate whether this is worth exploring further on your end.

Worth a quick chat.

Best regards,
the team at Signalfy",120,0,1,0,0,0,formal,long,1
a1eb969536,Introduction,"Hello Emma,

I'm reaching out because we help companies like Modela with getting more signal from your website traffic. We built a churn-prediction dashboard that a few teams in your space have found useful. In practice, this usually means less manual work for your team and faster turnaround on the tasks that used to take hours.

Let me know if you'd like a short demo — happy to work around your schedule. Is this something you would be open to exploring?

Best regards,
Alex, Head of Partnerships at Loopwave",91,1,1,0,1,0,formal,medium,1
8ab16a9d81,"Emma, quick question about Cascade Analytics","Hello Emma,

I noticed Cascade Analytics has been focused on reducing churn in your onboarding funnel, and thought I'd reach out. We built a lightweight CRM add-on that helps teams like yours with exactly that. In practice, this usually means less manual work for your team and faster turnaround on the tasks that used to take hours. We've seen teams cut this kind of overhead significantly within the first few weeks, and the setup itself takes less than a day with support from our onboarding team. Happy to share a couple of examples from companies in a similar space if that would help you evaluate whether this is worth exploring further on your end.

You can grab 15 minutes directly on my calendar: https://cal.example.com/fffc43 Is this something you would be open to exploring?

Best regards,
the team at Signalfy",146,1,1,1,2,0,formal,long,1
82a2c35c73,Idea for Tendr Finance's outbound,"Hi Sophie,

I noticed Tendr Finance has been focused on cutting the time your team spends on manual data entry, and thought I'd reach out. We built an AI-based email assistant that helps teams like yours with exactly that.

Here's a short demo video if that's easier: https://demo.example.com/0b880f Is this something you would be open to exploring?

Best regards,
the team at Signalfy",71,1,1,1,2,0,formal,short,1
1b66988e6b,Amazing opportunity you can't miss!!!,"Good morning,

We offer a lightweight CRM add-on that helps businesses with getting more signal from your website traffic. I wanted to see if this might be relevant for your team.

Can I send over a one-pager, or would a call be easier.

Best,
Priya",47,0,1,0,0,0,spammy,short,0
8f09501f69,Introduction,"Hey Fatima,

I'm reaching out because we help companies like Inferra with scaling your outbound without losing personalization. We built a scheduling assistant that a few teams in your space have found useful. In practice, this usually means less manual work for your team and faster turnaround on the tasks that used to take hours.

Would you be open to a quick 15-minute call this week?

Best,
Sarah",70,1,1,0,1,0,casual,medium,0
2efd057ca9,Quick question,"Hey Sophie,

I'm reaching out because we help companies like Equora Capital with improving reply rates on cold outreach. We built a churn-prediction dashboard that a few teams in your space have found useful. In practice, this usually means less manual work for your team and faster turnaround on the tasks that used to take hours. We've seen teams cut this kind of overhead significantly within the first few weeks, and the setup itself takes less than a day with support from our onboarding team. Happy to share a couple of examples from companies in a similar space if that would help you evaluate whether this is worth exploring further on your end.

Thanks for reading, and have a great rest of your week.

Best,
Priya",129,0,0,0,1,0,casual,long,1
db2d1fd48c,"Marco, quick question about Axion Systems","Hi Marco,

I'm reaching out because we help companies like Axion Systems with keeping your CRM data clean as you grow. We built a workflow automation tool that a few teams in your space have found useful.

You can grab 15 minutes directly on my calendar: https://cal.example.com/0579ad Is this something you would be open to exploring?

Best regards,
Jamie at Northstar Sales",67,1,1,1,1,0,formal,short,1
bb42ee4358,Introduction,"Hi Thomas,

I'm reaching out because we help companies like Inferra with making your onboarding emails feel less robotic. We built a lead-scoring API that a few teams in your space have found useful. In practice, this usually means less manual work for your team and faster turnaround on the tasks that used to take hours.

Thanks for reading, and have a great rest of your week.

Best,
Alex, Head of Partnerships at Loopwave",76,0,0,0,1,0,casual,medium,0
5dca08e9c6,Checking in,"Hi there,

We offer an AI-based email assistant that helps businesses with shortening your sales cycle. I wanted to see if this might be relevant for your team. In practice, this usually means less manual work for your team and faster turnaround on the tasks that used to take hours.

Worth a quick chat.

Best,
Priya",57,0,1,0,0,0,casual,medium,1
129ae7f74b,URGENT: Don't miss out on this deal,"Hey Sophie,

I noticed Equora Capital has been focused on reducing churn in your onboarding funnel, and thought I'd reach out. We built a workflow automation tool that helps teams like yours with exactly that. In practice, this usually means less manual work for your team and faster turnaround on the tasks that used to take hours.

Here's a short demo video if that's easier: https://demo.example.com/42acbf

Best,
Alex, Head of Partnerships at Loopwave",80,0,1,1,2,0,spammy,medium,0
1b03b41d95,Helping Northpay with reducing churn,"Hello Marco,

I noticed Northpay has been focused on reducing churn in your onboarding funnel, and thought I'd reach out. We built a data-enrichment service that helps teams like yours with exactly that.

Would you be open to a quick 15-minute call this week?

Best,
Alex, Head of Partnerships at Loopwave",54,1,1,0,2,0,casual,short,1
21700301bb,Helping Cargopath Logistics with scaling your,"Hey Michael,

I'm reaching out because we help companies like Cargopath Logistics with scaling your outbound without losing personalization. We built a scheduling assistant that a few teams in your space have found useful. In practice, this usually means less manual work for your team and faster turnaround on the tasks that used to take hours.

Thanks for reading, and have a great rest of your week.

Best regards,
Jamie at Northstar Sales",74,0,0,0,1,0,formal,medium,0
cb00dffb66,Re: Re: Following up on my last email,"Hey Laura,

I'm reaching out because we help companies like Payflow with shortening your sales cycle. We built a workflow automation tool that a few teams in your space have found useful. In practice, this usually means less manual work for your team and faster turnaround on the tasks that used to take hours.

Worth a quick chat.

Best,
Sarah",61,0,1,0,1,0,spammy,medium,0
935fdffcf9,Checking in,"Hi there,

We offer a data-enrichment service that helps businesses with scaling your outbound without losing personalization. I wanted to see if this might be relevant for your team.

Here's a short demo video if that's easier: https://demo.example.com/a1f354

Best,
Alex, Head of Partnerships at Loopwave",52,0,1,1,0,0,casual,short,0
f7bbc95b60,Checking in,"To Whom It May Concern,

We offer a scheduling assistant that helps businesses with reducing no-shows on booked calls. I wanted to see if this might be relevant for your team. In practice, this usually means less manual work for your team and faster turnaround on the tasks that used to take hours.

Can I send over a one-pager, or would a call be easier?

Best regards,
Priya from DataForge",72,1,1,0,0,0,formal,medium,1
259c175a5a,FINAL NOTICE: Limited time offer,"Hey Nina,

I'm reaching out because we help companies like Atelier Commerce with shortening your sales cycle. We built a scheduling assistant that a few teams in your space have found useful.

No worries either way — just thought I'd reach out.

Best,
Jamie",45,0,0,0,1,0,spammy,short,0
b2b740ea35,Introduction,"Hello,

We offer a scheduling assistant that helps businesses with reducing no-shows on booked calls. I wanted to see if this might be relevant for your team.

Reply with a good time and I'll send a calendar invite.

Best regards,
Jamie at Northstar Sales",46,0,1,0,0,0,formal,short,0
ba578c15cc,Idea for Bottega Retail's outbound,"Hi Noah,

I noticed Bottega Retail has been focused on getting more signal from your website traffic, and thought I'd reach out. We built a data-enrichment service that helps teams like yours with exactly that.

Worth a quick chat.

Best,
Alex, Head of Partnerships at Loopwave",48,0,1,0,2,0,casual,short,1
27f558e35c,Idea for Atelier Commerce's outbound,"Hello James,

I noticed Atelier Commerce has been focused on reducing no-shows on booked calls, and thought I'd reach out. We built a data-enrichment service that helps teams like yours with exactly that.

Here's a short demo video if that's easier: https://demo.example.com/f1d883

Best regards,
Priya from DataForge",56,0,1,1,2,0,formal,short,1
2badb77aa8,Partnership opportunity,"Hi Omar,

I'm reaching out because we help companies like Northpay with keeping your CRM data clean as you grow. We built a scheduling assistant that a few teams in your space have found useful. In practice, this usually means less manual work for your team and faster turnaround on the tasks that used to take hours.

Thanks for reading, and have a great rest of your week. Is this something you would be open to exploring?

Best,
Alex, Head of Partnerships at Loopwave",85,1,0,0,1,0,casual,medium,0
b8e974a533,Following up,"To Whom It May Concern,

We offer an AI-based email assistant that helps businesses with scaling your outbound without losing personalization. I wanted to see if this might be relevant for your team. In practice, this usually means less manual work for your team and faster turnaround on the tasks that used to take hours.

Thanks for reading, and have a great rest of your week.

Best,
Alex, Head of Partnerships at Loopwave",74,0,0,0,0,0,casual,medium,0
1116f2cb34,Quick question,"Hey Sarah,

I'm reaching out because we help companies like Foundry Labs with automating your lead qualification process. We built a workflow automation tool that a few teams in your space have found useful. In practice, this usually means less manual work for your team and faster turnaround on the tasks that used to take hours.

Can I send over a one-pager, or would a call be easier?

Best,
Jamie",72,1,1,0,1,0,casual,medium,1
f5ad084cb1,URGENT: Don't miss out on this deal,"Hello David,

I noticed Medisync Health has been focused on shortening your sales cycle, and thought I'd reach out. We built a lightweight CRM add-on that helps teams like yours with exactly that.

Let me know if you'd like a short demo — happy to work around your schedule. Is this something you would be open to exploring?

Best,
Alex, Head of Partnerships at Loopwave",67,1,1,0,2,0,spammy,short,1
8346544989,Partnership opportunity,"Hello Priya,

I'm reaching out because we help companies like Medisync Health with reducing no-shows on booked calls. We built an AI-based email assistant that a few teams in your space have found useful.

You can grab 15 minutes directly on my calendar: https://cal.example.com/6b153d Is this something you would be open to exploring?

Best,
Jamie",62,1,1,1,1,0,casual,short,1
868e25968c,Partnership opportunity,"Hello Laura,

I'm reaching out because we help companies like Medisync Health with improving reply rates on cold outreach. We built a churn-prediction dashboard that a few teams in your space have found useful. In practice, this usually means less manual work for your team and faster turnaround on the tasks that used to take hours. We've seen teams cut this kind of overhead significantly within the first few weeks, and the setup itself takes less than a day with support from our onboarding team. Happy to share a couple of examples from companies in a similar space if that would help you evaluate whether this is worth exploring further on your end.

Reply with a good time and I'll send a calendar invite. Is this something you would be open to exploring?

Best,
Alex, Head of Partnerships at Loopwave",144,1,1,0,1,0,casual,long,0
61de40e6c1,FINAL NOTICE: Limited time offer,"Hey Sophie,

I noticed Brightloop has been focused on reducing no-shows on booked calls, and thought I'd reach out. We built a lead-scoring API that helps teams like yours with exactly that. In practice, this usually means less manual work for your team and faster turnaround on the tasks that used to take hours.

You can grab 15 minutes directly on my calendar: https://cal.example.com/2e3c4b Is this something you would be open to exploring?

Best,
Jamie",82,1,1,1,2,0,spammy,medium,1
e7c664f262,Saw Brightloop's recent growth — quick thought,"Hey David,

I noticed Brightloop has been focused on keeping your CRM data clean as you grow, and thought I'd reach out. We built an AI-based email assistant that helps teams like yours with exactly that. In practice, this usually means less manual work for your team and faster turnaround on the tasks that used to take hours. We've seen teams cut this kind of overhead significantly within the first few weeks, and the setup itself takes less than a day with support from our onboarding team. Happy to share a couple of examples from companies in a similar space if that would help you evaluate whether this is worth exploring further on your end.

Worth a quick chat.

Best,
Sarah",124,0,1,0,2,0,casual,long,0
7ba7f7df7e,Checking in,"Hi there,

We offer a scheduling assistant that helps businesses with scaling your outbound without losing personalization. I wanted to see if this might be relevant for your team.

Let me know if you'd like a short demo — happy to work around your schedule.

Best,
Priya",47,0,1,0,0,0,casual,short,1
d97781ce62,"Fatima, quick question about Equora Capital","Hey Fatima,

I'm reaching out because we help companies like Equora Capital with getting more signal from your website traffic. We built a data-enrichment service that a few teams in your space have found useful. In practice, this usually means less manual work for your team and faster turnaround on the tasks that used to take hours. We've seen teams cut this kind of overhead significantly within the first few weeks, and the setup itself takes less than a day with support from our onboarding team. Happy to share a couple of examples from companies in a similar space if that would help you evaluate whether this is worth exploring further on your end.

Feel free to book a slot here: https://meetings.example.com/99f13f Is this something you would be open to exploring?

Best,
Priya",140,1,1,1,1,0,casual,long,1
6ff327b313,Partnership opportunity,"Hello,

We offer a sales-engagement platform that helps businesses with scaling your outbound without losing personalization. I wanted to see if this might be relevant for your team. In practice, this usually means less manual work for your team and faster turnaround on the tasks that used to take hours.

Let me know if you'd like a short demo — happy to work around your schedule. Is this something your team would be open to exploring?

Best regards,
the team at Signalfy",83,1,1,0,0,0,formal,medium,1
130cd46d56,Checking in,"Hello,

We offer a lightweight CRM add-on that helps businesses with scaling your outbound without losing personalization. I wanted to see if this might be relevant for your team. In practice, this usually means less manual work for your team and faster turnaround on the tasks that used to take hours.

Anyway, just wanted to share this in case it's useful.

Best regards,
Priya from DataForge",68,0,0,0,0,0,formal,medium,0
858c82fbf8,Following up,"Hello Nina,

I'm reaching out because we help companies like Tendr Finance with scaling your outbound without losing personalization. We built an AI-based email assistant that a few teams in your space have found useful. In practice, this usually means less manual work for your team and faster turnaround on the tasks that used to take hours. We've seen teams cut this kind of overhead significantly within the first few weeks, and the setup itself takes less than a day with support from our onboarding team. Happy to share a couple of examples from companies in a similar space if that would help you evaluate whether this is worth exploring further on your end.

Thanks for reading, and have a great rest of your week. Is this something you would be open to exploring?

Best regards,
Jamie at Northstar Sales",143,1,0,0,1,0,formal,long,1
668e94cccb,Partnership opportunity,"Hello Julia,

I'm reaching out because we help companies like Brightloop with keeping your CRM data clean as you grow. We built a scheduling assistant that a few teams in your space have found useful. In practice, this usually means less manual work for your team and faster turnaround on the tasks that used to take hours.

No worries either way — just thought I'd reach out.

Best,
Priya",70,0,0,0,1,0,casual,medium,0
671c2a303d,Saw Axion Systems's recent growth — quick thought,"Hi Wei,

I'm reaching out because we help companies like Axion Systems with scaling your outbound without losing personalization. We built a lightweight CRM add-on that a few teams in your space have found useful. In practice, this usually means less manual work for your team and faster turnaround on the tasks that used to take hours.

Thanks for reading, and have a great rest of your week. Is this something you would be open to exploring?

Best,
Sarah",81,1,0,0,1,0,casual,medium,0
94c08a675f,"Nina, quick question about Vectra AI","Hey Nina,

I'm reaching out because we help companies like Vectra AI with reducing churn in your onboarding funnel. We built an AI-based email assistant that a few teams in your space have found useful. In practice, this usually means less manual work for your team and faster turnaround on the tasks that used to take hours.

You can grab 15 minutes directly on my calendar: https://cal.example.com/d256d0 Is this something you would be open to exploring?

Best regards,
the team at Signalfy",88,1,1,1,1,0,formal,medium,1
0f5e35b147,URGENT: Don't miss out on this deal,"Hello,

We offer a workflow automation tool that helps businesses with keeping your CRM data clean as you grow. I wanted to see if this might be relevant for your team. In practice, this usually means less manual work for your team and faster turnaround on the tasks that used to take hours. We've seen teams cut this kind of overhead significantly within the first few weeks, and the setup itself takes less than a day with support from our onboarding team. Happy to share a couple of examples from companies in a similar space if that would help you evaluate whether this is worth exploring further on your end.

Would you be open to a quick 15-minute call this week?

Best,
Alex, Head of Partnerships at Loopwave",130,1,1,0,0,0,spammy,long,1
eca349d355,Idea for Medisync Health's outbound,"Hi Laura,

I noticed Medisync Health has been focused on getting more signal from your website traffic, and thought I'd reach out. We built a sales-engagement platform that helps teams like yours with exactly that. In practice, this usually means less manual work for your team and faster turnaround on the tasks that used to take hours.

No worries either way — just thought I'd reach out. Is this something you would be open to exploring?

Best,
Alex, Head of Partnerships at Loopwave",85,1,0,0,2,0,casual,medium,0
cca3837e44,"Wei, quick question about Cargopath Logistics","Hi Wei,

I noticed Cargopath Logistics has been focused on scaling your outbound without losing personalization, and thought I'd reach out. We built a scheduling assistant that helps teams like yours with exactly that.

Anyway, just wanted to share this in case it's useful.

Best,
Alex, Head of Partnerships at Loopwave",53,0,0,0,2,0,casual,short,0
f8ae64c161,Introduction,"Hi there,

We offer a lightweight CRM add-on that helps businesses with shortening your sales cycle. I wanted to see if this might be relevant for your team. In practice, this usually means less manual work for your team and faster turnaround on the tasks that used to take hours.

No worries either way — just thought I'd reach out. Is this something your team would be open to exploring?

Best regards,
Sarah from GrowthPilot",76,1,0,0,0,0,formal,medium,1
d7e96c0834,Helping Bottega Retail with getting more,"Hi Marco,

I noticed Bottega Retail has been focused on getting more signal from your website traffic, and thought I'd reach out. We built a lightweight CRM add-on that helps teams like yours with exactly that. In practice, this usually means less manual work for your team and faster turnaround on the tasks that used to take hours.

Feel free to book a slot here: https://meetings.example.com/c3a0ab Is this something you would be open to exploring?

Best,
Alex, Head of Partnerships at Loopwave",88,1,1,1,2,0,casual,medium,1
4916744637,Idea for Cargopath Logistics's outbound,"Hi Lucas,

I noticed Cargopath Logistics has been focused on automating your lead qualification process, and thought I'd reach out. We built a workflow automation tool that helps teams like yours with exactly that.

You can grab 15 minutes directly on my calendar: https://cal.example.com/d4b188 Is this something you would be open to exploring?

Best,
Jamie",60,1,1,1,2,0,casual,short,1
1d64e48f23,Boost your revenue by 300% instantly,"Hello Omar,

I'm reaching out because we help companies like Payflow with improving reply rates on cold outreach. We built a workflow automation tool that a few teams in your space have found useful. In practice, this usually means less manual work for your team and faster turnaround on the tasks that used to take hours. We've seen teams cut this kind of overhead significantly within the first few weeks, and the setup itself takes less than a day with support from our onboarding team. Happy to share a couple of examples from companies in a similar space if that would help you evaluate whether this is worth exploring further on your end.

Would you be open to a quick 15-minute call this week?

Best,
Alex, Head of Partnerships at Loopwave",134,1,1,0,1,0,spammy,long,0
05622a05c4,Helping Nordica Retail with reducing no-shows,"Hi Sarah,

I noticed Nordica Retail has been focused on reducing no-shows on booked calls, and thought I'd reach out. We built a lightweight CRM add-on that helps teams like yours with exactly that.

You can grab 15 minutes directly on my calendar: https://cal.example.com/9e6452

Best,
Jamie",53,0,1,1,2,0,casual,short,0
1c5684080e,Helping Trustline Bank with reducing churn,"Hey James,

I noticed Trustline Bank has been focused on reducing churn in your onboarding funnel, and thought I'd reach out. We built an AI-based email assistant that helps teams like yours with exactly that. In practice, this usually means less manual work for your team and faster turnaround on the tasks that used to take hours. We've seen teams cut this kind of overhead significantly within the first few weeks, and the setup itself takes less than a day with support from our onboarding team. Happy to share a couple of examples from companies in a similar space if that would help you evaluate whether this is worth exploring further on your end.

Thanks for reading, and have a great rest of your week. Is this something you would be open to exploring?

Best regards,
the team at Signalfy",143,1,0,0,2,0,formal,long,1
8c481f6436,Helping Vectra AI with getting more,"Hi Chloe,

I'm reaching out because we help companies like Vectra AI with getting more signal from your website traffic. We built a sales-engagement platform that a few teams in your space have found useful. In practice, this usually means less manual work for your team and faster turnaround on the tasks that used to take hours. We've seen teams cut this kind of overhead significantly within the first few weeks, and the setup itself takes less than a day with support from our onboarding team. Happy to share a couple of examples from companies in a similar space if that would help you evaluate whether this is worth exploring further on your end.

Would you be open to a quick 15-minute call this week.

Best,
Alex, Head of Partnerships at Loopwave",136,0,1,0,1,0,casual,long,1
231d5deea6,Saw Foundry Labs's recent growth — quick thought,"Hey James,

I noticed Foundry Labs has been focused on getting more signal from your website traffic, and thought I'd reach out. We built a scheduling assistant that helps teams like yours with exactly that. In practice, this usually means less manual work for your team and faster turnaround on the tasks that used to take hours.

Reply with a good time and I'll send a calendar invite.

Best,
Priya",72,0,1,0,2,0,casual,medium,0
a096109cd5,FINAL NOTICE: Limited time offer,"To Whom It May Concern,

We offer a lead-scoring API that helps businesses with making your onboarding emails feel less robotic. I wanted to see if this might be relevant for your team. In practice, this usually means less manual work for your team and faster turnaround on the tasks that used to take hours.

Feel free to book a slot here: https://meetings.example.com/21863c Is this something your team would be open to exploring?

Best,
Jamie",80,1,1,1,0,0,spammy,medium,0
6f08d07735,Following up,"Hi Daniel,

I'm reaching out because we help companies like Cargopath Logistics with shortening your sales cycle. We built a lightweight CRM add-on that a few teams in your space have found useful.

Feel free to book a slot here: https://meetings.example.com/7669a7 Is this something you would be open to exploring?

Best,
Jamie",58,1,1,1,1,0,casual,short,0
1ad1a32ee7,Helping Foundry Labs with keeping your,"Hi Carlos,

I noticed Foundry Labs has been focused on keeping your CRM data clean as you grow, and thought I'd reach out. We built a churn-prediction dashboard that helps teams like yours with exactly that. In practice, this usually means less manual work for your team and faster turnaround on the tasks that used to take hours.

Anyway, just wanted to share this in case it's useful. Is this something you would be open to exploring?

Best regards,
Alex, Head of Partnerships at Loopwave",88,1,0,0,2,0,formal,medium,0
db3a7c3c83,Quick question,"To Whom It May Concern,

We offer a scheduling assistant that helps businesses with scaling your outbound without losing personalization. I wanted to see if this might be relevant for your team.

Thanks for reading, and have a great rest of your week.

Best,
Priya",45,0,0,0,0,0,casual,short,1
4e6800c4fe,"Daniel, quick question about Cargopath Logistics","Hey Daniel,

I noticed Cargopath Logistics has been focused on making your onboarding emails feel less robotic, and thought I'd reach out. We built a scheduling assistant that helps teams like yours with exactly that. In practice, this usually means less manual work for your team and faster turnaround on the tasks that used to take hours. We've seen teams cut this kind of overhead significantly within the first few weeks, and the setup itself takes less than a day with support from our onboarding team. Happy to share a couple of examples from companies in a similar space if that would help you evaluate whether this is worth exploring further on your end.

Would you be open to a quick 15-minute call this week.

Best,
Priya",130,0,1,0,2,0,casual,long,1
224b83678a,Amazing opportunity you can't miss!!!,"Hi Emma,

I'm reaching out because we help companies like Medisync Health with making your onboarding emails feel less robotic. We built a sales-engagement platform that a few teams in your space have found useful. In practice, this usually means less manual work for your team and faster turnaround on the tasks that used to take hours.

Reply with a good time and I'll send a calendar invite. Is this something you would be open to exploring?

Best,
Sarah",82,1,1,0,1,0,spammy,medium,1
1d57fcf7ab,Partnership opportunity,"Hi Priya,

I'm reaching out because we help companies like Cascade Analytics with scaling your outbound without losing personalization. We built a churn-prediction dashboard that a few teams in your space have found useful. In practice, this usually means less manual work for your team and faster turnaround on the tasks that used to take hours. We've seen teams cut this kind of overhead significantly within the first few weeks, and the setup itself takes less than a day with support from our onboarding team. Happy to share a couple of examples from companies in a similar space if that would help you evaluate whether this is worth exploring further on your end.

Thanks for reading, and have a great rest of your week.

Best regards,
the team at Signalfy",133,0,0,0,1,0,formal,long,0
dfc2d89917,Following up,"Hi there,

We offer a scheduling assistant that helps businesses with making your onboarding emails feel less robotic. I wanted to see if this might be relevant for your team. In practice, this usually means less manual work for your team and faster turnaround on the tasks that used to take hours.

Here's a short demo video if that's easier: https://demo.example.com/4571b6 Is this something your team would be open to exploring?

Best regards,
the team at Signalfy",83,1,1,1,0,0,formal,medium,1
0857aa3945,"David, quick question about Inferra","Hi David,

I noticed Inferra has been focused on shortening your sales cycle, and thought I'd reach out. We built a workflow automation tool that helps teams like yours with exactly that.

Here's a short demo video if that's easier: https://demo.example.com/57d612

Best regards,
Priya from DataForge",53,0,1,1,2,0,formal,short,0
8e5919c074,Amazing opportunity you can't miss!!!,"Hi Carlos,

I noticed Vectra AI has been focused on automating your lead qualification process, and thought I'd reach out. We built an AI-based email assistant that helps teams like yours with exactly that. In practice, this usually means less manual work for your team and faster turnaround on the tasks that used to take hours. We've seen teams cut this kind of overhead significantly within the first few weeks, and the setup itself takes less than a day with support from our onboarding team. Happy to share a couple of examples from companies in a similar space if that would help you evaluate whether this is worth exploring further on your end.

Can I send over a one-pager, or would a call be easier.

Best,
Alex, Head of Partnerships at Loopwave",136,0,1,0,2,0,spammy,long,0
7b19c84463,Following up,"Hey Elena,

I'm reaching out because we help companies like Cura Health with cutting the time your team spends on manual data entry. We built a workflow automation tool that a few teams in your space have found useful. In practice, this usually means less manual work for your team and faster turnaround on the tasks that used to take hours.

Anyway, just wanted to share this in case it's useful. Is this something you would be open to exploring?

Best regards,
the team at Signalfy",88,1,0,0,1,0,formal,medium,1
6cf7a0a5f8,Saw Payflow's recent growth — quick thought,"Hey Ravi,

I noticed Payflow has been focused on keeping your CRM data clean as you grow, and thought I'd reach out. We built a lead-scoring API that helps teams like yours with exactly that. In practice, this usually means less manual work for your team and faster turnaround on the tasks that used to take hours.

No worries either way — just thought I'd reach out.

Best,
Alex, Head of Partnerships at Loopwave",76,0,0,0,2,0,casual,medium,1
90eb86a715,Saw Inferra's recent growth — quick thought,"Hey Anna,

I'm reaching out because we help companies like Inferra with automating your lead qualification process. We built a lightweight CRM add-on that a few teams in your space have found useful. In practice, this usually means less manual work for your team and faster turnaround on the tasks that used to take hours.

Reply with a good time and I'll send a calendar invite. Is this something you would be open to exploring?

Best,
the",80,1,1,0,1,0,casual,medium,1
b7c12c09e2,Saw Equora Capital's recent growth — quick thought,"Hi Maya,

I'm reaching out because we help companies like Equora Capital with keeping your CRM data clean as you grow. We built a lead-scoring API that a few teams in your space have found useful.

Anyway, just wanted to share this in case it's useful. Is this something you would be open to exploring?

Best,
Sarah",60,1,0,0,1,0,casual,short,1
79506beb6f,Partnership opportunity,"Good morning,

We offer an AI-based email assistant that helps businesses with scaling your outbound without losing personalization. I wanted to see if this might be relevant for your team.

No worries either way — just thought I'd reach out. Is this something your team would be open to exploring?

Best,
Jamie",53,1,0,0,0,0,casual,short,1
aa52e84bc8,Helping Tendr Finance with making your,"Hello Ravi,

I noticed Tendr Finance has been focused on making your onboarding emails feel less robotic, and thought I'd reach out. We built a lead-scoring API that helps teams like yours with exactly that. In practice, this usually means less manual work for your team and faster turnaround on the tasks that used to take hours.

Let me know if you'd like a short demo — happy to work around your schedule.

Best regards,
Sarah from GrowthPilot",80,0,1,0,2,0,formal,medium,1
17faca629c,"James, quick question about Medisync Health","Hi James,

I noticed Medisync Health has been focused on making your onboarding emails feel less robotic, and thought I'd reach out. We built a data-enrichment service that helps teams like yours with exactly that. In practice, this usually means less manual work for your team and faster turnaround on the tasks that used to take hours. We've seen teams cut this kind of overhead significantly within the first few weeks, and the setup itself takes less than a day with support from our onboarding team. Happy to share a couple of examples from companies in a similar space if that would help you evaluate whether this is worth exploring further on your end.

Let me know if you'd like a short demo — happy to work around your schedule. Is this something you would be open to exploring?

Best regards,
the team at Signalfy",148,1,1,0,2,0,formal,long,0
23c3f55887,URGENT: Don't miss out on this deal,"Hi Thomas,

I noticed Northpay has been focused on cutting the time your team spends on manual data entry, and thought I'd reach out. We built a data-enrichment service that helps teams like yours with exactly that.

Anyway, just wanted to share this in case it's useful.

Best,
Jamie",52,0,0,0,2,0,spammy,short,0
e812a15e81,"Marco, quick question about Cascade Analytics","Hi Marco,

I noticed Cascade Analytics has been focused on keeping your CRM data clean as you grow, and thought I'd reach out. We built an AI-based email assistant that helps teams like yours with exactly that.

Anyway, just wanted to share this in case it's useful.

Best regards,
Priya from DataForge",55,0,0,0,2,0,formal,short,0
dcb67f1c0e,Quick question,"Hi Priya,

I'm reaching out because we help companies like Equora Capital with keeping your CRM data clean as you grow. We built an AI-based email assistant that a few teams in your space have found useful. In practice, this usually means less manual work for your team and faster turnaround on the tasks that used to take hours. We've seen teams cut this kind of overhead significantly within the first few weeks, and the setup itself takes less than a day with support from our onboarding team. Happy to share a couple of examples from companies in a similar space if that would help you evaluate whether this is worth exploring further on your end.

Can I send over a one-pager, or would a call be easier.

Best regards,
Jamie at Northstar Sales",138,0,1,0,1,0,formal,long,0
5a9ad4c9db,Checking in,"Hello Michael,

I'm reaching out because we help companies like Modela with automating your lead qualification process. We built a lightweight CRM add-on that a few teams in your space have found useful.

Anyway, just wanted to share this in case it's useful. Is this something you would be open to exploring?

Best,
Sarah",57,1,0,0,1,0,casual,short,1
bf7d254d66,Quick question,"Hello,

We offer a scheduling assistant that helps businesses with reducing no-shows on booked calls. I wanted to see if this might be relevant for your team. In practice, this usually means less manual work for your team and faster turnaround on the tasks that used to take hours.

Let me know if you'd like a short demo — happy to work around your schedule.

Best regards,
Jamie at Northstar Sales",72,0,1,0,0,0,formal,medium,1
21fb3ad0d0,Partnership opportunity,"To Whom It May Concern,

We offer a churn-prediction dashboard that helps businesses with improving reply rates on cold outreach. I wanted to see if this might be relevant for your team.

Here's a short demo video if that's easier: https://demo.example.com/671d95 Is this something your team would be open to exploring?

Best regards,
Sarah from GrowthPilot",63,1,1,1,0,0,formal,short,0
b69890cadd,Helping Cura Health with cutting the,"Hey Anna,

I'm reaching out because we help companies like Cura Health with cutting the time your team spends on manual data entry. We built a sales-engagement platform that a few teams in your space have found useful.

Let me know if you'd like a short demo — happy to work around your schedule. Is this something you would be open to exploring?

Best regards,
Alex, Head of Partnerships at Loopwave",73,1,1,0,1,0,formal,short,0
c4ccf394a8,"Michael, quick question about Cargopath Logistics","Hey Michael,

I'm reaching out because we help companies like Cargopath Logistics with improving reply rates on cold outreach. We built a churn-prediction dashboard that a few teams in your space have found useful. In practice, this usually means less manual work for your team and faster turnaround on the tasks that used to take hours. We've seen teams cut this kind of overhead significantly within the first few weeks, and the setup itself takes less than a day with support from our onboarding team. Happy to share a couple of examples from companies in a similar space if that would help you evaluate whether this is worth exploring further on your end.

Would you be open to a quick 15-minute call this week?

Best,
Sarah",130,1,1,0,1,0,casual,long,1
39471cfd93,Checking in,"Good morning,

We offer a sales-engagement platform that helps businesses with automating your lead qualification process. I wanted to see if this might be relevant for your team. In practice, this usually means less manual work for your team and faster turnaround on the tasks that used to take hours.

Anyway, just wanted to share this in case it's useful.

Best,
Jamie",64,0,0,0,0,0,casual,medium,0
c8e6217869,Helping Payflow with scaling your,"Hey Noah,

I'm reaching out because we help companies like Payflow with scaling your outbound without losing personalization. We built an AI-based email assistant that a few teams in your space have found useful.

Let me know if you'd like a short demo — happy to work around your schedule. Is this something you would be open to exploring?

Best regards,
Jamie at Northstar Sales",67,1,1,0,1,0,formal,short,1
83b18ac24b,URGENT: Don't miss out on this deal,"Hello Julia,

I noticed Atelier Commerce has been focused on keeping your CRM data clean as you grow, and thought I'd reach out. We built a data-enrichment service that helps teams like yours with exactly that. In practice, this usually means less manual work for your team and faster turnaround on the tasks that used to take hours.

Anyway, just wanted to share this in case it's useful. Is this something you would be open to exploring?

Best,
Alex, Head of Partnerships at Loopwave",87,1,0,0,2,0,spammy,medium,0
b774ea199b,Helping Axion Systems with shortening your,"Hi Maya,

I noticed Axion Systems has been focused on shortening your sales cycle, and thought I'd reach out. We built a lightweight CRM add-on that helps teams like yours with exactly that.

Anyway, just wanted to share this in case it's useful. Is this something you would be open to exploring?

Best,
Jamie",57,1,0,0,2,0,casual,short,1
84c4f0b318,Checking in,"Hi there,

We offer a churn-prediction dashboard that helps businesses with getting more signal from your website traffic. I wanted to see if this might be relevant for your team. In practice, this usually means less manual work for your team and faster turnaround on the tasks that used to take hours.

Would you be open to a quick 15-minute call this week?

Best,
Sarah",67,1,1,0,0,0,casual,medium,0
ea45fa57cf,Checking in,"Hi Ravi,

I'm reaching out because we help companies like Foundry Labs with keeping your CRM data clean as you grow. We built an AI-based email assistant that a few teams in your space have found useful.

Reply with a good time and I'll send a calendar invite. Is this something you would be open to exploring?

Best,
Alex, Head of Partnerships at Loopwave",67,1,1,0,1,0,casual,short,1
bafef3f591,Introduction,"Hello,

We offer a workflow automation tool that helps businesses with reducing churn in your onboarding funnel. I wanted to see if this might be relevant for your team.

No worries either way — just thought I'd reach out. Is this something your team would be open to exploring?

Best regards,
Priya from DataForge",54,1,0,0,0,0,formal,short,0
789ec7e31c,Idea for Axion Systems's outbound,"Hey Laura,

I'm reaching out because we help companies like Axion Systems with reducing no-shows on booked calls. We built a sales-engagement platform that a few teams in your space have found useful.

Feel free to book a slot here: https://meetings.example.com/87e85d

Best,
Alex, Head of Partnerships at Loopwave",55,0,1,1,1,0,casual,short,1
b814356e9a,Idea for Modela's outbound,"Hi Michael,

I noticed Modela has been focused on reducing no-shows on booked calls, and thought I'd reach out. We built a churn-prediction dashboard that helps teams like yours with exactly that.

Worth a quick chat.

Best,
Priya",41,0,1,0,2,0,casual,short,1
ade5fd9ac3,Idea for Medisync Health's outbound,"Hello Marco,

I noticed Medisync Health has been focused on keeping your CRM data clean as you grow, and thought I'd reach out. We built a churn-prediction dashboard that helps teams like yours with exactly that. In practice, this usually means less manual work for your team and faster turnaround on the tasks that used to take hours.

Worth a quick chat.

Best regards,
Alex, Head of Partnerships at Loopwave",72,0,1,0,2,0,formal,medium,1
b8be8992ab,Saw Payflow's recent growth — quick thought,"Hello Anna,

I'm reaching out because we help companies like Payflow with scaling your outbound without losing personalization. We built a lightweight CRM add-on that a few teams in your space have found useful. In practice, this usually means less manual work for your team and faster turnaround on the tasks that used to take hours.

Feel free to book a slot here: https://meetings.example.com/ca2b5a Is this something you would be open to exploring?

Best regards,
Jamie at Northstar Sales",85,1,1,1,1,0,formal,medium,0
2b183e63ec,Amazing opportunity you can't miss!!!,"Hello Laura,

I noticed Trustline Bank has been focused on making your onboarding emails feel less robotic, and thought I'd reach out. We built a churn-prediction dashboard that helps teams like yours with exactly that. In practice, this usually means less manual work for your team and faster turnaround on the tasks that used to take hours. We've seen teams cut this kind of overhead significantly within the first few weeks, and the setup itself takes less than a day with support from our onboarding team. Happy to share a couple of examples from companies in a similar space if that would help you evaluate whether this is worth exploring further on your end.

Reply with a good time and I'll send a calendar invite.

Best,
Sarah",131,0,1,0,2,0,spammy,long,0
2e3e45d568,Partnership opportunity,"Hello Elena,

I'm reaching out because we help companies like Equora Capital with improving reply rates on cold outreach. We built a churn-prediction dashboard that a few teams in your space have found useful. In practice, this usually means less manual work for your team and faster turnaround on the tasks that used to take hours. We've seen teams cut this kind of overhead significantly within the first few weeks, and the setup itself takes less than a day with support from our onboarding team. Happy to share a couple of examples from companies in a similar space if that would help you evaluate whether this is worth exploring further on your end.

Feel free to book a slot here: https://meetings.example.com/d9e534 Is this something you would be open to exploring?

Best regards,
Priya from DataForge",142,1,1,1,1,0,formal,long,1
715ea5d8cb,Quick question,"Hi there,

We offer a data-enrichment service that helps businesses with reducing churn in your onboarding funnel. I wanted to see if this might be relevant for your team.

Thanks for reading, and have a great rest of your week. Is this something your team would be open to exploring?

Best,
Jamie",53,1,0,0,0,0,casual,short,1
fd570adfe4,Idea for Clarity Health's outbound,"Hey Fatima,

I noticed Clarity Health has been focused on improving reply rates on cold outreach, and thought I'd reach out. We built a lead-scoring API that helps teams like yours with exactly that. In practice, this usually means less manual work for your team and faster turnaround on the tasks that used to take hours. We've seen teams cut this kind of overhead significantly within the first few weeks, and the setup itself takes less than a day with support from our onboarding team. Happy to share a couple of examples from companies in a similar space if that would help you evaluate whether this is worth exploring further on your end.

Anyway, just wanted to share this in case it's useful. Is this something you would be open to exploring?

Best,
Sarah",138,1,0,0,2,0,casual,long,1
77dd96e862,Quick question,"Good morning,

We offer a data-enrichment service that helps businesses with improving reply rates on cold outreach. I wanted to see if this might be relevant for your team. In practice, this usually means less manual work for your team and faster turnaround on the tasks that used to take hours.

Worth a quick chat? I can send over a couple of time slots.

Best regards,
Priya from DataForge",70,1,1,0,0,0,formal,medium,1
508fb7df58,Helping Clarity Health with reducing churn,"Hey Michael,

I noticed Clarity Health has been focused on reducing churn in your onboarding funnel, and thought I'd reach out. We built an AI-based email assistant that helps teams like yours with exactly that.

Reply with a good time and I'll send a calendar invite. Is this something you would be open to exploring?

Best,
Priya",60,1,1,0,2,0,casual,short,1
d4ee86553d,Idea for Trustline Bank's outbound,"Hi Julia,

I noticed Trustline Bank has been focused on cutting the time your team spends on manual data entry, and thought I'd reach out. We built an AI-based email assistant that helps teams like yours with exactly that. In practice, this usually means less manual work for your team and faster turnaround on the tasks that used to take hours.

Thanks for reading, and have a great rest of your week.

Best regards,
the team at Signalfy",80,0,0,0,2,0,formal,medium,0
adae1f8a7d,Quick question,"Hello,

We offer an AI-based email assistant that helps businesses with getting more signal from your website traffic. I wanted to see if this might be relevant for your team. In practice, this usually means less manual work for your team and faster turnaround on the tasks that used to take hours.

No worries either way — just thought I'd reach out. Is this something your team would be open to exploring?

Best,
Alex, Head of Partnerships at Loopwave",80,1,0,0,0,0,casual,medium,0
fecf7558d5,Following up,"Hello,

We offer a lightweight CRM add-on that helps businesses with making your onboarding emails feel less robotic. I wanted to see if this might be relevant for your team. In practice, this usually means less manual work for your team and faster turnaround on the tasks that used to take hours.

Thanks for reading, and have a great rest of your week. Is this something your team would be open to exploring?

Best regards,
Sarah from GrowthPilot",79,1,0,0,0,0,formal,medium,1
b5240eaf30,Re: Re: Following up on my last email,"Hello Sophie,

I'm reaching out because we help companies like Trustline Bank with improving reply rates on cold outreach. We built a lightweight CRM add-on that a few teams in your space have found useful. In practice, this usually means less manual work for your team and faster turnaround on the tasks that used to take hours. We've seen teams cut this kind of overhead significantly within the first few weeks, and the setup itself takes less than a day with support from our onboarding team. Happy to share a couple of examples from companies in a similar space if that would help you evaluate whether this is worth exploring further on your end.

No worries either way — just thought I'd reach out.

Best,
Jamie",129,0,0,0,1,0,spammy,long,0
991bd509f5,Quick question,"Hi there,

We offer an AI-based email assistant that helps businesses with making your onboarding emails feel less robotic. I wanted to see if this might be relevant for your team. In practice, this usually means less manual work for your team and faster turnaround on the tasks that used to take hours.

Thanks for reading, and have a great rest of your week. Is this something your team would be open to exploring?

Best,
Priya",77,1,0,0,0,0,casual,medium,0
84bb6dc85b,Introduction,"Hi there,

We offer a sales-engagement platform that helps businesses with shortening your sales cycle. I wanted to see if this might be relevant for your team.

You can grab 15 minutes directly on my calendar: https://cal.example.com/3be42c Is this something your team would be open to exploring?

Best regards,
Jamie at Northstar Sales",58,1,1,1,0,0,formal,short,1
d66ef0777a,Idea for Inferra's outbound,"Hello Nina,

I'm reaching out because we help companies like Inferra with scaling your outbound without losing personalization. We built a churn-prediction dashboard that a few teams in your space have found useful. In practice, this usually means less manual work for your team and faster turnaround on the tasks that used to take hours. We've seen teams cut this kind of overhead significantly within the first few weeks, and the setup itself takes less than a day with support from our onboarding team. Happy to share a couple of examples from companies in a similar space if that would help you evaluate whether this is worth exploring further on your end.

No worries either way — just thought I'd reach out. Is this something you would be open to exploring?

Best regards,
Sarah from GrowthPilot",139,1,0,0,1,0,formal,long,0
77929445df,"Fatima, quick question about Equora Capital","Hi Fatima,

I noticed Equora Capital has been focused on reducing churn in your onboarding funnel, and thought I'd reach out. We built a lightweight CRM add-on that helps teams like yours with exactly that. In practice, this usually means less manual work for your team and faster turnaround on the tasks that used to take hours. We've seen teams cut this kind of overhead significantly within the first few weeks, and the setup itself takes less than a day with support from our onboarding team. Happy to share a couple of examples from companies in a similar space if that would help you evaluate whether this is worth exploring further on your end.

Thanks for reading, and have a great rest of your week. Is this something you would be open to exploring?

Best regards,
Alex, Head of Partnerships at Loopwave",145,1,0,0,2,0,formal,long,0
96a91a8e7c,Helping Northpay with keeping your,"Hey Anna,

I'm reaching out because we help companies like Northpay with keeping your CRM data clean as you grow. We built a data-enrichment service that a few teams in your space have found useful. In practice, this usually means less manual work for your team and faster turnaround on the tasks that used to take hours. We've seen teams cut this kind of overhead significantly within the first few weeks, and the setup itself takes less than a day with support from our onboarding team. Happy to share a couple of examples from companies in a similar space if that would help you evaluate whether this is worth exploring further on your end.

Let me know if you'd like a short demo — happy to work around your schedule. Is this something you would be open to exploring?

Best,
Jamie",144,1,1,0,1,0,casual,long,0
bf312896d2,Quick question,"Good morning,

We offer a scheduling assistant that helps businesses with getting more signal from your website traffic. I wanted to see if this might be relevant for your team. In practice, this usually means less manual work for your team and faster turnaround on the tasks that used to take hours. We've seen teams cut this kind of overhead significantly within the first few weeks, and the setup itself takes less than a day with support from our onboarding team. Happy to share a couple of examples from companies in a similar space if that would help you evaluate whether this is worth exploring further on your end.

No worries either way — just thought I'd reach out. Is this something your team would be open to exploring?

Best,
Priya",132,1,0,0,0,0,casual,long,0
2949499bf7,"Marco, quick question about Atelier Commerce","Hello Marco,

I noticed Atelier Commerce has been focused on cutting the time your team spends on manual data entry, and thought I'd reach out. We built a data-enrichment service that helps teams like yours with exactly that. In practice, this usually means less manual work for your team and faster turnaround on the tasks that used to take hours.

No worries either way — just thought I'd reach out. Is this something you would be open to exploring?

Best regards,
Sarah from GrowthPilot",86,1,0,0,2,0,formal,medium,1
52c461f7ff,Introduction,"Hey Laura,

I'm reaching out because we help companies like Northpay with getting more signal from your website traffic. We built a workflow automation tool that a few teams in your space have found useful. In practice, this usually means less manual work for your team and faster turnaround on the tasks that used to take hours. We've seen teams cut this kind of overhead significantly within the first few weeks, and the setup itself takes less than a day with support from our onboarding team. Happy to share a couple of examples from companies in a similar space if that would help you evaluate whether this is worth exploring further on your end.

Let me know if you'd like a short demo — happy to work around your schedule. Is this something you would be open to exploring?

Best,
Priya",143,1,1,0,1,0,casual,long,1
b91a8226b5,Idea for Streamline Freight's outbound,"Hello Carlos,

I noticed Streamline Freight has been focused on reducing no-shows on booked calls, and thought I'd reach out. We built a lead-scoring API that helps teams like yours with exactly that.

No worries either way — just thought I'd reach out.

Best,
Jamie",48,0,0,0,2,0,casual,short,1
a7a4385b62,Checking in,"Hello,

We offer a data-enrichment service that helps businesses with improving reply rates on cold outreach. I wanted to see if this might be relevant for your team. In practice, this usually means less manual work for your team and faster turnaround on the tasks that used to take hours. We've seen teams cut this kind of overhead significantly within the first few weeks, and the setup itself takes less than a day with support from our onboarding team. Happy to share a couple of examples from companies in a similar space if that would help you evaluate whether this is worth exploring further on your end.

Can I send over a one-pager, or would a call be easier.

Best,
the",124,0,1,0,0,0,casual,long,0
ef1760443d,Checking in,"Hello,

We offer an AI-based email assistant that helps businesses with keeping your CRM data clean as you grow. I wanted to see if this might be relevant for your team. In practice, this usually means less manual work for your team and faster turnaround on the tasks that used to take hours.

Here's a short demo video if that's easier: https://demo.example.com/0ced7e Is this something your team would be open to exploring?

Best,
Jamie",81,1,1,1,0,0,casual,medium,1
576d319556,Introduction,"Hello,

We offer a scheduling assistant that helps businesses with getting more signal from your website traffic. I wanted to see if this might be relevant for your team. In practice, this usually means less manual work for your team and faster turnaround on the tasks that used to take hours. We've seen teams cut this kind of overhead significantly within the first few weeks, and the setup itself takes less than a day with support from our onboarding team. Happy to share a couple of examples from companies in a similar space if that would help you evaluate whether this is worth exploring further on your end.

No worries either way — just thought I'd reach out.

Best,
Alex, Head of Partnerships at Loopwave",126,0,0,0,0,0,casual,long,0
796fadb24b,Quick question,"Hey David,

I'm reaching out because we help companies like Bottega Retail with reducing churn in your onboarding funnel. We built a lead-scoring API that a few teams in your space have found useful. In practice, this usually means less manual work for your team and faster turnaround on the tasks that used to take hours. We've seen teams cut this kind of overhead significantly within the first few weeks, and the setup itself takes less than a day with support from our onboarding team. Happy to share a couple of examples from companies in a similar space if that would help you evaluate whether this is worth exploring further on your end.

No worries either way — just thought I'd reach out. Is this something you would be open to exploring?

Best regards,
the team at Signalfy",141,1,0,0,1,0,formal,long,0
e34f1be9a4,Saw Equora Capital's recent growth — quick thought,"Hey Anna,

I'm reaching out because we help companies like Equora Capital with scaling your outbound without losing personalization. We built a sales-engagement platform that a few teams in your space have found useful. In practice, this usually means less manual work for your team and faster turnaround on the tasks that used to take hours.

You can grab 15 minutes directly on my calendar: https://cal.example.com/f759b9

Best,
the",74,0,1,1,1,0,casual,medium,0
b8b34aaa86,Checking in,"Good morning,

We offer a churn-prediction dashboard that helps businesses with reducing no-shows on booked calls. I wanted to see if this might be relevant for your team.

Thanks for reading, and have a great rest of your week. Is this something your team would be open to exploring?

Best,
Jamie",53,1,0,0,0,0,casual,short,0
7c4b6c4c80,Checking in,"Hello,

We offer a data-enrichment service that helps businesses with getting more signal from your website traffic. I wanted to see if this might be relevant for your team.

Here's a short demo video if that's easier: https://demo.example.com/1bdfb3

Best,
Jamie",47,0,1,1,0,0,casual,short,0
e6c5adb0e2,Checking in,"Hello Sarah,

I'm reaching out because we help companies like Axion Systems with shortening your sales cycle. We built an AI-based email assistant that a few teams in your space have found useful.

Reply with a good time and I'll send a calendar invite.

Best,
the",49,0,1,0,1,0,casual,short,1
9518662077,Checking in,"To Whom It May Concern,

We offer a sales-engagement platform that helps businesses with improving reply rates on cold outreach. I wanted to see if this might be relevant for your team. In practice, this usually means less manual work for your team and faster turnaround on the tasks that used to take hours.

Thanks for reading, and have a great rest of your week. Is this something your team would be open to exploring?

Best regards,
Priya from DataForge",81,1,0,0,0,0,formal,medium,0
6309809354,Saw Axion Systems's recent growth — quick thought,"Hey Anna,

I noticed Axion Systems has been focused on scaling your outbound without losing personalization, and thought I'd reach out. We built a data-enrichment service that helps teams like yours with exactly that. In practice, this usually means less manual work for your team and faster turnaround on the tasks that used to take hours.

Reply with a good time and I'll send a calendar invite. Is this something you would be open to exploring?

Best regards,
Alex, Head of Partnerships at Loopwave",87,1,1,0,2,0,formal,medium,1
edac0d6721,Idea for Medisync Health's outbound,"Hey Laura,

I noticed Medisync Health has been focused on automating your lead qualification process, and thought I'd reach out. We built a lead-scoring API that helps teams like yours with exactly that. In practice, this usually means less manual work for your team and faster turnaround on the tasks that used to take hours. We've seen teams cut this kind of overhead significantly within the first few weeks, and the setup itself takes less than a day with support from our onboarding team. Happy to share a couple of examples from companies in a similar space if that would help you evaluate whether this is worth exploring further on your end.

Worth a quick chat.

Best regards,
the team at Signalfy",125,0,1,0,2,0,formal,long,1
c4861b8568,Boost your revenue by 300% instantly,"Good morning,

We offer an AI-based email assistant that helps businesses with reducing no-shows on booked calls. I wanted to see if this might be relevant for your team.

You can grab 15 minutes directly on my calendar: https://cal.example.com/0eb91b

Best,
Priya",47,0,1,1,0,0,spammy,short,0
8d961e9b6e,Helping Tendr Finance with keeping your,"Hi Priya,

I noticed Tendr Finance has been focused on keeping your CRM data clean as you grow, and thought I'd reach out. We built a lead-scoring API that helps teams like yours with exactly that. In practice, this usually means less manual work for your team and faster turnaround on the tasks that used to take hours.

Can I send over a one-pager, or would a call be easier.

Best,
Sarah",75,0,1,0,2,0,casual,medium,1
3edf67255e,Following up,"Good morning,

We offer a data-enrichment service that helps businesses with shortening your sales cycle. I wanted to see if this might be relevant for your team.

Here's a short demo video if that's easier: https://demo.example.com/02b251 Is this something your team would be open to exploring?

Best regards,
Alex, Head of Partnerships at Loopwave",61,1,1,1,0,0,formal,short,1
7165c39063,Idea for Clarity Health's outbound,"Hello Sarah,

I noticed Clarity Health has been focused on reducing churn in your onboarding funnel, and thought I'd reach out. We built a workflow automation tool that helps teams like yours with exactly that. In practice, this usually means less manual work for your team and faster turnaround on the tasks that used to take hours. We've seen teams cut this kind of overhead significantly within the first few weeks, and the setup itself takes less than a day with support from our onboarding team. Happy to share a couple of examples from companies in a similar space if that would help you evaluate whether this is worth exploring further on your end.

Would you be open to a quick 15-minute call this week?

Best,
Jamie",130,1,1,0,2,0,casual,long,1
c9c6e0777d,Saw Cascade Analytics's recent growth — quick thought,"Hey Wei,

I noticed Cascade Analytics has been focused on getting more signal from your website traffic, and thought I'd reach out. We built a lead-scoring API that helps teams like yours with exactly that.

No worries either way — just thought I'd reach out.

Best,
the",49,0,0,0,2,0,casual,short,1
f78ced02bd,URGENT: Don't miss out on this deal,"Hey Fatima,

I'm reaching out because we help companies like Medisync Health with scaling your outbound without losing personalization. We built a lead-scoring API that a few teams in your space have found useful. In practice, this usually means less manual work for your team and faster turnaround on the tasks that used to take hours. We've seen teams cut this kind of overhead significantly within the first few weeks, and the setup itself takes less than a day with support from our onboarding team. Happy to share a couple of examples from companies in a similar space if that would help you evaluate whether this is worth exploring further on your end.

No worries either way — just thought I'd reach out. Is this something you would be open to exploring?

Best,
the",137,1,0,0,1,0,spammy,long,0
5d06fb1f6c,"Carlos, quick question about Cascade Analytics","Hi Carlos,

I'm reaching out because we help companies like Cascade Analytics with cutting the time your team spends on manual data entry. We built an AI-based email assistant that a few teams in your space have found useful. In practice, this usually means less manual work for your team and faster turnaround on the tasks that used to take hours.

Can I send over a one-pager, or would a call be easier.

Best regards,
Sarah from GrowthPilot",81,0,1,0,1,0,formal,medium,0
810b335a02,Checking in,"Hi there,

We offer a scheduling assistant that helps businesses with cutting the time your team spends on manual data entry. I wanted to see if this might be relevant for your team.

Would you be open to a quick 15-minute call this week.

Best,
Jamie",47,0,1,0,0,0,casual,short,0
f9ab3512ff,Idea for Streamline Freight's outbound,"Hi Marco,

I'm reaching out because we help companies like Streamline Freight with making your onboarding emails feel less robotic. We built a lead-scoring API that a few teams in your space have found useful. In practice, this usually means less manual work for your team and faster turnaround on the tasks that used to take hours. We've seen teams cut this kind of overhead significantly within the first few weeks, and the setup itself takes less than a day with support from our onboarding team. Happy to share a couple of examples from companies in a similar space if that would help you evaluate whether this is worth exploring further on your end.

Thanks for reading, and have a great rest of your week.

Best,
Jamie",130,0,0,0,1,0,casual,long,0
dbd470f478,Helping Tendr Finance with keeping your,"Hey Fatima,

I noticed Tendr Finance has been focused on keeping your CRM data clean as you grow, and thought I'd reach out. We built a churn-prediction dashboard that helps teams like yours with exactly that.

Feel free to book a slot here: https://meetings.example.com/6c9e11

Best,
Sarah",52,0,1,1,2,0,casual,short,1
de0eb5fc56,Helping Vectra AI with scaling your,"Hello Michael,

I noticed Vectra AI has been focused on scaling your outbound without losing personalization, and thought I'd reach out. We built a sales-engagement platform that helps teams like yours with exactly that.

Thanks for reading, and have a great rest of your week. Is this something you would be open to exploring?

Best regards,
Sarah from GrowthPilot",61,1,0,0,2,0,formal,short,0
20b92da6a9,FINAL NOTICE: Limited time offer,"Hello Sophie,

I noticed Nordica Retail has been focused on reducing churn in your onboarding funnel, and thought I'd reach out. We built an AI-based email assistant that helps teams like yours with exactly that.

Would you be open to a quick 15-minute call this week?

Best,
Alex, Head of Partnerships at Loopwave",56,1,1,0,2,0,spammy,short,1
25f1f9c192,Helping Nordica Retail with making your,"Hi Wei,

I noticed Nordica Retail has been focused on making your onboarding emails feel less robotic, and thought I'd reach out. We built a data-enrichment service that helps teams like yours with exactly that.

Feel free to book a slot here: https://meetings.example.com/36efd0 Is this something you would be open to exploring?

Best,
Alex, Head of Partnerships at Loopwave",65,1,1,1,2,0,casual,short,0
54ac4a4052,Partnership opportunity,"Hello Wei,

I'm reaching out because we help companies like Cascade Analytics with getting more signal from your website traffic. We built an AI-based email assistant that a few teams in your space have found useful.

Reply with a good time and I'll send a calendar invite.

Best regards,
Priya from DataForge",55,0,1,0,1,0,formal,short,0
ade30048fd,Following up,"Hi there,

We offer a scheduling assistant that helps businesses with improving reply rates on cold outreach. I wanted to see if this might be relevant for your team. In practice, this usually means less manual work for your team and faster turnaround on the tasks that used to take hours.

Can I send over a one-pager, or would a call be easier?

Best regards,
Jamie at Northstar Sales",70,1,1,0,0,0,formal,medium,1
d745386d78,Helping Clarity Health with making your,"Hi Julia,

I noticed Clarity Health has been focused on making your onboarding emails feel less robotic, and thought I'd reach out. We built a churn-prediction dashboard that helps teams like yours with exactly that.

Feel free to book a slot here: https://meetings.example.com/f644fe Is this something you would be open to exploring?

Best regards,
the team at Signalfy",64,1,1,1,2,0,formal,short,1
e12bfdd89b,Boost your revenue by 300% instantly,"Hello Priya,

I noticed Medisync Health has been focused on making your onboarding emails feel less robotic, and thought I'd reach out. We built a lightweight CRM add-on that helps teams like yours with exactly that.

Would you be open to a quick 15-minute call this week.

Best,
Priya",52,0,1,0,2,0,spammy,short,0
d5bbaa2664,"Emma, quick question about Streamline Freight","Hi Emma,

I noticed Streamline Freight has been focused on reducing no-shows on booked calls, and thought I'd reach out. We built a scheduling assistant that helps teams like yours with exactly that.

You can grab 15 minutes directly on my calendar: https://cal.example.com/c2b4b5

Best regards,
the team at Signalfy",55,0,1,1,2,0,formal,short,1
051244c109,Partnership opportunity,"To Whom It May Concern,

We offer a data-enrichment service that helps businesses with keeping your CRM data clean as you grow. I wanted to see if this might be relevant for your team.

Here's a short demo video if that's easier: https://demo.example.com/8ab5ea Is this something your team would be open to exploring?

Best regards,
Alex, Head of Partnerships at Loopwave",68,1,1,1,0,0,formal,short,1
aa577593bb,Partnership opportunity,"Hello,

We offer a churn-prediction dashboard that helps businesses with shortening your sales cycle. I wanted to see if this might be relevant for your team. In practice, this usually means less manual work for your team and faster turnaround on the tasks that used to take hours. We've seen teams cut this kind of overhead significantly within the first few weeks, and the setup itself takes less than a day with support from our onboarding team. Happy to share a couple of examples from companies in a similar space if that would help you evaluate whether this is worth exploring further on your end.

Feel free to book a slot here: https://meetings.example.com/316eff

Best regards,
the team at Signalfy",125,0,1,1,0,0,formal,long,1
645727e193,Checking in,"Hello Wei,

I'm reaching out because we help companies like Cura Health with reducing no-shows on booked calls. We built a scheduling assistant that a few teams in your space have found useful. In practice, this usually means less manual work for your team and faster turnaround on the tasks that used to take hours.

No worries either way — just thought I'd reach out.

Best regards,
the team at Signalfy",73,0,0,0,1,0,formal,medium,0
ff09436e26,Saw Cargopath Logistics's recent growth — quick thought,"Hello Michael,

I'm reaching out because we help companies like Cargopath Logistics with reducing churn in your onboarding funnel. We built a data-enrichment service that a few teams in your space have found useful. In practice, this usually means less manual work for your team and faster turnaround on the tasks that used to take hours.

Let me know if you'd like a short demo — happy to work around your schedule. Is this something you would be open to exploring?

Best regards,
Priya from DataForge",88,1,1,0,1,0,formal,medium,0
ada2c3ab89,"Ravi, quick question about Bottega Retail","Hey Ravi,

I'm reaching out because we help companies like Bottega Retail with keeping your CRM data clean as you grow. We built a sales-engagement platform that a few teams in your space have found useful. In practice, this usually means less manual work for your team and faster turnaround on the tasks that used to take hours.

Anyway, just wanted to share this in case it's useful. Is this something you would be open to exploring?

Best,
Sarah",82,1,0,0,1,0,casual,medium,0
8e3ced652e,Amazing opportunity you can't miss!!!,"To Whom It May Concern,

We offer a lead-scoring API that helps businesses with improving reply rates on cold outreach. I wanted to see if this might be relevant for your team. In practice, this usually means less manual work for your team and faster turnaround on the tasks that used to take hours.

Would you be open to a quick 15-minute call this week.

Best,
Priya",69,0,1,0,0,0,spammy,medium,0
38380ca76f,Saw Trustline Bank's recent growth — quick thought,"Hello Marco,

I noticed Trustline Bank has been focused on shortening your sales cycle, and thought I'd reach out. We built a data-enrichment service that helps teams like yours with exactly that. In practice, this usually means less manual work for your team and faster turnaround on the tasks that used to take hours.

Anyway, just wanted to share this in case it's useful. Is this something you would be open to exploring?

Best,
Sarah",78,1,0,0,2,0,casual,medium,1
d3327199c1,Idea for Inferra's outbound,"Hi James,

I noticed Inferra has been focused on getting more signal from your website traffic, and thought I'd reach out. We built a workflow automation tool that helps teams like yours with exactly that.

You can grab 15 minutes directly on my calendar: https://cal.example.com/3aaab7 Is this something you would be open to exploring?

Best,
Alex, Head of Partnerships at Loopwave",66,1,1,1,2,0,casual,short,1
cdfadb0890,Re: Re: Following up on my last email,"Good morning,

We offer an AI-based email assistant that helps businesses with scaling your outbound without losing personalization. I wanted to see if this might be relevant for your team. In practice, this usually means less manual work for your team and faster turnaround on the tasks that used to take hours. We've seen teams cut this kind of overhead significantly within the first few weeks, and the setup itself takes less than a day with support from our onboarding team. Happy to share a couple of examples from companies in a similar space if that would help you evaluate whether this is worth exploring further on your end.

No worries either way — just thought I'd reach out. Is this something your team would be open to exploring?

Best,
the",133,1,0,0,0,0,spammy,long,0
294616165f,Idea for Equora Capital's outbound,"Hello Julia,

I noticed Equora Capital has been focused on automating your lead qualification process, and thought I'd reach out. We built a workflow automation tool that helps teams like yours with exactly that.

Here's a short demo video if that's easier: https://demo.example.com/8d9113 Is this something you would be open to exploring?

Best regards,
Jamie at Northstar Sales",65,1,1,1,2,0,formal,short,1
f3e9c815db,Saw Cura Health's recent growth — quick thought,"Hi Omar,

I noticed Cura Health has been focused on making your onboarding emails feel less robotic, and thought I'd reach out. We built a data-enrichment service that helps teams like yours with exactly that.

Worth a quick chat.

Best regards,
Alex, Head of Partnerships at Loopwave",49,0,1,0,2,0,formal,short,1
1292c1a347,Partnership opportunity,"Hello,

We offer a lead-scoring API that helps businesses with scaling your outbound without losing personalization. I wanted to see if this might be relevant for your team. In practice, this usually means less manual work for your team and faster turnaround on the tasks that used to take hours.

Let me know if you'd like a short demo — happy to work around your schedule.

Best regards,
Sarah from GrowthPilot",72,0,1,0,0,0,formal,medium,0
6f9164df74,Quick question,"Hi there,

We offer a workflow automation tool that helps businesses with cutting the time your team spends on manual data entry. I wanted to see if this might be relevant for your team.

Feel free to book a slot here: https://meetings.example.com/bc0e0d Is this something your team would be open to exploring?

Best,
Jamie",58,1,1,1,0,0,casual,short,1
8a55406f54,Saw Inferra's recent growth — quick thought,"Hello Carlos,

I noticed Inferra has been focused on cutting the time your team spends on manual data entry, and thought I'd reach out. We built a data-enrichment service that helps teams like yours with exactly that. In practice, this usually means less manual work for your team and faster turnaround on the tasks that used to take hours.

Can I send over a one-pager, or would a call be easier.

Best,
Jamie",76,0,1,0,2,0,casual,medium,0
05afd82e71,Boost your revenue by 300% instantly,"Hey Thomas,

I noticed Foundry Labs has been focused on shortening your sales cycle, and thought I'd reach out. We built a lead-scoring API that helps teams like yours with exactly that.

You can grab 15 minutes directly on my calendar: https://cal.example.com/af610f Is this something you would be open to exploring?

Best,
Alex, Head of Partnerships at Loopwave",64,1,1,1,2,0,spammy,short,1
bd9b28177c,Introduction,"Hi Marco,

I'm reaching out because we help companies like Cascade Analytics with automating your lead qualification process. We built a lightweight CRM add-on that a few teams in your space have found useful.

Reply with a good time and I'll send a calendar invite.

Best regards,
the team at Signalfy",54,0,1,0,1,0,formal,short,1
17d02a32ff,Saw Northpay's recent growth — quick thought,"Hello Nina,

I noticed Northpay has been focused on shortening your sales cycle, and thought I'd reach out. We built a data-enrichment service that helps teams like yours with exactly that. In practice, this usually means less manual work for your team and faster turnaround on the tasks that used to take hours.

Anyway, just wanted to share this in case it's useful. Is this something you would be open to exploring?

Best,
Jamie",77,1,0,0,2,0,casual,medium,0
016324b692,Following up,"Hi Sarah,

I'm reaching out because we help companies like Cascade Analytics with getting more signal from your website traffic. We built a sales-engagement platform that a few teams in your space have found useful.

No worries either way — just thought I'd reach out.

Best,
Priya",49,0,0,0,1,0,casual,short,0
5dbe57bb94,"Elena, quick question about Inferra","Hi Elena,

I'm reaching out because we help companies like Inferra with cutting the time your team spends on manual data entry. We built a lightweight CRM add-on that a few teams in your space have found useful. In practice, this usually means less manual work for your team and faster turnaround on the tasks that used to take hours.

Let me know if you'd like a short demo — happy to work around your schedule.

Best regards,
Sarah from GrowthPilot",83,0,1,0,1,0,formal,medium,0
11f1a25109,Following up,"Hello,

We offer a lead-scoring API that helps businesses with reducing churn in your onboarding funnel. I wanted to see if this might be relevant for your team.

No worries either way — just thought I'd reach out.

Best,
Jamie",41,0,0,0,0,0,casual,short,0
c11e448488,Amazing opportunity you can't miss!!!,"Hey James,

I noticed Equora Capital has been focused on cutting the time your team spends on manual data entry, and thought I'd reach out. We built a lightweight CRM add-on that helps teams like yours with exactly that. In practice, this usually means less manual work for your team and faster turnaround on the tasks that used to take hours. We've seen teams cut this kind of overhead significantly within the first few weeks, and the setup itself takes less than a day with support from our onboarding team. Happy to share a couple of examples from companies in a similar space if that would help you evaluate whether this is worth exploring further on your end.

Here's a short demo video if that's easier: https://demo.example.com/ceca8f

Best,
Alex, Head of Partnerships at Loopwave",143,0,1,1,2,0,spammy,long,1
22da8adac0,Boost your revenue by 300% instantly,"Hello Wei,

I noticed Bottega Retail has been focused on making your onboarding emails feel less robotic, and thought I'd reach out. We built an AI-based email assistant that helps teams like yours with exactly that.

You can grab 15 minutes directly on my calendar: https://cal.example.com/fee8e9 Is this something you would be open to exploring?

Best,
Sarah",63,1,1,1,2,0,spammy,short,1
acd68f6985,Partnership opportunity,"Hey James,

I'm reaching out because we help companies like Tendr Finance with shortening your sales cycle. We built a lead-scoring API that a few teams in your space have found useful. In practice, this usually means less manual work for your team and faster turnaround on the tasks that used to take hours. We've seen teams cut this kind of overhead significantly within the first few weeks, and the setup itself takes less than a day with support from our onboarding team. Happy to share a couple of examples from companies in a similar space if that would help you evaluate whether this is worth exploring further on your end.

Can I send over a one-pager, or would a call be easier?

Best regards,
Priya from DataForge",132,1,1,0,1,0,formal,long,0
6ed32f9b37,Saw Tendr Finance's recent growth — quick thought,"Hello Omar,

I noticed Tendr Finance has been focused on reducing no-shows on booked calls, and thought I'd reach out. We built a lead-scoring API that helps teams like yours with exactly that. In practice, this usually means less manual work for your team and faster turnaround on the tasks that used to take hours.

You can grab 15 minutes directly on my calendar: https://cal.example.com/9583a9

Best regards,
Jamie at Northstar Sales",78,0,1,1,2,0,formal,medium,0
584a733cb1,Idea for Tendr Finance's outbound,"Hey Noah,

I noticed Tendr Finance has been focused on improving reply rates on cold outreach, and thought I'd reach out. We built a workflow automation tool that helps teams like yours with exactly that.

Feel free to book a slot here: https://meetings.example.com/e5e4be Is this something you would be open to exploring?

Best,
Priya",59,1,1,1,2,0,casual,short,1
cdffe34f65,Helping Atelier Commerce with automating your,"Hey Sarah,

I noticed Atelier Commerce has been focused on automating your lead qualification process, and thought I'd reach out. We built a lead-scoring API that helps teams like yours with exactly that.

Let me know if you'd like a short demo — happy to work around your schedule. Is this something you would be open to exploring?

Best regards,
Priya from DataForge",65,1,1,0,2,0,formal,short,1
6d63bca4d3,Saw Payflow's recent growth — quick thought,"Hi Emma,

I noticed Payflow has been focused on improving reply rates on cold outreach, and thought I'd reach out. We built an AI-based email assistant that helps teams like yours with exactly that.

Anyway, just wanted to share this in case it's useful. Is this something you would be open to exploring?

Best,
the",58,1,0,0,2,0,casual,short,1
fd4c7f8376,Checking in,"Hi there,

We offer a churn-prediction dashboard that helps businesses with getting more signal from your website traffic. I wanted to see if this might be relevant for your team. In practice, this usually means less manual work for your team and faster turnaround on the tasks that used to take hours. We've seen teams cut this kind of overhead significantly within the first few weeks, and the setup itself takes less than a day with support from our onboarding team. Happy to share a couple of examples from companies in a similar space if that would help you evaluate whether this is worth exploring further on your end.

Reply with a good time and I'll send a calendar invite. Is this something your team would be open to exploring?

Best,
Priya",135,1,1,0,0,0,casual,long,0
7b7746be67,Checking in,"Hi David,

I'm reaching out because we help companies like Inferra with automating your lead qualification process. We built a churn-prediction dashboard that a few teams in your space have found useful. In practice, this usually means less manual work for your team and faster turnaround on the tasks that used to take hours. We've seen teams cut this kind of overhead significantly within the first few weeks, and the setup itself takes less than a day with support from our onboarding team. Happy to share a couple of examples from companies in a similar space if that would help you evaluate whether this is worth exploring further on your end.

Thanks for reading, and have a great rest of your week. Is this something you would be open to exploring?

Best,
the",136,1,0,0,1,0,casual,long,0
061c7a0a1c,Checking in,"Good morning,

We offer a churn-prediction dashboard that helps businesses with reducing churn in your onboarding funnel. I wanted to see if this might be relevant for your team. In practice, this usually means less manual work for your team and faster turnaround on the tasks that used to take hours.

Let me know if you'd like a short demo — happy to work around your schedule.

Best,
Jamie",70,0,1,0,0,0,casual,medium,0
72e1269a35,Quick question,"Hello Wei,

I'm reaching out because we help companies like Bottega Retail with getting more signal from your website traffic. We built a churn-prediction dashboard that a few teams in your space have found useful.

You can grab 15 minutes directly on my calendar: https://cal.example.com/69b568 Is this something you would be open to exploring?

Best,
Alex, Head of Partnerships at Loopwave",67,1,1,1,1,0,casual,short,1
4edb5ba2ce,Idea for Medisync Health's outbound,"Hello Priya,

I noticed Medisync Health has been focused on scaling your outbound without losing personalization, and thought I'd reach out. We built a data-enrichment service that helps teams like yours with exactly that. In practice, this usually means less manual work for your team and faster turnaround on the tasks that used to take hours.

Thanks for reading, and have a great rest of your week. Is this something you would be open to exploring?

Best regards,
Alex, Head of Partnerships at Loopwave",86,1,0,0,2,0,formal,medium,1
86e6bafa85,Quick question,"Hello,

We offer a lead-scoring API that helps businesses with reducing no-shows on booked calls. I wanted to see if this might be relevant for your team. In practice, this usually means less manual work for your team and faster turnaround on the tasks that used to take hours. We've seen teams cut this kind of overhead significantly within the first few weeks, and the setup itself takes less than a day with support from our onboarding team. Happy to share a couple of examples from companies in a similar space if that would help you evaluate whether this is worth exploring further on your end.

You can grab 15 minutes directly on my calendar: https://cal.example.com/3b314c

Best,
Jamie",125,0,1,1,0,0,casual,long,0
cd1d4344cf,Helping Axion Systems with making your,"Hello Wei,

I noticed Axion Systems has been focused on making your onboarding emails feel less robotic, and thought I'd reach out. We built a lead-scoring API that helps teams like yours with exactly that.

Feel free to book a slot here: https://meetings.example.com/6287b4 Is this something you would be open to exploring?

Best regards,
Sarah from GrowthPilot",63,1,1,1,2,0,formal,short,0
3d5c9624e9,Following up,"Hey Anna,

I'm reaching out because we help companies like Equora Capital with scaling your outbound without losing personalization. We built a lead-scoring API that a few teams in your space have found useful. In practice, this usually means less manual work for your team and faster turnaround on the tasks that used to take hours.

No worries either way — just thought I'd reach out. Is this something you would be open to exploring?

Best,
the",79,1,0,0,1,0,casual,medium,1
ddbb1f1db1,Checking in,"To Whom It May Concern,

We offer a scheduling assistant that helps businesses with automating your lead qualification process. I wanted to see if this might be relevant for your team. In practice, this usually means less manual work for your team and faster turnaround on the tasks that used to take hours. We've seen teams cut this kind of overhead significantly within the first few weeks, and the setup itself takes less than a day with support from our onboarding team. Happy to share a couple of examples from companies in a similar space if that would help you evaluate whether this is worth exploring further on your end.

Anyway, just wanted to share this in case it's useful.

Best regards,
Priya from DataForge",127,0,0,0,0,0,formal,long,0
a77c90d86a,Re: Re: Following up on my last email,"Hi David,

I'm reaching out because we help companies like Clarity Health with reducing no-shows on booked calls. We built a churn-prediction dashboard that a few teams in your space have found useful. In practice, this usually means less manual work for your team and faster turnaround on the tasks that used to take hours.

Thanks for reading, and have a great rest of your week. Is this something you would be open to exploring?

Best,
Sarah",80,1,0,0,1,0,spammy,medium,0
652b5de8c7,Partnership opportunity,"Hi there,

We offer a lightweight CRM add-on that helps businesses with making your onboarding emails feel less robotic. I wanted to see if this might be relevant for your team.

Here's a short demo video if that's easier: https://demo.example.com/35e95d Is this something your team would be open to exploring?

Best regards,
Sarah from GrowthPilot",62,1,1,1,0,0,formal,short,0
f74208db15,FINAL NOTICE: Limited time offer,"Hello,

We offer a sales-engagement platform that helps businesses with cutting the time your team spends on manual data entry. I wanted to see if this might be relevant for your team. In practice, this usually means less manual work for your team and faster turnaround on the tasks that used to take hours.

Let me know if you'd like a short demo — happy to work around your schedule. Is this something your team would be open to exploring?

Best,
Alex, Head of Partnerships at Loopwave",88,1,1,0,0,0,spammy,medium,0
1b4dbe0fa2,Idea for Equora Capital's outbound,"Hi Ravi,

I'm reaching out because we help companies like Equora Capital with shortening your sales cycle. We built an AI-based email assistant that a few teams in your space have found useful.

You can grab 15 minutes directly on my calendar: https://cal.example.com/73e010

Best regards,
the team at Signalfy",55,0,1,1,1,0,formal,short,0
86f4fda19a,Checking in,"Hello,

We offer a workflow automation tool that helps businesses with shortening your sales cycle. I wanted to see if this might be relevant for your team.

Here's a short demo video if that's easier: https://demo.example.com/62dfd9 Is this something your team would be open to exploring?

Best,
Alex, Head of Partnerships at Loopwave",59,1,1,1,0,0,casual,short,0
0df4e152d6,Idea for Nordica Retail's outbound,"Hello Sophie,

I noticed Nordica Retail has been focused on reducing no-shows on booked calls, and thought I'd reach out. We built a lightweight CRM add-on that helps teams like yours with exactly that. In practice, this usually means less manual work for your team and faster turnaround on the tasks that used to take hours.

No worries either way — just thought I'd reach out.

Best,
the",71,0,0,0,2,0,casual,medium,1
2d6153f89e,Idea for Vectra AI's outbound,"Hey Nina,

I noticed Vectra AI has been focused on shortening your sales cycle, and thought I'd reach out. We built a data-enrichment service that helps teams like yours with exactly that. In practice, this usually means less manual work for your team and faster turnaround on the tasks that used to take hours.

Let me know if you'd like a short demo — happy to work around your schedule.

Best regards,
the team at Signalfy",78,0,1,0,2,0,formal,medium,1
ee8a56b036,Helping Trustline Bank with automating your,"Hey Michael,

I noticed Trustline Bank has been focused on automating your lead qualification process, and thought I'd reach out. We built a sales-engagement platform that helps teams like yours with exactly that. In practice, this usually means less manual work for your team and faster turnaround on the tasks that used to take hours.

No worries either way — just thought I'd reach out.

Best regards,
Priya from DataForge",72,0,0,0,2,0,formal,medium,1
658d0588ab,Amazing opportunity you can't miss!!!,"Hello Michael,

I noticed Cura Health has been focused on automating your lead qualification process, and thought I'd reach out. We built a scheduling assistant that helps teams like yours with exactly that. In practice, this usually means less manual work for your team and faster turnaround on the tasks that used to take hours.

Thanks for reading, and have a great rest of your week. Is this something you would be open to exploring?

Best,
the",78,1,0,0,2,0,spammy,medium,1
4259829917,Checking in,"Good morning,

We offer a churn-prediction dashboard that helps businesses with getting more signal from your website traffic. I wanted to see if this might be relevant for your team. In practice, this usually means less manual work for your team and faster turnaround on the tasks that used to take hours.

You can grab 15 minutes directly on my calendar: https://cal.example.com/b1fbde Is this something your team would be open to exploring?

Best regards,
Jamie at Northstar Sales",83,1,1,1,0,0,formal,medium,0
34d32642b5,"Wei, quick question about Bottega Retail","Hi Wei,

I'm reaching out because we help companies like Bottega Retail with shortening your sales cycle. We built a churn-prediction dashboard that a few teams in your space have found useful. In practice, this usually means less manual work for your team and faster turnaround on the tasks that used to take hours.

Thanks for reading, and have a great rest of your week. Is this something you would be open to exploring?

Best regards,
Sarah from GrowthPilot",81,1,0,0,1,0,formal,medium,0
e11a2d1015,Checking in,"Hello Julia,

I'm reaching out because we help companies like Northpay with automating your lead qualification process. We built a sales-engagement platform that a few teams in your space have found useful. In practice, this usually means less manual work for your team and faster turnaround on the tasks that used to take hours. We've seen teams cut this kind of overhead significantly within the first few weeks, and the setup itself takes less than a day with support from our onboarding team. Happy to share a couple of examples from companies in a similar space if that would help you evaluate whether this is worth exploring further on your end.

Can I send over a one-pager, or would a call be easier.

Best,
the",129,0,1,0,1,0,casual,long,1
41f44286f5,Saw Equora Capital's recent growth — quick thought,"Hey Daniel,

I noticed Equora Capital has been focused on reducing no-shows on booked calls, and thought I'd reach out. We built a scheduling assistant that helps teams like yours with exactly that. In practice, this usually means less manual work for your team and faster turnaround on the tasks that used to take hours. We've seen teams cut this kind of overhead significantly within the first few weeks, and the setup itself takes less than a day with support from our onboarding team. Happy to share a couple of examples from companies in a similar space if that would help you evaluate whether this is worth exploring further on your end.

Thanks for reading, and have a great rest of your week. Is this something you would be open to exploring?

Best regards,
the team at Signalfy",141,1,0,0,2,0,formal,long,1
ed15b86a36,Following up,"Hello,

We offer a churn-prediction dashboard that helps businesses with reducing no-shows on booked calls. I wanted to see if this might be relevant for your team. In practice, this usually means less manual work for your team and faster turnaround on the tasks that used to take hours.

Would you be open to a quick 15-minute call this week?

Best,
Jamie",65,1,1,0,0,0,casual,medium,0
56f312f401,"Maya, quick question about Atelier Commerce","Hi Maya,

I noticed Atelier Commerce has been focused on keeping your CRM data clean as you grow, and thought I'd reach out. We built a sales-engagement platform that helps teams like yours with exactly that.

Anyway, just wanted to share this in case it's useful. Is this something you would be open to exploring?

Best,
Alex, Head of Partnerships at Loopwave",65,1,0,0,2,0,casual,short,0
13dc60e8b5,Helping Cura Health with reducing churn,"Hello Maya,

I'm reaching out because we help companies like Cura Health with reducing churn in your onboarding funnel. We built a churn-prediction dashboard that a few teams in your space have found useful.

No worries either way — just thought I'd reach out.

Best regards,
the team at Signalfy",52,0,0,0,1,0,formal,short,0
b78c73027c,Following up,"To Whom It May Concern,

We offer a data-enrichment service that helps businesses with reducing no-shows on booked calls. I wanted to see if this might be relevant for your team. In practice, this usually means less manual work for your team and faster turnaround on the tasks that used to take hours. We've seen teams cut this kind of overhead significantly within the first few weeks, and the setup itself takes less than a day with support from our onboarding team. Happy to share a couple of examples from companies in a similar space if that would help you evaluate whether this is worth exploring further on your end.

Worth a quick chat? I can send over a couple of time slots.

Best,
Priya",128,1,1,0,0,0,casual,long,1
532c7b08c9,Idea for Medisync Health's outbound,"Hi Maya,

I noticed Medisync Health has been focused on automating your lead qualification process, and thought I'd reach out. We built a data-enrichment service that helps teams like yours with exactly that. In practice, this usually means less manual work for your team and faster turnaround on the tasks that used to take hours.

Thanks for reading, and have a great rest of your week.

Best regards,
Alex, Head of Partnerships at Loopwave",76,0,0,0,2,0,formal,medium,1
b243cf9a4b,FINAL NOTICE: Limited time offer,"Hello Wei,

I'm reaching out because we help companies like Atelier Commerce with making your onboarding emails feel less robotic. We built a churn-prediction dashboard that a few teams in your space have found useful.

Feel free to book a slot here: https://meetings.example.com/4bd59a Is this something you would be open to exploring?

Best,
Priya",60,1,1,1,1,0,spammy,short,0
f3a716dc93,Following up,"Hello Chloe,

I'm reaching out because we help companies like Cargopath Logistics with keeping your CRM data clean as you grow. We built a sales-engagement platform that a few teams in your space have found useful. In practice, this usually means less manual work for your team and faster turnaround on the tasks that used to take hours.

Let me know if you'd like a short demo — happy to work around your schedule. Is this something you would be open to exploring?

Best regards,
Priya from DataForge",90,1,1,0,1,0,formal,medium,0
111cd4e874,Checking in,"To Whom It May Concern,

We offer a scheduling assistant that helps businesses with reducing churn in your onboarding funnel. I wanted to see if this might be relevant for your team. In practice, this usually means less manual work for your team and faster turnaround on the tasks that used to take hours.

Feel free to book a slot here: https://meetings.example.com/ab0c46 Is this something your team would be open to exploring?

Best regards,
Priya from DataForge",81,1,1,1,0,0,formal,medium,0
891707d1ba,Helping Vectra AI with reducing no-shows,"Hello Carlos,

I noticed Vectra AI has been focused on reducing no-shows on booked calls, and thought I'd reach out. We built a lead-scoring API that helps teams like yours with exactly that. In practice, this usually means less manual work for your team and faster turnaround on the tasks that used to take hours.

Let me know if you'd like a short demo — happy to work around your schedule.

Best regards,
the team at Signalfy",80,0,1,0,2,0,formal,medium,0
4b170b71a6,Idea for Nordica Retail's outbound,"Hey Maya,

I'm reaching out because we help companies like Nordica Retail with cutting the time your team spends on manual data entry. We built a lead-scoring API that a few teams in your space have found useful.

Can I send over a one-pager, or would a call be easier?

Best,
Jamie",55,1,1,0,1,0,casual,short,0
f56b6f3131,Saw Payflow's recent growth — quick thought,"Hi Omar,

I noticed Payflow has been focused on keeping your CRM data clean as you grow, and thought I'd reach out. We built a scheduling assistant that helps teams like yours with exactly that. In practice, this usually means less manual work for your team and faster turnaround on the tasks that used to take hours.

Feel free to book a slot here: https://meetings.example.com/35e0f1 Is this something you would be open to exploring?

Best,
Alex, Head of Partnerships at Loopwave",86,1,1,1,2,0,casual,medium,0
915bdd37ed,Helping Cascade Analytics with reducing churn,"Hi David,

I noticed Cascade Analytics has been focused on reducing churn in your onboarding funnel, and thought I'd reach out. We built a data-enrichment service that helps teams like yours with exactly that. In practice, this usually means less manual work for your team and faster turnaround on the tasks that used to take hours.

Reply with a good time and I'll send a calendar invite. Is this something you would be open to exploring?

Best,
Alex, Head of Partnerships at Loopwave",86,1,1,0,2,0,casual,medium,1
51b9bcd779,Saw Cura Health's recent growth — quick thought,"Hello James,

I noticed Cura Health has been focused on getting more signal from your website traffic, and thought I'd reach out. We built a scheduling assistant that helps teams like yours with exactly that.

No worries either way — just thought I'd reach out.

Best,
Jamie",48,0,0,0,2,0,casual,short,1
63dc1a4d3c,Quick question,"Hello,

We offer a scheduling assistant that helps businesses with reducing churn in your onboarding funnel. I wanted to see if this might be relevant for your team.

Anyway, just wanted to share this in case it's useful. Is this something your team would be open to exploring?

Best regards,
Sarah from GrowthPilot",54,1,0,0,0,0,formal,short,1
34b898fa41,Quick question,"Hey Emma,

I'm reaching out because we help companies like Atelier Commerce with cutting the time your team spends on manual data entry. We built a sales-engagement platform that a few teams in your space have found useful. In practice, this usually means less manual work for your team and faster turnaround on the tasks that used to take hours.

Reply with a good time and I'll send a calendar invite.

Best,
Priya",76,0,1,0,1,0,casual,medium,1
deb453b5e7,Checking in,"Hey Noah,

I'm reaching out because we help companies like Axion Systems with automating your lead qualification process. We built an AI-based email assistant that a few teams in your space have found useful.

Anyway, just wanted to share this in case it's useful. Is this something you would be open to exploring?

Best regards,
the team at Signalfy",62,1,0,0,1,0,formal,short,1
12606420c7,Partnership opportunity,"Hi there,

We offer a data-enrichment service that helps businesses with making your onboarding emails feel less robotic. I wanted to see if this might be relevant for your team. In practice, this usually means less manual work for your team and faster turnaround on the tasks that used to take hours. We've seen teams cut this kind of overhead significantly within the first few weeks, and the setup itself takes less than a day with support from our onboarding team. Happy to share a couple of examples from companies in a similar space if that would help you evaluate whether this is worth exploring further on your end.

Thanks for reading, and have a great rest of your week.

Best,
the",124,0,0,0,0,0,casual,long,0
869549a52b,"Ravi, quick question about Inferra","Hi Ravi,

I noticed Inferra has been focused on cutting the time your team spends on manual data entry, and thought I'd reach out. We built a data-enrichment service that helps teams like yours with exactly that. In practice, this usually means less manual work for your team and faster turnaround on the tasks that used to take hours.

You can grab 15 minutes directly on my calendar: https://cal.example.com/a01f18

Best,
Sarah",77,0,1,1,2,0,casual,medium,1
6de72f8d46,Checking in,"Good morning,

We offer a churn-prediction dashboard that helps businesses with automating your lead qualification process. I wanted to see if this might be relevant for your team.

Anyway, just wanted to share this in case it's useful.

Best,
Priya",42,0,0,0,0,0,casual,short,1
d040311282,"Wei, quick question about Medisync Health","Hi Wei,

I noticed Medisync Health has been focused on reducing churn in your onboarding funnel, and thought I'd reach out. We built a scheduling assistant that helps teams like yours with exactly that.

Reply with a good time and I'll send a calendar invite. Is this something you would be open to exploring?

Best,
Sarah",58,1,1,0,2,0,casual,short,1
8d2c50c5a8,Saw Streamline Freight's recent growth — quick thought,"Hello Fatima,

I noticed Streamline Freight has been focused on scaling your outbound without losing personalization, and thought I'd reach out. We built a churn-prediction dashboard that helps teams like yours with exactly that.

No worries either way — just thought I'd reach out.

Best,
Alex, Head of Partnerships at Loopwave",53,0,0,0,2,0,casual,short,1
b958b5bfc0,Helping Trustline Bank with shortening your,"Hello Daniel,

I noticed Trustline Bank has been focused on shortening your sales cycle, and thought I'd reach out. We built a sales-engagement platform that helps teams like yours with exactly that.

You can grab 15 minutes directly on my calendar: https://cal.example.com/e15b59

Best regards,
Jamie at Northstar Sales",54,0,1,1,2,0,formal,short,1
ee64391fe7,"Nina, quick question about Axion Systems","Hey Nina,

I'm reaching out because we help companies like Axion Systems with getting more signal from your website traffic. We built a churn-prediction dashboard that a few teams in your space have found useful. In practice, this usually means less manual work for your team and faster turnaround on the tasks that used to take hours. We've seen teams cut this kind of overhead significantly within the first few weeks, and the setup itself takes less than a day with support from our onboarding team. Happy to share a couple of examples from companies in a similar space if that would help you evaluate whether this is worth exploring further on your end.

Thanks for reading, and have a great rest of your week.

Best regards,
Sarah from GrowthPilot",133,0,0,0,1,0,formal,long,0
5f23e65ad6,"David, quick question about Medisync Health","Hi David,

I noticed Medisync Health has been focused on making your onboarding emails feel less robotic, and thought I'd reach out. We built a data-enrichment service that helps teams like yours with exactly that. In practice, this usually means less manual work for your team and faster turnaround on the tasks that used to take hours. We've seen teams cut this kind of overhead significantly within the first few weeks, and the setup itself takes less than a day with support from our onboarding team. Happy to share a couple of examples from companies in a similar space if that would help you evaluate whether this is worth exploring further on your end.

Would you be open to a quick 15-minute call this week?

Best regards,
the team at Signalfy",135,1,1,0,2,0,formal,long,1
871d880233,Checking in,"Hi there,

We offer a data-enrichment service that helps businesses with making your onboarding emails feel less robotic. I wanted to see if this might be relevant for your team. In practice, this usually means less manual work for your team and faster turnaround on the tasks that used to take hours.

Thanks for reading, and have a great rest of your week. Is this something your team would be open to exploring?

Best regards,
Jamie at Northstar Sales",80,1,0,0,0,0,formal,medium,0
dd46c346ad,Quick question,"Hi there,

We offer a scheduling assistant that helps businesses with shortening your sales cycle. I wanted to see if this might be relevant for your team.

Would you be open to a quick 15-minute call this week?

Best,
Jamie",41,1,1,0,0,0,casual,short,0
67a8cce622,Idea for Nordica Retail's outbound,"Hello Carlos,

I noticed Nordica Retail has been focused on keeping your CRM data clean as you grow, and thought I'd reach out. We built a lead-scoring API that helps teams like yours with exactly that. In practice, this usually means less manual work for your team and faster turnaround on the tasks that used to take hours.

Thanks for reading, and have a great rest of your week.

Best,
Alex, Head of Partnerships at Loopwave",78,0,0,0,2,0,casual,medium,1
fad944f0e8,Idea for Payflow's outbound,"Hi James,

I noticed Payflow has been focused on cutting the time your team spends on manual data entry, and thought I'd reach out. We built an AI-based email assistant that helps teams like yours with exactly that. In practice, this usually means less manual work for your team and faster turnaround on the tasks that used to take hours.

Can I send over a one-pager, or would a call be easier.

Best,
Jamie",77,0,1,0,2,0,casual,medium,1
1563df370e,Following up,"Good morning,

We offer a lead-scoring API that helps businesses with making your onboarding emails feel less robotic. I wanted to see if this might be relevant for your team. In practice, this usually means less manual work for your team and faster turnaround on the tasks that used to take hours.

No worries either way — just thought I'd reach out.

Best,
Priya",65,0,0,0,0,0,casual,medium,0
eea8f666d5,Idea for Clarity Health's outbound,"Hello Lucas,

I'm reaching out because we help companies like Clarity Health with cutting the time your team spends on manual data entry. We built a sales-engagement platform that a few teams in your space have found useful. In practice, this usually means less manual work for your team and faster turnaround on the tasks that used to take hours.

Worth a quick chat.

Best,
Sarah",68,0,1,0,1,0,casual,medium,0
c46dcdaf71,"Maya, quick question about Cargopath Logistics","Hey Maya,

I'm reaching out because we help companies like Cargopath Logistics with cutting the time your team spends on manual data entry. We built an AI-based email assistant that a few teams in your space have found useful. In practice, this usually means less manual work for your team and faster turnaround on the tasks that used to take hours. We've seen teams cut this kind of overhead significantly within the first few weeks, and the setup itself takes less than a day with support from our onboarding team. Happy to share a couple of examples from companies in a similar space if that would help you evaluate whether this is worth exploring further on your end.

Worth a quick chat.

Best,
Alex, Head of Partnerships at Loopwave",132,0,1,0,1,0,casual,long,1
2b5abe8999,Idea for Northpay's outbound,"Hello James,

I noticed Northpay has been focused on improving reply rates on cold outreach, and thought I'd reach out. We built a data-enrichment service that helps teams like yours with exactly that. In practice, this usually means less manual work for your team and faster turnaround on the tasks that used to take hours.

Would you be open to a quick 15-minute call this week?

Best regards,
Jamie at Northstar Sales",75,1,1,0,2,0,formal,medium,1
b8e2022933,"Thomas, quick question about Medisync Health","Hello Thomas,

I noticed Medisync Health has been focused on reducing no-shows on booked calls, and thought I'd reach out. We built a scheduling assistant that helps teams like yours with exactly that. In practice, this usually means less manual work for your team and faster turnaround on the tasks that used to take hours.

Anyway, just wanted to share this in case it's useful.

Best regards,
Alex, Head of Partnerships at Loopwave",76,0,0,0,2,0,formal,medium,0
5c1879663d,Boost your revenue by 300% instantly,"Hey Chloe,

I noticed Vectra AI has been focused on scaling your outbound without losing personalization, and thought I'd reach out. We built a churn-prediction dashboard that helps teams like yours with exactly that.

No worries either way — just thought I'd reach out. Is this something you would be open to exploring?

Best,
Alex, Head of Partnerships at Loopwave",62,1,0,0,2,0,spammy,short,0
afd5ccd6bc,Idea for Streamline Freight's outbound,"Hello James,

I noticed Streamline Freight has been focused on reducing churn in your onboarding funnel, and thought I'd reach out. We built a sales-engagement platform that helps teams like yours with exactly that.

Can I send over a one-pager, or would a call be easier?

Best regards,
Jamie at Northstar Sales",55,1,1,0,2,0,formal,short,1
6061738649,Idea for Payflow's outbound,"Hi Elena,

I noticed Payflow has been focused on scaling your outbound without losing personalization, and thought I'd reach out. We built a churn-prediction dashboard that helps teams like yours with exactly that.

No worries either way — just thought I'd reach out.

Best regards,
Priya from DataForge",50,0,0,0,2,0,formal,short,0
072a94c76e,Helping Cascade Analytics with keeping your,"Hello Elena,

I noticed Cascade Analytics has been focused on keeping your CRM data clean as you grow, and thought I'd reach out. We built a scheduling assistant that helps teams like yours with exactly that.

No worries either way — just thought I'd reach out. Is this something you would be open to exploring?

Best regards,
Priya from DataForge",61,1,0,0,2,0,formal,short,1
3f377b8ffe,Partnership opportunity,"Hi there,

We offer a sales-engagement platform that helps businesses with reducing churn in your onboarding funnel. I wanted to see if this might be relevant for your team. In practice, this usually means less manual work for your team and faster turnaround on the tasks that used to take hours. We've seen teams cut this kind of overhead significantly within the first few weeks, and the setup itself takes less than a day with support from our onboarding team. Happy to share a couple of examples from companies in a similar space if that would help you evaluate whether this is worth exploring further on your end.

No worries either way — just thought I'd reach out. Is this something your team would be open to exploring?

Best regards,
Sarah from GrowthPilot",135,1,0,0,0,0,formal,long,1
f9f3c078fc,Helping Brightloop with cutting the,"Hello Nina,

I'm reaching out because we help companies like Brightloop with cutting the time your team spends on manual data entry. We built a lightweight CRM add-on that a few teams in your space have found useful.

No worries either way — just thought I'd reach out.

Best,
Sarah",52,0,0,0,1,0,casual,short,1
ca02368573,Following up,"Hi there,

We offer a lead-scoring API that helps businesses with keeping your CRM data clean as you grow. I wanted to see if this might be relevant for your team. In practice, this usually means less manual work for your team and faster turnaround on the tasks that used to take hours.

You can grab 15 minutes directly on my calendar: https://cal.example.com/35c424 Is this something your team would be open to exploring?

Best regards,
Jamie at Northstar Sales",84,1,1,1,0,0,formal,medium,0
fbb2f1c6c5,Boost your revenue by 300% instantly,"Hi there,

We offer a sales-engagement platform that helps businesses with getting more signal from your website traffic. I wanted to see if this might be relevant for your team. In practice, this usually means less manual work for your team and faster turnaround on the tasks that used to take hours.

No worries either way — just thought I'd reach out.

Best,
Sarah",65,0,0,0,0,0,spammy,medium,0
7a32bb7201,Amazing opportunity you can't miss!!!,"Hello Carlos,

I'm reaching out because we help companies like Clarity Health with reducing no-shows on booked calls. We built a scheduling assistant that a few teams in your space have found useful.

Would you be open to a quick 15-minute call this week.

Best,
Alex, Head of Partnerships at Loopwave",54,0,1,0,1,0,spammy,short,1
1d5c3fa2af,Following up,"Hi Nina,

I'm reaching out because we help companies like Equora Capital with reducing no-shows on booked calls. We built an AI-based email assistant that a few teams in your space have found useful. In practice, this usually means less manual work for your team and faster turnaround on the tasks that used to take hours.

No worries either way — just thought I'd reach out.

Best regards,
Alex, Head of Partnerships at Loopwave",77,0,0,0,1,0,formal,medium,1
755cf8fdbb,Re: Re: Following up on my last email,"Hi Chloe,

I noticed Cargopath Logistics has been focused on scaling your outbound without losing personalization, and thought I'd reach out. We built a scheduling assistant that helps teams like yours with exactly that. In practice, this usually means less manual work for your team and faster turnaround on the tasks that used to take hours. We've seen teams cut this kind of overhead significantly within the first few weeks, and the setup itself takes less than a day with support from our onboarding team. Happy to share a couple of examples from companies in a similar space if that would help you evaluate whether this is worth exploring further on your end.

You can grab 15 minutes directly on my calendar: https://cal.example.com/70f350

Best,
Priya",131,0,1,1,2,0,spammy,long,0
54840ebacd,Checking in,"Good morning,

We offer a lightweight CRM add-on that helps businesses with automating your lead qualification process. I wanted to see if this might be relevant for your team. In practice, this usually means less manual work for your team and faster turnaround on the tasks that used to take hours.

Reply with a good time and I'll send a calendar invite. Is this something your team would be open to exploring?

Best regards,
Sarah from GrowthPilot",79,1,1,0,0,0,formal,medium,0
0db921f951,Introduction,"Hi there,

We offer a workflow automation tool that helps businesses with reducing no-shows on booked calls. I wanted to see if this might be relevant for your team.

Let me know if you'd like a short demo — happy to work around your schedule. Is this something your team would be open to exploring?

Best regards,
the team at Signalfy",62,1,1,0,0,0,formal,short,0
e010290f4b,Saw Nordica Retail's recent growth — quick thought,"Hi Omar,

I noticed Nordica Retail has been focused on cutting the time your team spends on manual data entry, and thought I'd reach out. We built a scheduling assistant that helps teams like yours with exactly that. In practice, this usually means less manual work for your team and faster turnaround on the tasks that used to take hours. We've seen teams cut this kind of overhead significantly within the first few weeks, and the setup itself takes less than a day with support from our onboarding team. Happy to share a couple of examples from companies in a similar space if that would help you evaluate whether this is worth exploring further on your end.

Reply with a good time and I'll send a calendar invite. Is this something you would be open to exploring?

Best regards,
Sarah from GrowthPilot",145,1,1,0,2,0,formal,long,0
67d8f6ec5c,Partnership opportunity,"To Whom It May Concern,

We offer a sales-engagement platform that helps businesses with automating your lead qualification process. I wanted to see if this might be relevant for your team. In practice, this usually means less manual work for your team and faster turnaround on the tasks that used to take hours.

Thanks for reading, and have a great rest of your week.

Best regards,
Sarah from GrowthPilot",70,0,0,0,0,0,formal,medium,0
038b13c203,Idea for Cascade Analytics's outbound,"Hey James,

I noticed Cascade Analytics has been focused on keeping your CRM data clean as you grow, and thought I'd reach out. We built a sales-engagement platform that helps teams like yours with exactly that. In practice, this usually means less manual work for your team and faster turnaround on the tasks that used to take hours.

Anyway, just wanted to share this in case it's useful.

Best regards,
Alex, Head of Partnerships at Loopwave",79,0,0,0,2,0,formal,medium,1
565c1aac07,"Lucas, quick question about Equora Capital","Hey Lucas,

I'm reaching out because we help companies like Equora Capital with keeping your CRM data clean as you grow. We built a lightweight CRM add-on that a few teams in your space have found useful. In practice, this usually means less manual work for your team and faster turnaround on the tasks that used to take hours.

Thanks for reading, and have a great rest of your week.

Best,
Sarah",74,0,0,0,1,0,casual,medium,0
11188c84a5,Helping Cargopath Logistics with getting more,"Hi Omar,

I'm reaching out because we help companies like Cargopath Logistics with getting more signal from your website traffic. We built a workflow automation tool that a few teams in your space have found useful. In practice, this usually means less manual work for your team and faster turnaround on the tasks that used to take hours. We've seen teams cut this kind of overhead significantly within the first few weeks, and the setup itself takes less than a day with support from our onboarding team. Happy to share a couple of examples from companies in a similar space if that would help you evaluate whether this is worth exploring further on your end.

Let me know if you'd like a short demo — happy to work around your schedule.

Best,
Priya",135,0,1,0,1,0,casual,long,0
4273d6d808,Introduction,"Good morning,

We offer a sales-engagement platform that helps businesses with scaling your outbound without losing personalization. I wanted to see if this might be relevant for your team.

Worth a quick chat? I can send over a couple of time slots.

Best regards,
Alex, Head of Partnerships at Loopwave",51,1,1,0,0,0,formal,short,1
40683789f8,Saw Vectra AI's recent growth — quick thought,"Hello Laura,

I noticed Vectra AI has been focused on making your onboarding emails feel less robotic, and thought I'd reach out. We built a lightweight CRM add-on that helps teams like yours with exactly that. In practice, this usually means less manual work for your team and faster turnaround on the tasks that used to take hours. We've seen teams cut this kind of overhead significantly within the first few weeks, and the setup itself takes less than a day with support from our onboarding team. Happy to share a couple of examples from companies in a similar space if that would help you evaluate whether this is worth exploring further on your end.

No worries either way — just thought I'd reach out. Is this something you would be open to exploring?

Best regards,
Priya from DataForge",142,1,0,0,2,0,formal,long,0
7b45f47cc7,Helping Payflow with keeping your,"Hello Laura,

I noticed Payflow has been focused on keeping your CRM data clean as you grow, and thought I'd reach out. We built a scheduling assistant that helps teams like yours with exactly that.

Worth a quick chat.

Best,
Sarah",42,0,1,0,2,0,casual,short,0
8037b7b745,Saw Cargopath Logistics's recent growth — quick thought,"Hey Thomas,

I'm reaching out because we help companies like Cargopath Logistics with scaling your outbound without losing personalization. We built a scheduling assistant that a few teams in your space have found useful. In practice, this usually means less manual work for your team and faster turnaround on the tasks that used to take hours. We've seen teams cut this kind of overhead significantly within the first few weeks, and the setup itself takes less than a day with support from our onboarding team. Happy to share a couple of examples from companies in a similar space if that would help you evaluate whether this is worth exploring further on your end.

Let me know if you'd like a short demo — happy to work around your schedule. Is this something you would be open to exploring?

Best,
Sarah",142,1,1,0,1,0,casual,long,0
10aaa79957,"Elena, quick question about Vectra AI","Hey Elena,

I noticed Vectra AI has been focused on cutting the time your team spends on manual data entry, and thought I'd reach out. We built a churn-prediction dashboard that helps teams like yours with exactly that. In practice, this usually means less manual work for your team and faster turnaround on the tasks that used to take hours. We've seen teams cut this kind of overhead significantly within the first few weeks, and the setup itself takes less than a day with support from our onboarding team. Happy to share a couple of examples from companies in a similar space if that would help you evaluate whether this is worth exploring further on your end.

Feel free to book a slot here: https://meetings.example.com/4d5ebe Is this something you would be open to exploring?

Best regards,
the team at Signalfy",147,1,1,1,2,0,formal,long,1
dc595594f9,Checking in,"Hello,

We offer a churn-prediction dashboard that helps businesses with shortening your sales cycle. I wanted to see if this might be relevant for your team. In practice, this usually means less manual work for your team and faster turnaround on the tasks that used to take hours. We've seen teams cut this kind of overhead significantly within the first few weeks, and the setup itself takes less than a day with support from our onboarding team. Happy to share a couple of examples from companies in a similar space if that would help you evaluate whether this is worth exploring further on your end.

You can grab 15 minutes directly on my calendar: https://cal.example.com/705b54

Best regards,
Alex, Head of Partnerships at Loopwave",129,0,1,1,0,0,formal,long,0
b807bdf27a,Saw Tendr Finance's recent growth — quick thought,"Hello Noah,

I noticed Tendr Finance has been focused on reducing churn in your onboarding funnel, and thought I'd reach out. We built a scheduling assistant that helps teams like yours with exactly that.

Worth a quick chat.

Best,
Sarah",41,0,1,0,2,0,casual,short,0
96d3400162,Partnership opportunity,"To Whom It May Concern,

We offer a churn-prediction dashboard that helps businesses with shortening your sales cycle. I wanted to see if this might be relevant for your team. In practice, this usually means less manual work for your team and faster turnaround on the tasks that used to take hours.

Anyway, just wanted to share this in case it's useful. Is this something your team would be open to exploring?

Best regards,
Priya from DataForge",79,1,0,0,0,0,formal,medium,1
6dd5cd079d,Checking in,"Hello Nina,

I'm reaching out because we help companies like Vectra AI with reducing no-shows on booked calls. We built a scheduling assistant that a few teams in your space have found useful. In practice, this usually means less manual work for your team and faster turnaround on the tasks that used to take hours.

Thanks for reading, and have a great rest of your week. Is this something you would be open to exploring?

Best,
Priya",79,1,0,0,1,0,casual,medium,0
b48f9e628c,"Michael, quick question about Axion Systems","Hello Michael,

I noticed Axion Systems has been focused on keeping your CRM data clean as you grow, and thought I'd reach out. We built a sales-engagement platform that helps teams like yours with exactly that.

Here's a short demo video if that's easier: https://demo.example.com/fea296 Is this something you would be open to exploring?

Best,
the",64,1,1,1,2,0,casual,short,0
e375d1d4ae,Idea for Cascade Analytics's outbound,"Hey Emma,

I noticed Cascade Analytics has been focused on automating your lead qualification process, and thought I'd reach out. We built a lightweight CRM add-on that helps teams like yours with exactly that.

You can grab 15 minutes directly on my calendar: https://cal.example.com/a2df0a

Best,
the",52,0,1,1,2,0,casual,short,1
9fae03d9a7,Introduction,"To Whom It May Concern,

We offer a data-enrichment service that helps businesses with reducing no-shows on booked calls. I wanted to see if this might be relevant for your team. In practice, this usually means less manual work for your team and faster turnaround on the tasks that used to take hours.

No worries either way — just thought I'd reach out. Is this something your team would be open to exploring?

Best,
the",77,1,0,0,0,0,casual,medium,0
da7b7bc5c6,Introduction,"Hi Ravi,

I'm reaching out because we help companies like Brightloop with reducing churn in your onboarding funnel. We built a lead-scoring API that a few teams in your space have found useful. In practice, this usually means less manual work for your team and faster turnaround on the tasks that used to take hours.

Would you be open to a quick 15-minute call this week.

Best,
Priya",71,0,1,0,1,0,casual,medium,0
aeecf5ca4f,"Nina, quick question about Nordica Retail","Hello Nina,

I'm reaching out because we help companies like Nordica Retail with reducing no-shows on booked calls. We built a lead-scoring API that a few teams in your space have found useful.

Let me know if you'd like a short demo — happy to work around your schedule.

Best regards,
the team at Signalfy",58,0,1,0,1,0,formal,short,0
f46061320b,"Nina, quick question about Bottega Retail","Hey Nina,

I'm reaching out because we help companies like Bottega Retail with shortening your sales cycle. We built a workflow automation tool that a few teams in your space have found useful. In practice, this usually means less manual work for your team and faster turnaround on the tasks that used to take hours.

Let me know if you'd like a short demo — happy to work around your schedule. Is this something you would be open to exploring?

Best regards,
Priya from DataForge",86,1,1,0,1,0,formal,medium,1
bd9b698d1c,Partnership opportunity,"Hello,

We offer a lightweight CRM add-on that helps businesses with automating your lead qualification process. I wanted to see if this might be relevant for your team. In practice, this usually means less manual work for your team and faster turnaround on the tasks that used to take hours.

You can grab 15 minutes directly on my calendar: https://cal.example.com/f73d73 Is this something your team would be open to exploring?

Best,
Alex, Head of Partnerships at Loopwave",82,1,1,1,0,0,casual,medium,1
4f75a63c60,Helping Modela with reducing no-shows,"Hey Michael,

I noticed Modela has been focused on reducing no-shows on booked calls, and thought I'd reach out. We built an AI-based email assistant that helps teams like yours with exactly that. In practice, this usually means less manual work for your team and faster turnaround on the tasks that used to take hours. We've seen teams cut this kind of overhead significantly within the first few weeks, and the setup itself takes less than a day with support from our onboarding team. Happy to share a couple of examples from companies in a similar space if that would help you evaluate whether this is worth exploring further on your end.

Can I send over a one-pager, or would a call be easier.

Best,
Jamie",131,0,1,0,2,0,casual,long,0
06929bd4f8,Saw Brightloop's recent growth — quick thought,"Hello Ravi,

I noticed Brightloop has been focused on reducing no-shows on booked calls, and thought I'd reach out. We built an AI-based email assistant that helps teams like yours with exactly that.

Thanks for reading, and have a great rest of your week. Is this something you would be open to exploring?

Best regards,
Sarah from GrowthPilot",61,1,0,0,2,0,formal,short,1
0e31bb9ae6,Introduction,"Hey James,

I'm reaching out because we help companies like Brightloop with scaling your outbound without losing personalization. We built a workflow automation tool that a few teams in your space have found useful. In practice, this usually means less manual work for your team and faster turnaround on the tasks that used to take hours.

No worries either way — just thought I'd reach out.

Best,
the",69,0,0,0,1,0,casual,medium,1
a25a7963c5,Saw Nordica Retail's recent growth — quick thought,"Hey Daniel,

I'm reaching out because we help companies like Nordica Retail with cutting the time your team spends on manual data entry. We built a churn-prediction dashboard that a few teams in your space have found useful. In practice, this usually means less manual work for your team and faster turnaround on the tasks that used to take hours.

You can grab 15 minutes directly on my calendar: https://cal.example.com/f31a91 Is this something you would be open to exploring?

Best,
the",87,1,1,1,1,0,casual,medium,1
5b0f11b42e,"Carlos, quick question about Payflow","Hi Carlos,

I'm reaching out because we help companies like Payflow with improving reply rates on cold outreach. We built a sales-engagement platform that a few teams in your space have found useful. In practice, this usually means less manual work for your team and faster turnaround on the tasks that used to take hours. We've seen teams cut this kind of overhead significantly within the first few weeks, and the setup itself takes less than a day with support from our onboarding team. Happy to share a couple of examples from companies in a similar space if that would help you evaluate whether this is worth exploring further on your end.

Anyway, just wanted to share this in case it's useful.

Best regards,
Sarah from GrowthPilot",131,0,0,0,1,0,formal,long,0
7d9872b088,Quick question,"Hi Wei,

I'm reaching out because we help companies like Modela with keeping your CRM data clean as you grow. We built a scheduling assistant that a few teams in your space have found useful.

Let me know if you'd like a short demo — happy to work around your schedule. Is this something you would be open to exploring?

Best,
Jamie",63,1,1,0,1,0,casual,short,0
5258f42e04,Helping Streamline Freight with scaling your,"Hi Laura,

I noticed Streamline Freight has been focused on scaling your outbound without losing personalization, and thought I'd reach out. We built a lightweight CRM add-on that helps teams like yours with exactly that. In practice, this usually means less manual work for your team and faster turnaround on the tasks that used to take hours. We've seen teams cut this kind of overhead significantly within the first few weeks, and the setup itself takes less than a day with support from our onboarding team. Happy to share a couple of examples from companies in a similar space if that would help you evaluate whether this is worth exploring further on your end.

No worries either way — just thought I'd reach out.

Best,
Alex, Head of Partnerships at Loopwave",134,0,0,0,2,0,casual,long,0
2d92549f71,Saw Payflow's recent growth — quick thought,"Hi Carlos,

I noticed Payflow has been focused on making your onboarding emails feel less robotic, and thought I'd reach out. We built an AI-based email assistant that helps teams like yours with exactly that.

Thanks for reading, and have a great rest of your week. Is this something you would be open to exploring?

Best,
Alex, Head of Partnerships at Loopwave",64,1,0,0,2,0,casual,short,0
25c5d459f5,Quick question,"Hi Anna,

I'm reaching out because we help companies like Clarity Health with shortening your sales cycle. We built a sales-engagement platform that a few teams in your space have found useful. In practice, this usually means less manual work for your team and faster turnaround on the tasks that used to take hours.

Can I send over a one-pager, or would a call be easier?

Best regards,
Jamie at Northstar Sales",75,1,1,0,1,0,formal,medium,1
ae4ff00969,Partnership opportunity,"Hi there,

We offer a scheduling assistant that helps businesses with making your onboarding emails feel less robotic. I wanted to see if this might be relevant for your team. In practice, this usually means less manual work for your team and faster turnaround on the tasks that used to take hours.

Here's a short demo video if that's easier: https://demo.example.com/ea8100 Is this something your team would be open to exploring?

Best,
Alex, Head of Partnerships at Loopwave",84,1,1,1,0,0,casual,medium,1
67a9d4a246,Partnership opportunity,"Good morning,

We offer a lightweight CRM add-on that helps businesses with reducing no-shows on booked calls. I wanted to see if this might be relevant for your team. In practice, this usually means less manual work for your team and faster turnaround on the tasks that used to take hours.

Let me know if you'd like a short demo — happy to work around your schedule.

Best regards,
the team at Signalfy",75,0,1,0,0,0,formal,medium,1
1f82a6f182,Introduction,"Hey Anna,

I'm reaching out because we help companies like Equora Capital with scaling your outbound without losing personalization. We built a sales-engagement platform that a few teams in your space have found useful.

Reply with a good time and I'll send a calendar invite.

Best,
Jamie",50,0,1,0,1,0,casual,short,1
3f42dbf97b,Partnership opportunity,"Hello,

We offer a lead-scoring API that helps businesses with getting more signal from your website traffic. I wanted to see if this might be relevant for your team. In practice, this usually means less manual work for your team and faster turnaround on the tasks that used to take hours.

Here's a short demo video if that's easier: https://demo.example.com/115e42 Is this something your team would be open to exploring?

Best regards,
the team at Signalfy",83,1,1,1,0,0,formal,medium,0
9ab9d3465f,FINAL NOTICE: Limited time offer,"Hi Michael,

I noticed Brightloop has been focused on improving reply rates on cold outreach, and thought I'd reach out. We built a scheduling assistant that helps teams like yours with exactly that. In practice, this usually means less manual work for your team and faster turnaround on the tasks that used to take hours.

You can grab 15 minutes directly on my calendar: https://cal.example.com/02d28d

Best,
Alex, Head of Partnerships at Loopwave",77,0,1,1,2,0,spammy,medium,1
5215d0cce0,Saw Cascade Analytics's recent growth — quick thought,"Hi Nina,

I noticed Cascade Analytics has been focused on making your onboarding emails feel less robotic, and thought I'd reach out. We built a scheduling assistant that helps teams like yours with exactly that. In practice, this usually means less manual work for your team and faster turnaround on the tasks that used to take hours. We've seen teams cut this kind of overhead significantly within the first few weeks, and the setup itself takes less than a day with support from our onboarding team. Happy to share a couple of examples from companies in a similar space if that would help you evaluate whether this is worth exploring further on your end.

Can I send over a one-pager, or would a call be easier.

Best,
Sarah",131,0,1,0,2,0,casual,long,0
52acde90a3,Introduction,"Good morning,

We offer a sales-engagement platform that helps businesses with reducing no-shows on booked calls. I wanted to see if this might be relevant for your team. In practice, this usually means less manual work for your team and faster turnaround on the tasks that used to take hours.

You can grab 15 minutes directly on my calendar: https://cal.example.com/c0f340 Is this something your team would be open to exploring?

Best,
Jamie",78,1,1,1,0,0,casual,medium,0
91ba12ce54,Saw Medisync Health's recent growth — quick thought,"Hello Lucas,

I noticed Medisync Health has been focused on reducing no-shows on booked calls, and thought I'd reach out. We built a sales-engagement platform that helps teams like yours with exactly that.

No worries either way — just thought I'd reach out.

Best regards,
Alex, Head of Partnerships at Loopwave",54,0,0,0,2,0,formal,short,0
f5c8afb029,Boost your revenue by 300% instantly,"Good morning,

We offer an AI-based email assistant that helps businesses with getting more signal from your website traffic. I wanted to see if this might be relevant for your team. In practice, this usually means less manual work for your team and faster turnaround on the tasks that used to take hours.

Anyway, just wanted to share this in case it's useful.

Best,
Sarah",67,0,0,0,0,0,spammy,medium,0
35a8272ce7,Following up,"Hello Carlos,

I'm reaching out because we help companies like Vectra AI with getting more signal from your website traffic. We built an AI-based email assistant that a few teams in your space have found useful. In practice, this usually means less manual work for your team and faster turnaround on the tasks that used to take hours.

Thanks for reading, and have a great rest of your week.

Best regards,
Priya from DataForge",76,0,0,0,1,0,formal,medium,1
c125b88acf,Introduction,"To Whom It May Concern,

We offer a sales-engagement platform that helps businesses with improving reply rates on cold outreach. I wanted to see if this might be relevant for your team. In practice, this usually means less manual work for your team and faster turnaround on the tasks that used to take hours. We've seen teams cut this kind of overhead significantly within the first few weeks, and the setup itself takes less than a day with support from our onboarding team. Happy to share a couple of examples from companies in a similar space if that would help you evaluate whether this is worth exploring further on your end.

Feel free to book a slot here: https://meetings.example.com/a319bb Is this something your team would be open to exploring?

Best regards,
Sarah from GrowthPilot",140,1,1,1,0,0,formal,long,0
a49a1bc550,Quick question,"Hello,

We offer a workflow automation tool that helps businesses with improving reply rates on cold outreach. I wanted to see if this might be relevant for your team.

Feel free to book a slot here: https://meetings.example.com/baa8f9 Is this something your team would be open to exploring?

Best regards,
the team at Signalfy",57,1,1,1,0,0,formal,short,1
7101160d1d,Idea for Cura Health's outbound,"Hey Priya,

I noticed Cura Health has been focused on shortening your sales cycle, and thought I'd reach out. We built a churn-prediction dashboard that helps teams like yours with exactly that. In practice, this usually means less manual work for your team and faster turnaround on the tasks that used to take hours.

Let me know if you'd like a short demo — happy to work around your schedule. Is this something you would be open to exploring?

Best regards,
Alex, Head of Partnerships at Loopwave",89,1,1,0,2,0,formal,medium,1
da11e0f050,Helping Cura Health with cutting the,"Hey Laura,

I'm reaching out because we help companies like Cura Health with cutting the time your team spends on manual data entry. We built a workflow automation tool that a few teams in your space have found useful. In practice, this usually means less manual work for your team and faster turnaround on the tasks that used to take hours. We've seen teams cut this kind of overhead significantly within the first few weeks, and the setup itself takes less than a day with support from our onboarding team. Happy to share a couple of examples from companies in a similar space if that would help you evaluate whether this is worth exploring further on your end.

Reply with a good time and I'll send a calendar invite.

Best,
Priya",134,0,1,0,1,0,casual,long,0
9fd073ccb4,Quick question,"Hi Elena,

I'm reaching out because we help companies like Inferra with reducing no-shows on booked calls. We built a lightweight CRM add-on that a few teams in your space have found useful. In practice, this usually means less manual work for your team and faster turnaround on the tasks that used to take hours.

Let me know if you'd like a short demo — happy to work around your schedule.

Best,
Jamie",76,0,1,0,1,0,casual,medium,1
62a981ab0e,Helping Brightloop with shortening your,"Hey Thomas,

I noticed Brightloop has been focused on shortening your sales cycle, and thought I'd reach out. We built a churn-prediction dashboard that helps teams like yours with exactly that. In practice, this usually means less manual work for your team and faster turnaround on the tasks that used to take hours.

Reply with a good time and I'll send a calendar invite. Is this something you would be open to exploring?

Best regards,
Sarah from GrowthPilot",81,1,1,0,2,0,formal,medium,1
cd52cdaa3e,Introduction,"To Whom It May Concern,

We offer a churn-prediction dashboard that helps businesses with improving reply rates on cold outreach. I wanted to see if this might be relevant for your team. In practice, this usually means less manual work for your team and faster turnaround on the tasks that used to take hours.

You can grab 15 minutes directly on my calendar: https://cal.example.com/483181

Best regards,
Sarah from GrowthPilot",74,0,1,1,0,0,formal,medium,0
b0e9072eba,Amazing opportunity you can't miss!!!,"Hey Omar,

I'm reaching out because we help companies like Inferra with improving reply rates on cold outreach. We built an AI-based email assistant that a few teams in your space have found useful. In practice, this usually means less manual work for your team and faster turnaround on the tasks that used to take hours. We've seen teams cut this kind of overhead significantly within the first few weeks, and the setup itself takes less than a day with support from our onboarding team. Happy to share a couple of examples from companies in a similar space if that would help you evaluate whether this is worth exploring further on your end.

No worries either way — just thought I'd reach out. Is this something you would be open to exploring?

Best,
Sarah",137,1,0,0,1,0,spammy,long,0
77ef3679b3,Partnership opportunity,"Hello Sarah,

I'm reaching out because we help companies like Cura Health with making your onboarding emails feel less robotic. We built a scheduling assistant that a few teams in your space have found useful. In practice, this usually means less manual work for your team and faster turnaround on the tasks that used to take hours.

Would you be open to a quick 15-minute call this week?

Best,
the",72,1,1,0,1,0,casual,medium,0
6d80e8f571,FINAL NOTICE: Limited time offer,"Hello,

We offer a lightweight CRM add-on that helps businesses with cutting the time your team spends on manual data entry. I wanted to see if this might be relevant for your team.

Let me know if you'd like a short demo — happy to work around your schedule. Is this something your team would be open to exploring?

Best,
Priya",62,1,1,0,0,0,spammy,short,0
61ae97e012,Amazing opportunity you can't miss!!!,"Hi Ravi,

I'm reaching out because we help companies like Cura Health with keeping your CRM data clean as you grow. We built an AI-based email assistant that a few teams in your space have found useful.

Thanks for reading, and have a great rest of your week. Is this something you would be open to exploring?

Best,
Sarah",61,1,0,0,1,0,spammy,short,0
5e5ef49f93,Partnership opportunity,"Hi there,

We offer a churn-prediction dashboard that helps businesses with automating your lead qualification process. I wanted to see if this might be relevant for your team. In practice, this usually means less manual work for your team and faster turnaround on the tasks that used to take hours.

You can grab 15 minutes directly on my calendar: https://cal.example.com/80e486

Best regards,
the team at Signalfy",71,0,1,1,0,0,formal,medium,0
64eb6e765f,Idea for Streamline Freight's outbound,"Hello Priya,

I noticed Streamline Freight has been focused on making your onboarding emails feel less robotic, and thought I'd reach out. We built a workflow automation tool that helps teams like yours with exactly that. In practice, this usually means less manual work for your team and faster turnaround on the tasks that used to take hours.

Anyway, just wanted to share this in case it's useful. Is this something you would be open to exploring?

Best regards,
the team at Signalfy",85,1,0,0,2,0,formal,medium,1
f1c6f51794,Re: Re: Following up on my last email,"Good morning,

We offer a lightweight CRM add-on that helps businesses with cutting the time your team spends on manual data entry. I wanted to see if this might be relevant for your team. In practice, this usually means less manual work for your team and faster turnaround on the tasks that used to take hours.

Reply with a good time and I'll send a calendar invite. Is this something your team would be open to exploring?

Best,
Jamie",81,1,1,0,0,0,spammy,medium,0
ae077e6153,Saw Bottega Retail's recent growth — quick thought,"Hello Marco,

I'm reaching out because we help companies like Bottega Retail with reducing no-shows on booked calls. We built a lightweight CRM add-on that a few teams in your space have found useful.

Worth a quick chat? I can send over a couple of time slots.

Best regards,
the team at Signalfy",56,1,1,0,1,0,formal,short,1
b9877e388a,Checking in,"Hi Laura,

I'm reaching out because we help companies like Medisync Health with automating your lead qualification process. We built a lead-scoring API that a few teams in your space have found useful.

Reply with a good time and I'll send a calendar invite. Is this something you would be open to exploring?

Best,
Sarah",58,1,1,0,1,0,casual,short,1
e14daa93b2,Quick question,"Hi Anna,

I'm reaching out because we help companies like Streamline Freight with reducing churn in your onboarding funnel. We built a lead-scoring API that a few teams in your space have found useful.

You can grab 15 minutes directly on my calendar: https://cal.example.com/942839

Best,
Alex, Head of Partnerships at Loopwave",57,0,1,1,1,0,casual,short,1
c118c26af9,Saw Brightloop's recent growth — quick thought,"Hello Carlos,

I noticed Brightloop has been focused on shortening your sales cycle, and thought I'd reach out. We built a data-enrichment service that helps teams like yours with exactly that.

No worries either way — just thought I'd reach out.

Best regards,
the team at Signalfy",49,0,0,0,2,0,formal,short,0
2262dce418,Following up,"Good morning,

We offer a scheduling assistant that helps businesses with reducing churn in your onboarding funnel. I wanted to see if this might be relevant for your team. In practice, this usually means less manual work for your team and faster turnaround on the tasks that used to take hours.

Feel free to book a slot here: https://meetings.example.com/eb3e1d Is this something your team would be open to exploring?

Best,
the",75,1,1,1,0,0,casual,medium,0
094344a711,Partnership opportunity,"Hey Michael,

I'm reaching out because we help companies like Clarity Health with scaling your outbound without losing personalization. We built a sales-engagement platform that a few teams in your space have found useful.

You can grab 15 minutes directly on my calendar: https://cal.example.com/956b65 Is this something you would be open to exploring?

Best,
Priya",61,1,1,1,1,0,casual,short,0
98c62cd94d,Re: Re: Following up on my last email,"Hey Laura,

I noticed Clarity Health has been focused on improving reply rates on cold outreach, and thought I'd reach out. We built a churn-prediction dashboard that helps teams like yours with exactly that.

Reply with a good time and I'll send a calendar invite.

Best,
Priya",50,0,1,0,2,0,spammy,short,0
d0bce6a1d2,Helping Northpay with improving reply,"Hi Thomas,

I noticed Northpay has been focused on improving reply rates on cold outreach, and thought I'd reach out. We built a lightweight CRM add-on that helps teams like yours with exactly that.

Let me know if you'd like a short demo — happy to work around your schedule. Is this something you would be open to exploring?

Best,
Sarah",63,1,1,0,2,0,casual,short,1
dff43886b4,Following up,"Hey Ravi,

I'm reaching out because we help companies like Cura Health with getting more signal from your website traffic. We built an AI-based email assistant that a few teams in your space have found useful. In practice, this usually means less manual work for your team and faster turnaround on the tasks that used to take hours.

Let me know if you'd like a short demo — happy to work around your schedule.

Best regards,
Priya from DataForge",81,0,1,0,1,0,formal,medium,0
0347817327,Following up,"Hello Noah,

I'm reaching out because we help companies like Payflow with scaling your outbound without losing personalization. We built a lightweight CRM add-on that a few teams in your space have found useful. In practice, this usually means less manual work for your team and faster turnaround on the tasks that used to take hours.

Feel free to book a slot here: https://meetings.example.com/5f81d4 Is this something you would be open to exploring?

Best,
the",81,1,1,1,1,0,casual,medium,1
ec16b076cb,"Thomas, quick question about Foundry Labs","Hi Thomas,

I noticed Foundry Labs has been focused on reducing no-shows on booked calls, and thought I'd reach out. We built a workflow automation tool that helps teams like yours with exactly that. In practice, this usually means less manual work for your team and faster turnaround on the tasks that used to take hours.

No worries either way — just thought I'd reach out. Is this something you would be open to exploring?

Best regards,
the team at Signalfy",83,1,0,0,2,0,formal,medium,0
86ba8c87aa,Checking in,"Good morning,

We offer an AI-based email assistant that helps businesses with automating your lead qualification process. I wanted to see if this might be relevant for your team. In practice, this usually means less manual work for your team and faster turnaround on the tasks that used to take hours. We've seen teams cut this kind of overhead significantly within the first few weeks, and the setup itself takes less than a day with support from our onboarding team. Happy to share a couple of examples from companies in a similar space if that would help you evaluate whether this is worth exploring further on your end.

Feel free to book a slot here: https://meetings.example.com/715ac4 Is this something your team would be open to exploring?

Best regards,
Priya from DataForge",137,1,1,1,0,0,formal,long,0
666c2bf5c7,Quick question,"Hi there,

We offer a sales-engagement platform that helps businesses with improving reply rates on cold outreach. I wanted to see if this might be relevant for your team.

Feel free to book a slot here: https://meetings.example.com/42f7c8 Is this something your team would be open to exploring?

Best regards,
Alex, Head of Partnerships at Loopwave",60,1,1,1,0,0,formal,short,1
468a79febe,Saw Cura Health's recent growth — quick thought,"Hey Nina,

I noticed Cura Health has been focused on improving reply rates on cold outreach, and thought I'd reach out. We built a data-enrichment service that helps teams like yours with exactly that. In practice, this usually means less manual work for your team and faster turnaround on the tasks that used to take hours.

Worth a quick chat.

Best regards,
Jamie at Northstar Sales",68,0,1,0,2,0,formal,medium,1
9a57f3004c,URGENT: Don't miss out on this deal,"Hi there,

We offer a churn-prediction dashboard that helps businesses with making your onboarding emails feel less robotic. I wanted to see if this might be relevant for your team.

Worth a quick chat? I can send over a couple of time slots.

Best,
Jamie",46,1,1,0,0,0,spammy,short,0
17d78941a8,Helping Modela with keeping your,"Hello Priya,

I noticed Modela has been focused on keeping your CRM data clean as you grow, and thought I'd reach out. We built a scheduling assistant that helps teams like yours with exactly that.

Reply with a good time and I'll send a calendar invite.

Best regards,
Alex, Head of Partnerships at Loopwave",56,0,1,0,2,0,formal,short,1
dac1153892,Re: Re: Following up on my last email,"Hi Emma,

I noticed Medisync Health has been focused on shortening your sales cycle, and thought I'd reach out. We built a sales-engagement platform that helps teams like yours with exactly that.

Would you be open to a quick 15-minute call this week?

Best,
Priya",48,1,1,0,2,0,spammy,short,0
cb2c4f2703,Quick question,"Hi Nina,

I'm reaching out because we help companies like Medisync Health with shortening your sales cycle. We built a scheduling assistant that a few teams in your space have found useful. In practice, this usually means less manual work for your team and faster turnaround on the tasks that used to take hours. We've seen teams cut this kind of overhead significantly within the first few weeks, and the setup itself takes less than a day with support from our onboarding team. Happy to share a couple of examples from companies in a similar space if that would help you evaluate whether this is worth exploring further on your end.

Thanks for reading, and have a great rest of your week. Is this something you would be open to exploring?

Best,
the",135,1,0,0,1,0,casual,long,0
74050f424d,"Laura, quick question about Trustline Bank","Hi Laura,

I'm reaching out because we help companies like Trustline Bank with reducing churn in your onboarding funnel. We built a churn-prediction dashboard that a few teams in your space have found useful. In practice, this usually means less manual work for your team and faster turnaround on the tasks that used to take hours. We've seen teams cut this kind of overhead significantly within the first few weeks, and the setup itself takes less than a day with support from our onboarding team. Happy to share a couple of examples from companies in a similar space if that would help you evaluate whether this is worth exploring further on your end.

Can I send over a one-pager, or would a call be easier.

Best,
Sarah",131,0,1,0,1,0,casual,long,0
8525abaf05,Idea for Inferra's outbound,"Hello Chloe,

I'm reaching out because we help companies like Inferra with improving reply rates on cold outreach. We built a scheduling assistant that a few teams in your space have found useful.

No worries either way — just thought I'd reach out.

Best regards,
Alex, Head of Partnerships at Loopwave",52,0,0,0,1,0,formal,short,0
7fbeb4eff2,Introduction,"Hey Emma,

I'm reaching out because we help companies like Atelier Commerce with scaling your outbound without losing personalization. We built a workflow automation tool that a few teams in your space have found useful. In practice, this usually means less manual work for your team and faster turnaround on the tasks that used to take hours.

Anyway, just wanted to share this in case it's useful. Is this something you would be open to exploring?

Best regards,
Sarah from GrowthPilot",83,1,0,0,1,0,formal,medium,1
eccbbb9d9b,Introduction,"Hi Omar,

I'm reaching out because we help companies like Payflow with shortening your sales cycle. We built a sales-engagement platform that a few teams in your space have found useful.

Let me know if you'd like a short demo — happy to work around your schedule.

Best regards,
Jamie at Northstar Sales",55,0,1,0,1,0,formal,short,1
8506fae6c0,Quick question,"Hello Sarah,

I'm reaching out because we help companies like Northpay with reducing no-shows on booked calls. We built a data-enrichment service that a few teams in your space have found useful. In practice, this usually means less manual work for your team and faster turnaround on the tasks that used to take hours.

Let me know if you'd like a short demo — happy to work around your schedule. Is this something you would be open to exploring?

Best,
Alex, Head of Partnerships at Loopwave",89,1,1,0,1,0,casual,medium,1
a050934a86,Helping Tendr Finance with reducing churn,"Hi Emma,

I noticed Tendr Finance has been focused on reducing churn in your onboarding funnel, and thought I'd reach out. We built an AI-based email assistant that helps teams like yours with exactly that. In practice, this usually means less manual work for your team and faster turnaround on the tasks that used to take hours.

You can grab 15 minutes directly on my calendar: https://cal.example.com/869186 Is this something you would be open to exploring?

Best regards,
Priya from DataForge",87,1,1,1,2,0,formal,medium,1
f7338e462b,"Wei, quick question about Foundry Labs","Hello Wei,

I noticed Foundry Labs has been focused on making your onboarding emails feel less robotic, and thought I'd reach out. We built a scheduling assistant that helps teams like yours with exactly that. In practice, this usually means less manual work for your team and faster turnaround on the tasks that used to take hours. We've seen teams cut this kind of overhead significantly within the first few weeks, and the setup itself takes less than a day with support from our onboarding team. Happy to share a couple of examples from companies in a similar space if that would help you evaluate whether this is worth exploring further on your end.

You can grab 15 minutes directly on my calendar: https://cal.example.com/4d0bbc Is this something you would be open to exploring?

Best,
the",141,1,1,1,2,0,casual,long,1
1c087bf853,Saw Vectra AI's recent growth — quick thought,"Hey Elena,

I noticed Vectra AI has been focused on getting more signal from your website traffic, and thought I'd reach out. We built a lead-scoring API that helps teams like yours with exactly that. In practice, this usually means less manual work for your team and faster turnaround on the tasks that used to take hours. We've seen teams cut this kind of overhead significantly within the first few weeks, and the setup itself takes less than a day with support from our onboarding team. Happy to share a couple of examples from companies in a similar space if that would help you evaluate whether this is worth exploring further on your end.

Would you be open to a quick 15-minute call this week.

Best,
Alex, Head of Partnerships at Loopwave",136,0,1,0,2,0,casual,long,0
b8e392e802,Introduction,"Hello James,

I'm reaching out because we help companies like Clarity Health with cutting the time your team spends on manual data entry. We built a scheduling assistant that a few teams in your space have found useful.

Thanks for reading, and have a great rest of your week. Is this something you would be open to exploring?

Best regards,
Alex, Head of Partnerships at Loopwave",67,1,0,0,1,0,formal,short,0
5c394ff3c8,Introduction,"Hello,

We offer a workflow automation tool that helps businesses with making your onboarding emails feel less robotic. I wanted to see if this might be relevant for your team. In practice, this usually means less manual work for your team and faster turnaround on the tasks that used to take hours.

Worth a quick chat.

Best regards,
Priya from DataForge",61,0,1,0,0,0,formal,medium,1
b0c4d5f043,"Omar, quick question about Inferra","Hello Omar,

I'm reaching out because we help companies like Inferra with keeping your CRM data clean as you grow. We built a lead-scoring API that a few teams in your space have found useful. In practice, this usually means less manual work for your team and faster turnaround on the tasks that used to take hours. We've seen teams cut this kind of overhead significantly within the first few weeks, and the setup itself takes less than a day with support from our onboarding team. Happy to share a couple of examples from companies in a similar space if that would help you evaluate whether this is worth exploring further on your end.

No worries either way — just thought I'd reach out. Is this something you would be open to exploring?

Best regards,
Alex, Head of Partnerships at Loopwave",144,1,0,0,1,0,formal,long,0
a8ac82b439,Introduction,"Hello,

We offer a lightweight CRM add-on that helps businesses with reducing no-shows on booked calls. I wanted to see if this might be relevant for your team.

Feel free to book a slot here: https://meetings.example.com/6024c4 Is this something your team would be open to exploring?

Best regards,
the team at Signalfy",58,1,1,1,0,0,formal,short,0
911011f747,Checking in,"To Whom It May Concern,

We offer a lightweight CRM add-on that helps businesses with reducing churn in your onboarding funnel. I wanted to see if this might be relevant for your team. In practice, this usually means less manual work for your team and faster turnaround on the tasks that used to take hours.

Feel free to book a slot here: https://meetings.example.com/443b05

Best,
the",70,0,1,1,0,0,casual,medium,1
b160799713,Helping Cascade Analytics with shortening your,"Hey Maya,

I'm reaching out because we help companies like Cascade Analytics with shortening your sales cycle. We built a lightweight CRM add-on that a few teams in your space have found useful. In practice, this usually means less manual work for your team and faster turnaround on the tasks that used to take hours.

Anyway, just wanted to share this in case it's useful.

Best regards,
Sarah from GrowthPilot",73,0,0,0,1,0,formal,medium,0
fdaecb89d3,Idea for Cura Health's outbound,"Hello Chloe,

I noticed Cura Health has been focused on getting more signal from your website traffic, and thought I'd reach out. We built a sales-engagement platform that helps teams like yours with exactly that. In practice, this usually means less manual work for your team and faster turnaround on the tasks that used to take hours.

You can grab 15 minutes directly on my calendar: https://cal.example.com/a540cc

Best,
Jamie",75,0,1,1,2,0,casual,medium,0
b47bd6e31b,Partnership opportunity,"To Whom It May Concern,

We offer a churn-prediction dashboard that helps businesses with reducing churn in your onboarding funnel. I wanted to see if this might be relevant for your team. In practice, this usually means less manual work for your team and faster turnaround on the tasks that used to take hours. We've seen teams cut this kind of overhead significantly within the first few weeks, and the setup itself takes less than a day with support from our onboarding team. Happy to share a couple of examples from companies in a similar space if that would help you evaluate whether this is worth exploring further on your end.

You can grab 15 minutes directly on my calendar: https://cal.example.com/f4b983 Is this something your team would be open to exploring?

Best,
Jamie",139,1,1,1,0,0,casual,long,1
3a09cd0ebf,"Chloe, quick question about Cargopath Logistics","Hello Chloe,

I noticed Cargopath Logistics has been focused on cutting the time your team spends on manual data entry, and thought I'd reach out. We built a workflow automation tool that helps teams like yours with exactly that.

Anyway, just wanted to share this in case it's useful.

Best regards,
Jamie at Northstar Sales",57,0,0,0,2,0,formal,short,1
4f0305e756,Quick question,"Hi there,

We offer a scheduling assistant that helps businesses with scaling your outbound without losing personalization. I wanted to see if this might be relevant for your team. In practice, this usually means less manual work for your team and faster turnaround on the tasks that used to take hours. We've seen teams cut this kind of overhead significantly within the first few weeks, and the setup itself takes less than a day with support from our onboarding team. Happy to share a couple of examples from companies in a similar space if that would help you evaluate whether this is worth exploring further on your end.

Thanks for reading, and have a great rest of your week. Is this something your team would be open to exploring?

Best regards,
Alex, Head of Partnerships at Loopwave",138,1,0,0,0,0,formal,long,0
bc16c89b54,Saw Clarity Health's recent growth — quick thought,"Hello Elena,

I noticed Clarity Health has been focused on improving reply rates on cold outreach, and thought I'd reach out. We built a lead-scoring API that helps teams like yours with exactly that.

Would you be open to a quick 15-minute call this week?

Best,
Priya",50,1,1,0,2,0,casual,short,1
08d4b98a8c,"Wei, quick question about Medisync Health","Hey Wei,

I noticed Medisync Health has been focused on shortening your sales cycle, and thought I'd reach out. We built a churn-prediction dashboard that helps teams like yours with exactly that.

Let me know if you'd like a short demo — happy to work around your schedule. Is this something you would be open to exploring?

Best,
Sarah",61,1,1,0,2,0,casual,short,1
093e390d4d,Partnership opportunity,"Good morning,

We offer a lightweight CRM add-on that helps businesses with improving reply rates on cold outreach. I wanted to see if this might be relevant for your team. In practice, this usually means less manual work for your team and faster turnaround on the tasks that used to take hours. We've seen teams cut this kind of overhead significantly within the first few weeks, and the setup itself takes less than a day with support from our onboarding team. Happy to share a couple of examples from companies in a similar space if that would help you evaluate whether this is worth exploring further on your end.

Worth a quick chat.

Best,
the",117,0,1,0,0,0,casual,long,1
132bb824dc,Idea for Trustline Bank's outbound,"Hello James,

I'm reaching out because we help companies like Trustline Bank with cutting the time your team spends on manual data entry. We built a workflow automation tool that a few teams in your space have found useful. In practice, this usually means less manual work for your team and faster turnaround on the tasks that used to take hours. We've seen teams cut this kind of overhead significantly within the first few weeks, and the setup itself takes less than a day with support from our onboarding team. Happy to share a couple of examples from companies in a similar space if that would help you evaluate whether this is worth exploring further on your end.

Reply with a good time and I'll send a calendar invite. Is this something you would be open to exploring?

Best regards,
Alex, Head of Partnerships at Loopwave",149,1,1,0,1,0,formal,long,1
544e2bca19,Introduction,"Hi Sarah,

I'm reaching out because we help companies like Axion Systems with making your onboarding emails feel less robotic. We built a lead-scoring API that a few teams in your space have found useful. In practice, this usually means less manual work for your team and faster turnaround on the tasks that used to take hours. We've seen teams cut this kind of overhead significantly within the first few weeks, and the setup itself takes less than a day with support from our onboarding team. Happy to share a couple of examples from companies in a similar space if that would help you evaluate whether this is worth exploring further on your end.

Would you be open to a quick 15-minute call this week?

Best regards,
Sarah from GrowthPilot",134,1,1,0,1,0,formal,long,1
80e9204332,Saw Inferra's recent growth — quick thought,"Hey Marco,

I'm reaching out because we help companies like Inferra with shortening your sales cycle. We built a lightweight CRM add-on that a few teams in your space have found useful. In practice, this usually means less manual work for your team and faster turnaround on the tasks that used to take hours.

Can I send over a one-pager, or would a call be easier.

Best regards,
Jamie at Northstar Sales",75,0,1,0,1,0,formal,medium,0
8aa26349a6,Saw Tendr Finance's recent growth — quick thought,"Hey Chloe,

I'm reaching out because we help companies like Tendr Finance with shortening your sales cycle. We built a sales-engagement platform that a few teams in your space have found useful. In practice, this usually means less manual work for your team and faster turnaround on the tasks that used to take hours.

Let me know if you'd like a short demo — happy to work around your schedule. Is this something you would be open to exploring?

Best,
Sarah",83,1,1,0,1,0,casual,medium,1
1185979ad6,FINAL NOTICE: Limited time offer,"Hello Laura,

I noticed Cargopath Logistics has been focused on scaling your outbound without losing personalization, and thought I'd reach out. We built a scheduling assistant that helps teams like yours with exactly that.

Let me know if you'd like a short demo — happy to work around your schedule.

Best,
Jamie",53,0,1,0,2,0,spammy,short,1
bfccebf3e0,Introduction,"Hello,

We offer a lead-scoring API that helps businesses with automating your lead qualification process. I wanted to see if this might be relevant for your team. In practice, this usually means less manual work for your team and faster turnaround on the tasks that used to take hours. We've seen teams cut this kind of overhead significantly within the first few weeks, and the setup itself takes less than a day with support from our onboarding team. Happy to share a couple of examples from companies in a similar space if that would help you evaluate whether this is worth exploring further on your end.

Anyway, just wanted to share this in case it's useful.

Best,
Jamie",121,0,0,0,0,0,casual,long,0
76c6a677c9,Introduction,"Hi Anna,

I'm reaching out because we help companies like Cascade Analytics with getting more signal from your website traffic. We built a sales-engagement platform that a few teams in your space have found useful. In practice, this usually means less manual work for your team and faster turnaround on the tasks that used to take hours. We've seen teams cut this kind of overhead significantly within the first few weeks, and the setup itself takes less than a day with support from our onboarding team. Happy to share a couple of examples from companies in a similar space if that would help you evaluate whether this is worth exploring further on your end.

Worth a quick chat? I can send over a couple of time slots.

Best,
Alex, Head of Partnerships at Loopwave",137,1,1,0,1,0,casual,long,0
09ffec5c55,Helping Cura Health with keeping your,"Hi Maya,

I'm reaching out because we help companies like Cura Health with keeping your CRM data clean as you grow. We built a lightweight CRM add-on that a few teams in your space have found useful. In practice, this usually means less manual work for your team and faster turnaround on the tasks that used to take hours. We've seen teams cut this kind of overhead significantly within the first few weeks, and the setup itself takes less than a day with support from our onboarding team. Happy to share a couple of examples from companies in a similar space if that would help you evaluate whether this is worth exploring further on your end.

Anyway, just wanted to share this in case it's useful. Is this something you would be open to exploring?

Best,
the",141,1,0,0,1,0,casual,long,0
ba6f24c2c1,Following up,"Good morning,

We offer a churn-prediction dashboard that helps businesses with improving reply rates on cold outreach. I wanted to see if this might be relevant for your team.

No worries either way — just thought I'd reach out. Is this something your team would be open to exploring?

Best regards,
Jamie at Northstar Sales",56,1,0,0,0,0,formal,short,0
8facc7584f,Quick question,"Hi Laura,

I'm reaching out because we help companies like Inferra with getting more signal from your website traffic. We built a scheduling assistant that a few teams in your space have found useful.

Reply with a good time and I'll send a calendar invite. Is this something you would be open to exploring?

Best regards,
Priya from DataForge",61,1,1,0,1,0,formal,short,1
6e0a4d6d9e,Saw Atelier Commerce's recent growth — quick thought,"Hey Elena,

I noticed Atelier Commerce has been focused on scaling your outbound without losing personalization, and thought I'd reach out. We built a data-enrichment service that helps teams like yours with exactly that.

No worries either way — just thought I'd reach out.

Best,
Sarah",48,0,0,0,2,0,casual,short,1
601dab77f6,Following up,"Good morning,

We offer a lightweight CRM add-on that helps businesses with reducing no-shows on booked calls. I wanted to see if this might be relevant for your team.

No worries either way — just thought I'd reach out. Is this something your team would be open to exploring?

Best,
the",53,1,0,0,0,0,casual,short,0
a9e40b3b41,Helping Cascade Analytics with keeping your,"Hello James,

I noticed Cascade Analytics has been focused on keeping your CRM data clean as you grow, and thought I'd reach out. We built a sales-engagement platform that helps teams like yours with exactly that. In practice, this usually means less manual work for your team and faster turnaround on the tasks that used to take hours.

No worries either way — just thought I'd reach out.

Best,
Priya",72,0,0,0,2,0,casual,medium,1
9b61915472,Amazing opportunity you can't miss!!!,"Hello Elena,

I noticed Inferra has been focused on cutting the time your team spends on manual data entry, and thought I'd reach out. We built a lead-scoring API that helps teams like yours with exactly that. In practice, this usually means less manual work for your team and faster turnaround on the tasks that used to take hours.

Let me know if you'd like a short demo — happy to work around your schedule.

Best,
Alex, Head of Partnerships at Loopwave",84,0,1,0,2,0,spammy,medium,0
07c12fff6b,Boost your revenue by 300% instantly,"Good morning,

We offer a lightweight CRM add-on that helps businesses with reducing no-shows on booked calls. I wanted to see if this might be relevant for your team. In practice, this usually means less manual work for your team and faster turnaround on the tasks that used to take hours. We've seen teams cut this kind of overhead significantly within the first few weeks, and the setup itself takes less than a day with support from our onboarding team. Happy to share a couple of examples from companies in a similar space if that would help you evaluate whether this is worth exploring further on your end.

Feel free to book a slot here: https://meetings.example.com/84ba91

Best,
Jamie",125,0,1,1,0,0,spammy,long,0
b4db62f80b,Quick question,"Good morning,

We offer a sales-engagement platform that helps businesses with reducing no-shows on booked calls. I wanted to see if this might be relevant for your team.

Here's a short demo video if that's easier: https://demo.example.com/0bd5bf

Best,
the",47,0,1,1,0,0,casual,short,0
8a94a481da,"James, quick question about Inferra","Hey James,

I'm reaching out because we help companies like Inferra with automating your lead qualification process. We built a data-enrichment service that a few teams in your space have found useful.

You can grab 15 minutes directly on my calendar: https://cal.example.com/d97e72

Best,
the",50,0,1,1,1,0,casual,short,0
6d619f984f,Quick question,"Hello Julia,

I'm reaching out because we help companies like Clarity Health with scaling your outbound without losing personalization. We built a workflow automation tool that a few teams in your space have found useful.

Worth a quick chat? I can send over a couple of time slots.

Best,
Priya",51,1,1,0,1,0,casual,short,0
36f5832652,Saw Tendr Finance's recent growth — quick thought,"Hi Nina,

I noticed Tendr Finance has been focused on making your onboarding emails feel less robotic, and thought I'd reach out. We built an AI-based email assistant that helps teams like yours with exactly that. In practice, this usually means less manual work for your team and faster turnaround on the tasks that used to take hours. We've seen teams cut this kind of overhead significantly within the first few weeks, and the setup itself takes less than a day with support from our onboarding team. Happy to share a couple of examples from companies in a similar space if that would help you evaluate whether this is worth exploring further on your end.

Would you be open to a quick 15-minute call this week?

Best,
Sarah",132,1,1,0,2,0,casual,long,1
682ebd4545,Introduction,"Hello,

We offer a churn-prediction dashboard that helps businesses with scaling your outbound without losing personalization. I wanted to see if this might be relevant for your team.

No worries either way — just thought I'd reach out. Is this something your team would be open to exploring?

Best,
Sarah",51,1,0,0,0,0,casual,short,0
56e83f0b4e,Saw Nordica Retail's recent growth — quick thought,"Hi Fatima,

I noticed Nordica Retail has been focused on reducing no-shows on booked calls, and thought I'd reach out. We built a churn-prediction dashboard that helps teams like yours with exactly that.

Would you be open to a quick 15-minute call this week.

Best,
Alex, Head of Partnerships at Loopwave",55,0,1,0,2,0,casual,short,1
9c58039329,"Anna, quick question about Vectra AI","Hey Anna,

I'm reaching out because we help companies like Vectra AI with getting more signal from your website traffic. We built a sales-engagement platform that a few teams in your space have found useful. In practice, this usually means less manual work for your team and faster turnaround on the tasks that used to take hours.

Thanks for reading, and have a great rest of your week.

Best regards,
Sarah from GrowthPilot",75,0,0,0,1,0,formal,medium,0
831a5af3c5,Quick question,"Good morning,

We offer a lightweight CRM add-on that helps businesses with scaling your outbound without losing personalization. I wanted to see if this might be relevant for your team. In practice, this usually means less manual work for your team and faster turnaround on the tasks that used to take hours.

Let me know if you'd like a short demo — happy to work around your schedule.

Best,
Sarah",71,0,1,0,0,0,casual,medium,0
32d3b43036,Amazing opportunity you can't miss!!!,"Hey Lucas,

I noticed Medisync Health has been focused on reducing churn in your onboarding funnel, and thought I'd reach out. We built a lightweight CRM add-on that helps teams like yours with exactly that. In practice, this usually means less manual work for your team and faster turnaround on the tasks that used to take hours.

Anyway, just wanted to share this in case it's useful.

Best,
Jamie",72,0,0,0,2,0,spammy,medium,1
2ffecfe2f5,Helping Trustline Bank with improving reply,"Hello Laura,

I'm reaching out because we help companies like Trustline Bank with improving reply rates on cold outreach. We built a workflow automation tool that a few teams in your space have found useful. In practice, this usually means less manual work for your team and faster turnaround on the tasks that used to take hours.

Here's a short demo video if that's easier: https://demo.example.com/9db2e2

Best,
the",75,0,1,1,1,0,casual,medium,0
0ae6c0abde,Partnership opportunity,"Hello,

We offer a data-enrichment service that helps businesses with automating your lead qualification process. I wanted to see if this might be relevant for your team.

Let me know if you'd like a short demo — happy to work around your schedule.

Best,
Priya",46,0,1,0,0,0,casual,short,0
7179a00d7d,Checking in,"Hi Anna,

I'm reaching out because we help companies like Modela with keeping your CRM data clean as you grow. We built a sales-engagement platform that a few teams in your space have found useful. In practice, this usually means less manual work for your team and faster turnaround on the tasks that used to take hours. We've seen teams cut this kind of overhead significantly within the first few weeks, and the setup itself takes less than a day with support from our onboarding team. Happy to share a couple of examples from companies in a similar space if that would help you evaluate whether this is worth exploring further on your end.

You can grab 15 minutes directly on my calendar: https://cal.example.com/34187b Is this something you would be open to exploring?

Best regards,
Alex, Head of Partnerships at Loopwave",148,1,1,1,1,0,formal,long,0
b133a7c1b0,Saw Clarity Health's recent growth — quick thought,"Hi Wei,

I noticed Clarity Health has been focused on making your onboarding emails feel less robotic, and thought I'd reach out. We built a sales-engagement platform that helps teams like yours with exactly that.

Here's a short demo video if that's easier: https://demo.example.com/300e9d Is this something you would be open to exploring?

Best,
Priya",63,1,1,1,2,0,casual,short,1
795c791eca,"Omar, quick question about Northpay","Hello Omar,

I noticed Northpay has been focused on getting more signal from your website traffic, and thought I'd reach out. We built a data-enrichment service that helps teams like yours with exactly that. In practice, this usually means less manual work for your team and faster turnaround on the tasks that used to take hours.

You can grab 15 minutes directly on my calendar: https://cal.example.com/e975c7

Best regards,
Jamie at Northstar Sales",78,0,1,1,2,0,formal,medium,0
bbbcf51e79,Following up,"Hello Ravi,

I'm reaching out because we help companies like Tendr Finance with improving reply rates on cold outreach. We built an AI-based email assistant that a few teams in your space have found useful.

Anyway, just wanted to share this in case it's useful. Is this something you would be open to exploring?

Best regards,
Alex, Head of Partnerships at Loopwave",65,1,0,0,1,0,formal,short,0
d98b5ae59d,Idea for Equora Capital's outbound,"Hello Elena,

I noticed Equora Capital has been focused on making your onboarding emails feel less robotic, and thought I'd reach out. We built a lightweight CRM add-on that helps teams like yours with exactly that. In practice, this usually means less manual work for your team and faster turnaround on the tasks that used to take hours.

Let me know if you'd like a short demo — happy to work around your schedule. Is this something you would be open to exploring?

Best regards,
Sarah from GrowthPilot",90,1,1,0,2,0,formal,medium,1
8b2a453cca,Saw Inferra's recent growth — quick thought,"Hey Omar,

I noticed Inferra has been focused on making your onboarding emails feel less robotic, and thought I'd reach out. We built a scheduling assistant that helps teams like yours with exactly that.

Here's a short demo video if that's easier: https://demo.example.com/02dbd7

Best regards,
Alex, Head of Partnerships at Loopwave",58,0,1,1,2,0,formal,short,1
ccb8e00f13,Amazing opportunity you can't miss!!!,"To Whom It May Concern,

We offer a lead-scoring API that helps businesses with scaling your outbound without losing personalization. I wanted to see if this might be relevant for your team.

No worries either way — just thought I'd reach out.

Best,
Sarah",45,0,0,0,0,0,spammy,short,0
88814bdea3,Quick question,"Good morning,

We offer a sales-engagement platform that helps businesses with getting more signal from your website traffic. I wanted to see if this might be relevant for your team. In practice, this usually means less manual work for your team and faster turnaround on the tasks that used to take hours.

Would you be open to a quick 15-minute call this week?

Best regards,
Priya from DataForge",70,1,1,0,0,0,formal,medium,1
d1a74d18b5,Helping Bottega Retail with reducing no-shows,"Hello David,

I noticed Bottega Retail has been focused on reducing no-shows on booked calls, and thought I'd reach out. We built a scheduling assistant that helps teams like yours with exactly that.

Reply with a good time and I'll send a calendar invite. Is this something you would be open to exploring?

Best,
Alex, Head of Partnerships at Loopwave",63,1,1,0,2,0,casual,short,1
2b41e974a3,Saw Inferra's recent growth — quick thought,"Hi Emma,

I'm reaching out because we help companies like Inferra with getting more signal from your website traffic. We built a workflow automation tool that a few teams in your space have found useful. In practice, this usually means less manual work for your team and faster turnaround on the tasks that used to take hours. We've seen teams cut this kind of overhead significantly within the first few weeks, and the setup itself takes less than a day with support from our onboarding team. Happy to share a couple of examples from companies in a similar space if that would help you evaluate whether this is worth exploring further on your end.

Thanks for reading, and have a great rest of your week. Is this something you would be open to exploring?

Best,
Alex, Head of Partnerships at Loopwave",143,1,0,0,1,0,casual,long,0
0a20282e2f,Introduction,"Hello Emma,

I'm reaching out because we help companies like Equora Capital with making your onboarding emails feel less robotic. We built a scheduling assistant that a few teams in your space have found useful. In practice, this usually means less manual work for your team and faster turnaround on the tasks that used to take hours. We've seen teams cut this kind of overhead significantly within the first few weeks, and the setup itself takes less than a day with support from our onboarding team. Happy to share a couple of examples from companies in a similar space if that would help you evaluate whether this is worth exploring further on your end.

Here's a short demo video if that's easier: https://demo.example.com/25e14f Is this something you would be open to exploring?

Best regards,
the team at Signalfy",146,1,1,1,1,0,formal,long,1
396edc1f5e,Re: Re: Following up on my last email,"Hi Michael,

I'm reaching out because we help companies like Nordica Retail with automating your lead qualification process. We built a churn-prediction dashboard that a few teams in your space have found useful. In practice, this usually means less manual work for your team and faster turnaround on the tasks that used to take hours.

You can grab 15 minutes directly on my calendar: https://cal.example.com/dd841b

Best,
Priya",73,0,1,1,1,0,spammy,medium,0
d07b0b920c,Partnership opportunity,"Hey Ravi,

I'm reaching out because we help companies like Axion Systems with reducing no-shows on booked calls. We built a churn-prediction dashboard that a few teams in your space have found useful. In practice, this usually means less manual work for your team and faster turnaround on the tasks that used to take hours. We've seen teams cut this kind of overhead significantly within the first few weeks, and the setup itself takes less than a day with support from our onboarding team. Happy to share a couple of examples from companies in a similar space if that would help you evaluate whether this is worth exploring further on your end.

Here's a short demo video if that's easier: https://demo.example.com/6c872d Is this something you would be open to exploring?

Best,
Sarah",142,1,1,1,1,0,casual,long,1
32308a0cc7,Partnership opportunity,"Hey Ravi,

I'm reaching out because we help companies like Inferra with scaling your outbound without losing personalization. We built a scheduling assistant that a few teams in your space have found useful. In practice, this usually means less manual work for your team and faster turnaround on the tasks that used to take hours. We've seen teams cut this kind of overhead significantly within the first few weeks, and the setup itself takes less than a day with support from our onboarding team. Happy to share a couple of examples from companies in a similar space if that would help you evaluate whether this is worth exploring further on your end.

Here's a short demo video if that's easier: https://demo.example.com/e11eae Is this something you would be open to exploring?

Best,
Sarah",140,1,1,1,1,0,casual,long,1
e870017593,Helping Cargopath Logistics with cutting the,"Hey Nina,

I noticed Cargopath Logistics has been focused on cutting the time your team spends on manual data entry, and thought I'd reach out. We built a lightweight CRM add-on that helps teams like yours with exactly that. In practice, this usually means less manual work for your team and faster turnaround on the tasks that used to take hours. We've seen teams cut this kind of overhead significantly within the first few weeks, and the setup itself takes less than a day with support from our onboarding team. Happy to share a couple of examples from companies in a similar space if that would help you evaluate whether this is worth exploring further on your end.

Anyway, just wanted to share this in case it's useful.

Best,
Sarah",134,0,0,0,2,0,casual,long,0
1204c05790,Following up,"To Whom It May Concern,

We offer a workflow automation tool that helps businesses with reducing churn in your onboarding funnel. I wanted to see if this might be relevant for your team. In practice, this usually means less manual work for your team and faster turnaround on the tasks that used to take hours.

Worth a quick chat? I can send over a couple of time slots.

Best,
Alex, Head of Partnerships at Loopwave",75,1,1,0,0,0,casual,medium,0
7ece03cdee,Helping Cura Health with getting more,"Hey Emma,

I'm reaching out because we help companies like Cura Health with getting more signal from your website traffic. We built a workflow automation tool that a few teams in your space have found useful.

Reply with a good time and I'll send a calendar invite.

Best,
the",51,0,1,0,1,0,casual,short,1
bc61bf2b41,Idea for Axion Systems's outbound,"Hi Maya,

I noticed Axion Systems has been focused on automating your lead qualification process, and thought I'd reach out. We built a workflow automation tool that helps teams like yours with exactly that. In practice, this usually means less manual work for your team and faster turnaround on the tasks that used to take hours. We've seen teams cut this kind of overhead significantly within the first few weeks, and the setup itself takes less than a day with support from our onboarding team. Happy to share a couple of examples from companies in a similar space if that would help you evaluate whether this is worth exploring further on your end.

Anyway, just wanted to share this in case it's useful. Is this something you would be open to exploring?

Best,
Priya",137,1,0,0,2,0,casual,long,0
ca63500e5d,Introduction,"Hey Julia,

I'm reaching out because we help companies like Vectra AI with cutting the time your team spends on manual data entry. We built a workflow automation tool that a few teams in your space have found useful. In practice, this usually means less manual work for your team and faster turnaround on the tasks that used to take hours. We've seen teams cut this kind of overhead significantly within the first few weeks, and the setup itself takes less than a day with support from our onboarding team. Happy to share a couple of examples from companies in a similar space if that would help you evaluate whether this is worth exploring further on your end.

Anyway, just wanted to share this in case it's useful. Is this something you would be open to exploring?

Best regards,
Sarah from GrowthPilot",145,1,0,0,1,0,formal,long,0
b254b88a47,Idea for Tendr Finance's outbound,"Hey Chloe,

I noticed Tendr Finance has been focused on keeping your CRM data clean as you grow, and thought I'd reach out. We built a data-enrichment service that helps teams like yours with exactly that. In practice, this usually means less manual work for your team and faster turnaround on the tasks that used to take hours. We've seen teams cut this kind of overhead significantly within the first few weeks, and the setup itself takes less than a day with support from our onboarding team. Happy to share a couple of examples from companies in a similar space if that would help you evaluate whether this is worth exploring further on your end.

Here's a short demo video if that's easier: https://demo.example.com/451997 Is this something you would be open to exploring?

Best,
Sarah",144,1,1,1,2,0,casual,long,1
5f2d70bcac,Boost your revenue by 300% instantly,"To Whom It May Concern,

We offer a workflow automation tool that helps businesses with automating your lead qualification process. I wanted to see if this might be relevant for your team. In practice, this usually means less manual work for your team and faster turnaround on the tasks that used to take hours. We've seen teams cut this kind of overhead significantly within the first few weeks, and the setup itself takes less than a day with support from our onboarding team. Happy to share a couple of examples from companies in a similar space if that would help you evaluate whether this is worth exploring further on your end.

Thanks for reading, and have a great rest of your week. Is this something your team would be open to exploring?

Best,
Alex, Head of Partnerships at Loopwave",140,1,0,0,0,0,spammy,long,0
ddc43e68cc,Helping Axion Systems with making your,"Hi Nina,

I noticed Axion Systems has been focused on making your onboarding emails feel less robotic, and thought I'd reach out. We built a data-enrichment service that helps teams like yours with exactly that.

Here's a short demo video if that's easier: https://demo.example.com/2ee218 Is this something you would be open to exploring?

Best,
the",63,1,1,1,2,0,casual,short,0
5a40e1b0ca,"Emma, quick question about Cura Health","Hey Emma,

I noticed Cura Health has been focused on cutting the time your team spends on manual data entry, and thought I'd reach out. We built a scheduling assistant that helps teams like yours with exactly that. In practice, this usually means less manual work for your team and faster turnaround on the tasks that used to take hours. We've seen teams cut this kind of overhead significantly within the first few weeks, and the setup itself takes less than a day with support from our onboarding team. Happy to share a couple of examples from companies in a similar space if that would help you evaluate whether this is worth exploring further on your end.

Feel free to book a slot here: https://meetings.example.com/48716f Is this something you would be open to exploring?

Best,
the",142,1,1,1,2,0,casual,long,0
fd5362906c,Checking in,"Hello Maya,

I'm reaching out because we help companies like Northpay with making your onboarding emails feel less robotic. We built a churn-prediction dashboard that a few teams in your space have found useful.

Anyway, just wanted to share this in case it's useful. Is this something you would be open to exploring?

Best regards,
Priya from DataForge",61,1,0,0,1,0,formal,short,1
b66d729f40,Following up,"To Whom It May Concern,

We offer an AI-based email assistant that helps businesses with reducing churn in your onboarding funnel. I wanted to see if this might be relevant for your team. In practice, this usually means less manual work for your team and faster turnaround on the tasks that used to take hours.

Let me know if you'd like a short demo — happy to work around your schedule. Is this something your team would be open to exploring?

Best,
Sarah",84,1,1,0,0,0,casual,medium,0
14e1cbe301,"Daniel, quick question about Trustline Bank","Hi Daniel,

I noticed Trustline Bank has been focused on getting more signal from your website traffic, and thought I'd reach out. We built a lead-scoring API that helps teams like yours with exactly that. In practice, this usually means less manual work for your team and faster turnaround on the tasks that used to take hours. We've seen teams cut this kind of overhead significantly within the first few weeks, and the setup itself takes less than a day with support from our onboarding team. Happy to share a couple of examples from companies in a similar space if that would help you evaluate whether this is worth exploring further on your end.

No worries either way — just thought I'd reach out.

Best,
Sarah",129,0,0,0,2,0,casual,long,1
bc264e3b40,Saw Cascade Analytics's recent growth — quick thought,"Hi Wei,

I noticed Cascade Analytics has been focused on cutting the time your team spends on manual data entry, and thought I'd reach out. We built a data-enrichment service that helps teams like yours with exactly that. In practice, this usually means less manual work for your team and faster turnaround on the tasks that used to take hours.

Anyway, just wanted to share this in case it's useful. Is this something you would be open to exploring?

Best,
the",84,1,0,0,2,0,casual,medium,0
67d6f762cf,Following up,"Hi Wei,

I'm reaching out because we help companies like Nordica Retail with scaling your outbound without losing personalization. We built a lightweight CRM add-on that a few teams in your space have found useful. In practice, this usually means less manual work for your team and faster turnaround on the tasks that used to take hours. We've seen teams cut this kind of overhead significantly within the first few weeks, and the setup itself takes less than a day with support from our onboarding team. Happy to share a couple of examples from companies in a similar space if that would help you evaluate whether this is worth exploring further on your end.

Worth a quick chat.

Best,
Priya",123,0,1,0,1,0,casual,long,0
91119d2478,Quick question,"Hi Sarah,

I'm reaching out because we help companies like Foundry Labs with making your onboarding emails feel less robotic. We built a churn-prediction dashboard that a few teams in your space have found useful. In practice, this usually means less manual work for your team and faster turnaround on the tasks that used to take hours.

Anyway, just wanted to share this in case it's useful. Is this something you would be open to exploring?

Best regards,
Priya from DataForge",84,1,0,0,1,0,formal,medium,1
844023e8d2,Following up,"To Whom It May Concern,

We offer a scheduling assistant that helps businesses with reducing churn in your onboarding funnel. I wanted to see if this might be relevant for your team. In practice, this usually means less manual work for your team and faster turnaround on the tasks that used to take hours.

Feel free to book a slot here: https://meetings.example.com/d41893

Best,
the",68,0,1,1,0,0,casual,medium,1
ed652fd043,Following up,"Hi there,

We offer a data-enrichment service that helps businesses with making your onboarding emails feel less robotic. I wanted to see if this might be relevant for your team. In practice, this usually means less manual work for your team and faster turnaround on the tasks that used to take hours.

Reply with a good time and I'll send a calendar invite.

Best regards,
Alex, Head of Partnerships at Loopwave",73,0,1,0,0,0,formal,medium,0
52c5d12926,Re: Re: Following up on my last email,"Hello Maya,

I noticed Tendr Finance has been focused on improving reply rates on cold outreach, and thought I'd reach out. We built a churn-prediction dashboard that helps teams like yours with exactly that. In practice, this usually means less manual work for your team and faster turnaround on the tasks that used to take hours. We've seen teams cut this kind of overhead significantly within the first few weeks, and the setup itself takes less than a day with support from our onboarding team. Happy to share a couple of examples from companies in a similar space if that would help you evaluate whether this is worth exploring further on your end.

Worth a quick chat.

Best,
the",122,0,1,0,2,0,spammy,long,0
7692cf6013,Introduction,"Hey Thomas,

I'm reaching out because we help companies like Clarity Health with keeping your CRM data clean as you grow. We built a scheduling assistant that a few teams in your space have found useful. In practice, this usually means less manual work for your team and faster turnaround on the tasks that used to take hours.

Thanks for reading, and have a great rest of your week. Is this something you would be open to exploring?

Best,
Sarah",81,1,0,0,1,0,casual,medium,0
417d3814ef,Idea for Trustline Bank's outbound,"Hey Sophie,

I noticed Trustline Bank has been focused on automating your lead qualification process, and thought I'd reach out. We built a churn-prediction dashboard that helps teams like yours with exactly that. In practice, this usually means less manual work for your team and faster turnaround on the tasks that used to take hours.

Worth a quick chat? I can send over a couple of time slots.

Best regards,
Alex, Head of Partnerships at Loopwave",78,1,1,0,2,0,formal,medium,1
edb53770cf,Helping Streamline Freight with reducing no-shows,"Hello Carlos,

I noticed Streamline Freight has been focused on reducing no-shows on booked calls, and thought I'd reach out. We built a workflow automation tool that helps teams like yours with exactly that.

Here's a short demo video if that's easier: https://demo.example.com/96b669 Is this something you would be open to exploring?

Best,
Sarah",62,1,1,1,2,0,casual,short,1
f223fac7eb,URGENT: Don't miss out on this deal,"Hey Laura,

I noticed Cargopath Logistics has been focused on getting more signal from your website traffic, and thought I'd reach out. We built a workflow automation tool that helps teams like yours with exactly that. In practice, this usually means less manual work for your team and faster turnaround on the tasks that used to take hours.

Feel free to book a slot here: https://meetings.example.com/edaa10 Is this something you would be open to exploring?

Best,
Priya",82,1,1,1,2,0,spammy,medium,1
58c9573db7,Amazing opportunity you can't miss!!!,"Hi Anna,

I noticed Atelier Commerce has been focused on reducing no-shows on booked calls, and thought I'd reach out. We built a scheduling assistant that helps teams like yours with exactly that. In practice, this usually means less manual work for your team and faster turnaround on the tasks that used to take hours. We've seen teams cut this kind of overhead significantly within the first few weeks, and the setup itself takes less than a day with support from our onboarding team. Happy to share a couple of examples from companies in a similar space if that would help you evaluate whether this is worth exploring further on your end.

No worries either way — just thought I'd reach out. Is this something you would be open to exploring?

Best,
Alex, Head of Partnerships at Loopwave",141,1,0,0,2,0,spammy,long,1
5efc306039,FINAL NOTICE: Limited time offer,"To Whom It May Concern,

We offer a scheduling assistant that helps businesses with making your onboarding emails feel less robotic. I wanted to see if this might be relevant for your team. In practice, this usually means less manual work for your team and faster turnaround on the tasks that used to take hours.

Here's a short demo video if that's easier: https://demo.example.com/9912ca

Best,
Sarah",72,0,1,1,0,0,spammy,medium,0
7c6bfb7245,Quick question,"Hello Daniel,

I'm reaching out because we help companies like Cascade Analytics with cutting the time your team spends on manual data entry. We built a churn-prediction dashboard that a few teams in your space have found useful. In practice, this usually means less manual work for your team and faster turnaround on the tasks that used to take hours. We've seen teams cut this kind of overhead significantly within the first few weeks, and the setup itself takes less than a day with support from our onboarding team. Happy to share a couple of examples from companies in a similar space if that would help you evaluate whether this is worth exploring further on your end.

Thanks for reading, and have a great rest of your week.

Best regards,
the team at Signalfy",137,0,0,0,1,0,formal,long,0
3e3dfc33ef,Saw Equora Capital's recent growth — quick thought,"Hello Elena,

I noticed Equora Capital has been focused on making your onboarding emails feel less robotic, and thought I'd reach out. We built a workflow automation tool that helps teams like yours with exactly that. In practice, this usually means less manual work for your team and faster turnaround on the tasks that used to take hours. We've seen teams cut this kind of overhead significantly within the first few weeks, and the setup itself takes less than a day with support from our onboarding team. Happy to share a couple of examples from companies in a similar space if that would help you evaluate whether this is worth exploring further on your end.

Reply with a good time and I'll send a calendar invite. Is this something you would be open to exploring?

Best regards,
Jamie at Northstar Sales",144,1,1,0,2,0,formal,long,1
424656c903,"Noah, quick question about Axion Systems","Hey Noah,

I noticed Axion Systems has been focused on scaling your outbound without losing personalization, and thought I'd reach out. We built a data-enrichment service that helps teams like yours with exactly that.

Thanks for reading, and have a great rest of your week. Is this something you would be open to exploring?

Best,
Priya",58,1,0,0,2,0,casual,short,1
361d943c77,"Omar, quick question about Streamline Freight","Hey Omar,

I noticed Streamline Freight has been focused on automating your lead qualification process, and thought I'd reach out. We built an AI-based email assistant that helps teams like yours with exactly that.

Anyway, just wanted to share this in case it's useful.

Best,
the",49,0,0,0,2,0,casual,short,1
21d7675f13,Checking in,"Good morning,

We offer a sales-engagement platform that helps businesses with shortening your sales cycle. I wanted to see if this might be relevant for your team.

Thanks for reading, and have a great rest of your week.

Best regards,
Priya from DataForge",44,0,0,0,0,0,formal,short,0
790aa1c968,Re: Re: Following up on my last email,"Hey Anna,

I noticed Foundry Labs has been focused on keeping your CRM data clean as you grow, and thought I'd reach out. We built a churn-prediction dashboard that helps teams like yours with exactly that. In practice, this usually means less manual work for your team and faster turnaround on the tasks that used to take hours.

Anyway, just wanted to share this in case it's useful. Is this something you would be open to exploring?

Best,
Priya",82,1,0,0,2,0,spammy,medium,0
c26a41f2a2,Quick question,"Hi there,

We offer a sales-engagement platform that helps businesses with reducing no-shows on booked calls. I wanted to see if this might be relevant for your team. In practice, this usually means less manual work for your team and faster turnaround on the tasks that used to take hours.

Feel free to book a slot here: https://meetings.example.com/143f78

Best regards,
Priya from DataForge",69,0,1,1,0,0,formal,medium,0
a5f85f8868,Helping Tendr Finance with getting more,"Hello Maya,

I'm reaching out because we help companies like Tendr Finance with getting more signal from your website traffic. We built a scheduling assistant that a few teams in your space have found useful.

Worth a quick chat? I can send over a couple of time slots.

Best regards,
Jamie at Northstar Sales",55,1,1,0,1,0,formal,short,1
90fcb365ed,Partnership opportunity,"Hey Daniel,

I'm reaching out because we help companies like Payflow with cutting the time your team spends on manual data entry. We built a workflow automation tool that a few teams in your space have found useful. In practice, this usually means less manual work for your team and faster turnaround on the tasks that used to take hours.

Worth a quick chat.

Best regards,
Jamie at Northstar Sales",71,0,1,0,1,0,formal,medium,1
a1401ff871,Helping Streamline Freight with scaling your,"Hello Noah,

I noticed Streamline Freight has been focused on scaling your outbound without losing personalization, and thought I'd reach out. We built a data-enrichment service that helps teams like yours with exactly that. In practice, this usually means less manual work for your team and faster turnaround on the tasks that used to take hours. We've seen teams cut this kind of overhead significantly within the first few weeks, and the setup itself takes less than a day with support from our onboarding team. Happy to share a couple of examples from companies in a similar space if that would help you evaluate whether this is worth exploring further on your end.

Thanks for reading, and have a great rest of your week.

Best regards,
the team at Signalfy",133,0,0,0,2,0,formal,long,0
56531bde09,Helping Equora Capital with improving reply,"Hey Marco,

I noticed Equora Capital has been focused on improving reply rates on cold outreach, and thought I'd reach out. We built a churn-prediction dashboard that helps teams like yours with exactly that.

Would you be open to a quick 15-minute call this week?

Best regards,
Alex, Head of Partnerships at Loopwave",56,1,1,0,2,0,formal,short,1
8c5e0ce8cc,Idea for Tendr Finance's outbound,"Hello Chloe,

I noticed Tendr Finance has been focused on reducing no-shows on booked calls, and thought I'd reach out. We built a lightweight CRM add-on that helps teams like yours with exactly that. In practice, this usually means less manual work for your team and faster turnaround on the tasks that used to take hours. We've seen teams cut this kind of overhead significantly within the first few weeks, and the setup itself takes less than a day with support from our onboarding team. Happy to share a couple of examples from companies in a similar space if that would help you evaluate whether this is worth exploring further on your end.

Let me know if you'd like a short demo — happy to work around your schedule. Is this something you would be open to exploring?

Best,
Alex, Head of Partnerships at Loopwave",149,1,1,0,2,0,casual,long,0
58bdc1019a,Helping Inferra with keeping your,"Hello Lucas,

I'm reaching out because we help companies like Inferra with keeping your CRM data clean as you grow. We built a scheduling assistant that a few teams in your space have found useful.

You can grab 15 minutes directly on my calendar: https://cal.example.com/f75ccf Is this something you would be open to exploring?

Best regards,
Jamie at Northstar Sales",65,1,1,1,1,0,formal,short,0
870d5ef267,Partnership opportunity,"Hello Michael,

I'm reaching out because we help companies like Modela with shortening your sales cycle. We built a data-enrichment service that a few teams in your space have found useful.

Anyway, just wanted to share this in case it's useful.

Best regards,
the team at Signalfy",50,0,0,0,1,0,formal,short,0
8a221afd55,Boost your revenue by 300% instantly,"Hello Maya,

I noticed Cascade Analytics has been focused on cutting the time your team spends on manual data entry, and thought I'd reach out. We built a lead-scoring API that helps teams like yours with exactly that. In practice, this usually means less manual work for your team and faster turnaround on the tasks that used to take hours.

Reply with a good time and I'll send a calendar invite. Is this something you would be open to exploring?

Best,
Jamie",85,1,1,0,2,0,spammy,medium,0
a516931fd3,Checking in,"To Whom It May Concern,

We offer a sales-engagement platform that helps businesses with reducing no-shows on booked calls. I wanted to see if this might be relevant for your team.

Let me know if you'd like a short demo — happy to work around your schedule. Is this something your team would be open to exploring?

Best,
Priya",61,1,1,0,0,0,casual,short,0
4bfbfd80ac,Idea for Inferra's outbound,"Hi Ravi,

I noticed Inferra has been focused on shortening your sales cycle, and thought I'd reach out. We built a lightweight CRM add-on that helps teams like yours with exactly that. In practice, this usually means less manual work for your team and faster turnaround on the tasks that used to take hours.

Worth a quick chat? I can send over a couple of time slots.

Best regards,
Jamie at Northstar Sales",75,1,1,0,2,0,formal,medium,0
bf9e2fdc1b,Quick question,"Hello,

We offer a data-enrichment service that helps businesses with making your onboarding emails feel less robotic. I wanted to see if this might be relevant for your team.

Feel free to book a slot here: https://meetings.example.com/44a3f0

Best,
Alex, Head of Partnerships at Loopwave",49,0,1,1,0,0,casual,short,0
274d7e6fd0,Quick question,"Hello Wei,

I'm reaching out because we help companies like Northpay with improving reply rates on cold outreach. We built a workflow automation tool that a few teams in your space have found useful.

Reply with a good time and I'll send a calendar invite. Is this something you would be open to exploring?

Best,
Priya",58,1,1,0,1,0,casual,short,0
c1dd0cbc07,Helping Atelier Commerce with reducing churn,"Hey Carlos,

I noticed Atelier Commerce has been focused on reducing churn in your onboarding funnel, and thought I'd reach out. We built a lead-scoring API that helps teams like yours with exactly that.

Reply with a good time and I'll send a calendar invite. Is this something you would be open to exploring?

Best,
Alex, Head of Partnerships at Loopwave",64,1,1,0,2,0,casual,short,1
c1eeeb39fb,Helping Cargopath Logistics with scaling your,"Hi Omar,

I noticed Cargopath Logistics has been focused on scaling your outbound without losing personalization, and thought I'd reach out. We built a workflow automation tool that helps teams like yours with exactly that.

You can grab 15 minutes directly on my calendar: https://cal.example.com/22a9d2 Is this something you would be open to exploring?

Best regards,
Sarah from GrowthPilot",64,1,1,1,2,0,formal,short,1
3c33565b21,Checking in,"Hello,

We offer an AI-based email assistant that helps businesses with reducing no-shows on booked calls. I wanted to see if this might be relevant for your team. In practice, this usually means less manual work for your team and faster turnaround on the tasks that used to take hours.

Feel free to book a slot here: https://meetings.example.com/d5f4db

Best,
Jamie",66,0,1,1,0,0,casual,medium,0
c3c95d27de,URGENT: Don't miss out on this deal,"Hi there,

We offer a data-enrichment service that helps businesses with reducing churn in your onboarding funnel. I wanted to see if this might be relevant for your team.

Reply with a good time and I'll send a calendar invite. Is this something your team would be open to exploring?

Best,
the",54,1,1,0,0,0,spammy,short,0
582d8a5c2d,Following up,"Hello Emma,

I'm reaching out because we help companies like Medisync Health with cutting the time your team spends on manual data entry. We built an AI-based email assistant that a few teams in your space have found useful.

Let me know if you'd like a short demo — happy to work around your schedule. Is this something you would be open to exploring?

Best regards,
Alex, Head of Partnerships at Loopwave",74,1,1,0,1,0,formal,short,1
fbb1007390,Quick question,"Good morning,

We offer a scheduling assistant that helps businesses with scaling your outbound without losing personalization. I wanted to see if this might be relevant for your team. In practice, this usually means less manual work for your team and faster turnaround on the tasks that used to take hours.

Here's a short demo video if that's easier: https://demo.example.com/96558e Is this something your team would be open to exploring?

Best regards,
the team at Signalfy",82,1,1,1,0,0,formal,medium,1
152b66fad9,"Lucas, quick question about Foundry Labs","Hey Lucas,

I noticed Foundry Labs has been focused on improving reply rates on cold outreach, and thought I'd reach out. We built a churn-prediction dashboard that helps teams like yours with exactly that. In practice, this usually means less manual work for your team and faster turnaround on the tasks that used to take hours.

Worth a quick chat? I can send over a couple of time slots.

Best,
the",73,1,1,0,2,0,casual,medium,1
33415aaaed,Helping Nordica Retail with keeping your,"Hi Wei,

I noticed Nordica Retail has been focused on keeping your CRM data clean as you grow, and thought I'd reach out. We built a workflow automation tool that helps teams like yours with exactly that.

Anyway, just wanted to share this in case it's useful.

Best regards,
Jamie at Northstar Sales",55,0,0,0,2,0,formal,short,1
59b3e2e02f,"Chloe, quick question about Equora Capital","Hey Chloe,

I noticed Equora Capital has been focused on shortening your sales cycle, and thought I'd reach out. We built a scheduling assistant that helps teams like yours with exactly that. In practice, this usually means less manual work for your team and faster turnaround on the tasks that used to take hours. We've seen teams cut this kind of overhead significantly within the first few weeks, and the setup itself takes less than a day with support from our onboarding team. Happy to share a couple of examples from companies in a similar space if that would help you evaluate whether this is worth exploring further on your end.

Would you be open to a quick 15-minute call this week?

Best regards,
the team at Signalfy",131,1,1,0,2,0,formal,long,1
83024cd5c0,Saw Inferra's recent growth — quick thought,"Hey Lucas,

I'm reaching out because we help companies like Inferra with getting more signal from your website traffic. We built a data-enrichment service that a few teams in your space have found useful.

Reply with a good time and I'll send a calendar invite.

Best,
Alex, Head of Partnerships at Loopwave",55,0,1,0,1,0,casual,short,0
efeac5f20e,Idea for Trustline Bank's outbound,"Hello James,

I'm reaching out because we help companies like Trustline Bank with improving reply rates on cold outreach. We built an AI-based email assistant that a few teams in your space have found useful. In practice, this usually means less manual work for your team and faster turnaround on the tasks that used to take hours.

No worries either way — just thought I'd reach out.

Best regards,
Alex, Head of Partnerships at Loopwave",77,0,0,0,1,0,formal,medium,0
83143f3d3c,Re: Re: Following up on my last email,"Hi there,

We offer a lead-scoring API that helps businesses with improving reply rates on cold outreach. I wanted to see if this might be relevant for your team.

Anyway, just wanted to share this in case it's useful.

Best,
Sarah",43,0,0,0,0,0,spammy,short,0
c7410afcbc,Quick question,"To Whom It May Concern,

We offer a sales-engagement platform that helps businesses with cutting the time your team spends on manual data entry. I wanted to see if this might be relevant for your team. In practice, this usually means less manual work for your team and faster turnaround on the tasks that used to take hours. We've seen teams cut this kind of overhead significantly within the first few weeks, and the setup itself takes less than a day with support from our onboarding team. Happy to share a couple of examples from companies in a similar space if that would help you evaluate whether this is worth exploring further on your end.

Reply with a good time and I'll send a calendar invite.

Best regards,
Sarah from GrowthPilot",134,0,1,0,0,0,formal,long,0
e31fa38779,"David, quick question about Clarity Health","Hey David,

I noticed Clarity Health has been focused on cutting the time your team spends on manual data entry, and thought I'd reach out. We built a lightweight CRM add-on that helps teams like yours with exactly that. In practice, this usually means less manual work for your team and faster turnaround on the tasks that used to take hours. We've seen teams cut this kind of overhead significantly within the first few weeks, and the setup itself takes less than a day with support from our onboarding team. Happy to share a couple of examples from companies in a similar space if that would help you evaluate whether this is worth exploring further on your end.

Worth a quick chat.

Best regards,
Priya from DataForge",130,0,1,0,2,0,formal,long,1
20adc56221,Idea for Equora Capital's outbound,"Hello Fatima,

I noticed Equora Capital has been focused on reducing churn in your onboarding funnel, and thought I'd reach out. We built an AI-based email assistant that helps teams like yours with exactly that.

No worries either way — just thought I'd reach out.

Best regards,
Alex, Head of Partnerships at Loopwave",55,0,0,0,2,0,formal,short,0
8940e0fc2d,Saw Axion Systems's recent growth — quick thought,"Hi Thomas,

I noticed Axion Systems has been focused on keeping your CRM data clean as you grow, and thought I'd reach out. We built an AI-based email assistant that helps teams like yours with exactly that. In practice, this usually means less manual work for your team and faster turnaround on the tasks that used to take hours.

Feel free to book a slot here: https://meetings.example.com/6ff87c

Best regards,
the team at Signalfy",79,0,1,1,2,0,formal,medium,0
c333983ba1,Helping Trustline Bank with keeping your,"Hey Daniel,

I noticed Trustline Bank has been focused on keeping your CRM data clean as you grow, and thought I'd reach out. We built a churn-prediction dashboard that helps teams like yours with exactly that.

Can I send over a one-pager, or would a call be easier.

Best regards,
Jamie at Northstar Sales",57,0,1,0,2,0,formal,short,1
7eb6649c4d,Following up,"Hi there,

We offer a sales-engagement platform that helps businesses with cutting the time your team spends on manual data entry. I wanted to see if this might be relevant for your team.

No worries either way — just thought I'd reach out.

Best,
Jamie",46,0,0,0,0,0,casual,short,0
b5b114cd26,Introduction,"Hi Marco,

I'm reaching out because we help companies like Tendr Finance with scaling your outbound without losing personalization. We built a churn-prediction dashboard that a few teams in your space have found useful.

Worth a quick chat.

Best,
Priya",42,0,1,0,1,0,casual,short,1
6e073ea7f2,Quick question,"Hi there,

We offer a lightweight CRM add-on that helps businesses with keeping your CRM data clean as you grow. I wanted to see if this might be relevant for your team. In practice, this usually means less manual work for your team and faster turnaround on the tasks that used to take hours.

You can grab 15 minutes directly on my calendar: https://cal.example.com/bcfaa7

Best,
Priya",71,0,1,1,0,0,casual,medium,0
d82dcbbe45,"Sarah, quick question about Nordica Retail","Hi Sarah,

I noticed Nordica Retail has been focused on improving reply rates on cold outreach, and thought I'd reach out. We built a churn-prediction dashboard that helps teams like yours with exactly that. In practice, this usually means less manual work for your team and faster turnaround on the tasks that used to take hours.

Can I send over a one-pager, or would a call be easier?

Best,
Alex, Head of Partnerships at Loopwave",78,1,1,0,2,0,casual,medium,0
95802e7a38,"Elena, quick question about Payflow","Hi Elena,

I'm reaching out because we help companies like Payflow with keeping your CRM data clean as you grow. We built a workflow automation tool that a few teams in your space have found useful. In practice, this usually means less manual work for your team and faster turnaround on the tasks that used to take hours.

Can I send over a one-pager, or would a call be easier?

Best,
Alex, Head of Partnerships at Loopwave",79,1,1,0,1,0,casual,medium,0
1ddf130b87,Quick question,"Hi Omar,

I'm reaching out because we help companies like Inferra with scaling your outbound without losing personalization. We built a lead-scoring API that a few teams in your space have found useful. In practice, this usually means less manual work for your team and faster turnaround on the tasks that used to take hours. We've seen teams cut this kind of overhead significantly within the first few weeks, and the setup itself takes less than a day with support from our onboarding team. Happy to share a couple of examples from companies in a similar space if that would help you evaluate whether this is worth exploring further on your end.

Let me know if you'd like a short demo — happy to work around your schedule. Is this something you would be open to exploring?

Best,
Jamie",142,1,1,0,1,0,casual,long,0
b7ad6d9688,Checking in,"Hi Marco,

I'm reaching out because we help companies like Brightloop with shortening your sales cycle. We built a data-enrichment service that a few teams in your space have found useful. In practice, this usually means less manual work for your team and faster turnaround on the tasks that used to take hours. We've seen teams cut this kind of overhead significantly within the first few weeks, and the setup itself takes less than a day with support from our onboarding team. Happy to share a couple of examples from companies in a similar space if that would help you evaluate whether this is worth exploring further on your end.

No worries either way — just thought I'd reach out. Is this something you would be open to exploring?

Best regards,
Alex, Head of Partnerships at Loopwave",140,1,0,0,1,0,formal,long,1
057bb5a029,Checking in,"To Whom It May Concern,

We offer a churn-prediction dashboard that helps businesses with keeping your CRM data clean as you grow. I wanted to see if this might be relevant for your team. In practice, this usually means less manual work for your team and faster turnaround on the tasks that used to take hours.

Anyway, just wanted to share this in case it's useful.

Best regards,
Alex, Head of Partnerships at Loopwave",76,0,0,0,0,0,formal,medium,0
32199e4eb3,Saw Tendr Finance's recent growth — quick thought,"Hi Julia,

I noticed Tendr Finance has been focused on making your onboarding emails feel less robotic, and thought I'd reach out. We built a sales-engagement platform that helps teams like yours with exactly that. In practice, this usually means less manual work for your team and faster turnaround on the tasks that used to take hours.

Here's a short demo video if that's easier: https://demo.example.com/113390 Is this something you would be open to exploring?

Best regards,
Alex, Head of Partnerships at Loopwave",91,1,1,1,2,0,formal,medium,1
6a22a3d4af,Saw Inferra's recent growth — quick thought,"Hey James,

I'm reaching out because we help companies like Inferra with cutting the time your team spends on manual data entry. We built a data-enrichment service that a few teams in your space have found useful. In practice, this usually means less manual work for your team and faster turnaround on the tasks that used to take hours.

Thanks for reading, and have a great rest of your week.

Best regards,
Sarah from GrowthPilot",77,0,0,0,1,0,formal,medium,0
a86874dd52,Helping Nordica Retail with keeping your,"Hello Ravi,

I'm reaching out because we help companies like Nordica Retail with keeping your CRM data clean as you grow. We built a lightweight CRM add-on that a few teams in your space have found useful. In practice, this usually means less manual work for your team and faster turnaround on the tasks that used to take hours. We've seen teams cut this kind of overhead significantly within the first few weeks, and the setup itself takes less than a day with support from our onboarding team. Happy to share a couple of examples from companies in a similar space if that would help you evaluate whether this is worth exploring further on your end.

Thanks for reading, and have a great rest of your week. Is this something you would be open to exploring?

Best,
Sarah",141,1,0,0,1,0,casual,long,0
8dea2980b1,Following up,"Hi Marco,

I'm reaching out because we help companies like Bottega Retail with making your onboarding emails feel less robotic. We built a churn-prediction dashboard that a few teams in your space have found useful.

Would you be open to a quick 15-minute call this week?

Best,
Priya",51,1,1,0,1,0,casual,short,1
293de2ac8b,Introduction,"Hello Elena,

I'm reaching out because we help companies like Trustline Bank with automating your lead qualification process. We built a data-enrichment service that a few teams in your space have found useful. In practice, this usually means less manual work for your team and faster turnaround on the tasks that used to take hours.

Would you be open to a quick 15-minute call this week?

Best regards,
Alex, Head of Partnerships at Loopwave",77,1,1,0,1,0,formal,medium,1
05697a94cf,Introduction,"Hello Lucas,

I'm reaching out because we help companies like Nordica Retail with reducing no-shows on booked calls. We built a lead-scoring API that a few teams in your space have found useful.

You can grab 15 minutes directly on my calendar: https://cal.example.com/09d954

Best,
Jamie",52,0,1,1,1,0,casual,short,0
751e130136,FINAL NOTICE: Limited time offer,"Hello Laura,

I'm reaching out because we help companies like Foundry Labs with making your onboarding emails feel less robotic. We built a churn-prediction dashboard that a few teams in your space have found useful. In practice, this usually means less manual work for your team and faster turnaround on the tasks that used to take hours.

You can grab 15 minutes directly on my calendar: https://cal.example.com/0edd99 Is this something you would be open to exploring?

Best,
the",84,1,1,1,1,0,spammy,medium,0
00c57be7b3,"Michael, quick question about Brightloop","Hello Michael,

I'm reaching out because we help companies like Brightloop with reducing churn in your onboarding funnel. We built a scheduling assistant that a few teams in your space have found useful.

Here's a short demo video if that's easier: https://demo.example.com/9d22a3

Best,
Priya",51,0,1,1,1,0,casual,short,1
051490023c,Quick question,"Hey Sarah,

I'm reaching out because we help companies like Brightloop with reducing churn in your onboarding funnel. We built a churn-prediction dashboard that a few teams in your space have found useful. In practice, this usually means less manual work for your team and faster turnaround on the tasks that used to take hours.

No worries either way — just thought I'd reach out. Is this something you would be open to exploring?

Best regards,
Jamie at Northstar Sales",82,1,0,0,1,0,formal,medium,0
830e36569c,Boost your revenue by 300% instantly,"Hello Priya,

I'm reaching out because we help companies like Cascade Analytics with cutting the time your team spends on manual data entry. We built a sales-engagement platform that a few teams in your space have found useful. In practice, this usually means less manual work for your team and faster turnaround on the tasks that used to take hours.

Would you be open to a quick 15-minute call this week.

Best,
Jamie",76,0,1,0,1,0,spammy,medium,0
0e16108191,Idea for Cura Health's outbound,"Hi Omar,

I noticed Cura Health has been focused on reducing no-shows on booked calls, and thought I'd reach out. We built a data-enrichment service that helps teams like yours with exactly that.

Here's a short demo video if that's easier: https://demo.example.com/9a89cf Is this something you would be open to exploring?

Best regards,
Alex, Head of Partnerships at Loopwave",68,1,1,1,2,0,formal,short,1
271d977d94,Checking in,"Hey Chloe,

I'm reaching out because we help companies like Nordica Retail with cutting the time your team spends on manual data entry. We built a data-enrichment service that a few teams in your space have found useful. In practice, this usually means less manual work for your team and faster turnaround on the tasks that used to take hours.

Can I send over a one-pager, or would a call be easier.

Best,
Sarah",77,0,1,0,1,0,casual,medium,1
eac4eddec4,Checking in,"Hey Ravi,

I'm reaching out because we help companies like Northpay with getting more signal from your website traffic. We built an AI-based email assistant that a few teams in your space have found useful. In practice, this usually means less manual work for your team and faster turnaround on the tasks that used to take hours. We've seen teams cut this kind of overhead significantly within the first few weeks, and the setup itself takes less than a day with support from our onboarding team. Happy to share a couple of examples from companies in a similar space if that would help you evaluate whether this is worth exploring further on your end.

Anyway, just wanted to share this in case it's useful. Is this something you would be open to exploring?

Best regards,
Jamie at Northstar Sales",143,1,0,0,1,0,formal,long,0
f46cf80ea5,Introduction,"Hello,

We offer a lead-scoring API that helps businesses with making your onboarding emails feel less robotic. I wanted to see if this might be relevant for your team.

Let me know if you'd like a short demo — happy to work around your schedule.

Best regards,
Priya from DataForge",51,0,1,0,0,0,formal,short,0
8eacedede8,Saw Atelier Commerce's recent growth — quick thought,"Hey Ravi,

I noticed Atelier Commerce has been focused on automating your lead qualification process, and thought I'd reach out. We built a workflow automation tool that helps teams like yours with exactly that.

Thanks for reading, and have a great rest of your week.

Best,
Priya",48,0,0,0,2,0,casual,short,1
5a77ee94bb,Re: Re: Following up on my last email,"Hello Wei,

I'm reaching out because we help companies like Nordica Retail with reducing churn in your onboarding funnel. We built a scheduling assistant that a few teams in your space have found useful. In practice, this usually means less manual work for your team and faster turnaround on the tasks that used to take hours.

Anyway, just wanted to share this in case it's useful. Is this something you would be open to exploring?

Best,
Sarah",79,1,0,0,1,0,spammy,medium,0
43dfaaae9a,Saw Brightloop's recent growth — quick thought,"Hey Priya,

I'm reaching out because we help companies like Brightloop with keeping your CRM data clean as you grow. We built a sales-engagement platform that a few teams in your space have found useful. In practice, this usually means less manual work for your team and faster turnaround on the tasks that used to take hours. We've seen teams cut this kind of overhead significantly within the first few weeks, and the setup itself takes less than a day with support from our onboarding team. Happy to share a couple of examples from companies in a similar space if that would help you evaluate whether this is worth exploring further on your end.

Reply with a good time and I'll send a calendar invite. Is this something you would be open to exploring?

Best,
Priya",140,1,1,0,1,0,casual,long,0
1f4a021a0d,Partnership opportunity,"Hi there,

We offer a scheduling assistant that helps businesses with scaling your outbound without losing personalization. I wanted to see if this might be relevant for your team. In practice, this usually means less manual work for your team and faster turnaround on the tasks that used to take hours.

Thanks for reading, and have a great rest of your week.

Best,
Priya",64,0,0,0,0,0,casual,medium,0
5d90006ba9,Re: Re: Following up on my last email,"Hey Michael,

I noticed Medisync Health has been focused on cutting the time your team spends on manual data entry, and thought I'd reach out. We built a churn-prediction dashboard that helps teams like yours with exactly that. In practice, this usually means less manual work for your team and faster turnaround on the tasks that used to take hours.

Anyway, just wanted to share this in case it's useful. Is this something you would be open to exploring?

Best,
Jamie",84,1,0,0,2,0,spammy,medium,0
b2f1132e26,Following up,"Hi Sophie,

I'm reaching out because we help companies like Atelier Commerce with keeping your CRM data clean as you grow. We built a lead-scoring API that a few teams in your space have found useful.

Reply with a good time and I'll send a calendar invite.

Best regards,
Sarah from GrowthPilot",55,0,1,0,1,0,formal,short,1
600544c860,Saw Northpay's recent growth — quick thought,"Hi Priya,

I'm reaching out because we help companies like Northpay with reducing churn in your onboarding funnel. We built a lightweight CRM add-on that a few teams in your space have found useful. In practice, this usually means less manual work for your team and faster turnaround on the tasks that used to take hours. We've seen teams cut this kind of overhead significantly within the first few weeks, and the setup itself takes less than a day with support from our onboarding team. Happy to share a couple of examples from companies in a similar space if that would help you evaluate whether this is worth exploring further on your end.

You can grab 15 minutes directly on my calendar: https://cal.example.com/0aa797

Best regards,
Sarah from GrowthPilot",135,0,1,1,1,0,formal,long,0
df0f34d2e7,Helping Cascade Analytics with making your,"Hello Ravi,

I'm reaching out because we help companies like Cascade Analytics with making your onboarding emails feel less robotic. We built a scheduling assistant that a few teams in your space have found useful.

Here's a short demo video if that's easier: https://demo.example.com/eef5f8

Best,
the",53,0,1,1,1,0,casual,short,0
df2e0c3f0a,Introduction,"To Whom It May Concern,

We offer a scheduling assistant that helps businesses with scaling your outbound without losing personalization. I wanted to see if this might be relevant for your team. In practice, this usually means less manual work for your team and faster turnaround on the tasks that used to take hours. We've seen teams cut this kind of overhead significantly within the first few weeks, and the setup itself takes less than a day with support from our onboarding team. Happy to share a couple of examples from companies in a similar space if that would help you evaluate whether this is worth exploring further on your end.

Anyway, just wanted to share this in case it's useful.

Best regards,
Sarah from GrowthPilot",128,0,0,0,0,0,formal,long,0
1c3e9b904a,Quick question,"To Whom It May Concern,

We offer a lead-scoring API that helps businesses with automating your lead qualification process. I wanted to see if this might be relevant for your team. In practice, this usually means less manual work for your team and faster turnaround on the tasks that used to take hours.

Reply with a good time and I'll send a calendar invite.

Best,
Alex, Head of Partnerships at Loopwave",73,0,1,0,0,0,casual,medium,0
049498fbf3,Helping Foundry Labs with automating your,"Hey Julia,

I noticed Foundry Labs has been focused on automating your lead qualification process, and thought I'd reach out. We built a scheduling assistant that helps teams like yours with exactly that. In practice, this usually means less manual work for your team and faster turnaround on the tasks that used to take hours.

Can I send over a one-pager, or would a call be easier?

Best,
Sarah",71,1,1,0,2,0,casual,medium,1
8f630b8308,Quick question,"Hi Noah,

I'm reaching out because we help companies like Clarity Health with making your onboarding emails feel less robotic. We built a churn-prediction dashboard that a few teams in your space have found useful. In practice, this usually means less manual work for your team and faster turnaround on the tasks that used to take hours.

Thanks for reading, and have a great rest of your week. Is this something you would be open to exploring?

Best regards,
Priya from DataForge",84,1,0,0,1,0,formal,medium,0
494dad83a4,Saw Northpay's recent growth — quick thought,"Hey David,

I noticed Northpay has been focused on making your onboarding emails feel less robotic, and thought I'd reach out. We built a data-enrichment service that helps teams like yours with exactly that. In practice, this usually means less manual work for your team and faster turnaround on the tasks that used to take hours.

Can I send over a one-pager, or would a call be easier?

Best,
the",73,1,1,0,2,0,casual,medium,0
8a49f05207,Following up,"To Whom It May Concern,

We offer a workflow automation tool that helps businesses with reducing no-shows on booked calls. I wanted to see if this might be relevant for your team. In practice, this usually means less manual work for your team and faster turnaround on the tasks that used to take hours.

No worries either way — just thought I'd reach out.

Best,
the",67,0,0,0,0,0,casual,medium,0
ec108e6726,"Anna, quick question about Nordica Retail","Hi Anna,

I noticed Nordica Retail has been focused on shortening your sales cycle, and thought I'd reach out. We built a lightweight CRM add-on that helps teams like yours with exactly that. In practice, this usually means less manual work for your team and faster turnaround on the tasks that used to take hours. We've seen teams cut this kind of overhead significantly within the first few weeks, and the setup itself takes less than a day with support from our onboarding team. Happy to share a couple of examples from companies in a similar space if that would help you evaluate whether this is worth exploring further on your end.

Reply with a good time and I'll send a calendar invite.

Best regards,
Sarah from GrowthPilot",132,0,1,0,2,0,formal,long,1
73b8f623e6,Quick question,"Hello,

We offer a churn-prediction dashboard that helps businesses with keeping your CRM data clean as you grow. I wanted to see if this might be relevant for your team.

Feel free to book a slot here: https://meetings.example.com/295861 Is this something your team would be open to exploring?

Best regards,
Priya from DataForge",58,1,1,1,0,0,formal,short,1
aebb62a453,Idea for Modela's outbound,"Hi Maya,

I'm reaching out because we help companies like Modela with cutting the time your team spends on manual data entry. We built a data-enrichment service that a few teams in your space have found useful. In practice, this usually means less manual work for your team and faster turnaround on the tasks that used to take hours. We've seen teams cut this kind of overhead significantly within the first few weeks, and the setup itself takes less than a day with support from our onboarding team. Happy to share a couple of examples from companies in a similar space if that would help you evaluate whether this is worth exploring further on your end.

Anyway, just wanted to share this in case it's useful.

Best regards,
Priya from DataForge",135,0,0,0,1,0,formal,long,1
83d5d74111,"Noah, quick question about Modela","Hi Noah,

I'm reaching out because we help companies like Modela with shortening your sales cycle. We built a data-enrichment service that a few teams in your space have found useful.

Here's a short demo video if that's easier: https://demo.example.com/f0f5df

Best regards,
Priya from DataForge",53,0,1,1,1,0,formal,short,1
2270a7477d,Quick question,"Hi Anna,

I'm reaching out because we help companies like Inferra with reducing churn in your onboarding funnel. We built a sales-engagement platform that a few teams in your space have found useful. In practice, this usually means less manual work for your team and faster turnaround on the tasks that used to take hours. We've seen teams cut this kind of overhead significantly within the first few weeks, and the setup itself takes less than a day with support from our onboarding team. Happy to share a couple of examples from companies in a similar space if that would help you evaluate whether this is worth exploring further on your end.

You can grab 15 minutes directly on my calendar: https://cal.example.com/e73b28

Best,
Priya",131,0,1,1,1,0,casual,long,0
aefb3ca2f5,Saw Cura Health's recent growth — quick thought,"Hello Anna,

I noticed Cura Health has been focused on making your onboarding emails feel less robotic, and thought I'd reach out. We built a workflow automation tool that helps teams like yours with exactly that. In practice, this usually means less manual work for your team and faster turnaround on the tasks that used to take hours.

Feel free to book a slot here: https://meetings.example.com/19476a Is this something you would be open to exploring?

Best regards,
Alex, Head of Partnerships at Loopwave",88,1,1,1,2,0,formal,medium,0
70b80eaf8a,"Priya, quick question about Streamline Freight","Hello Priya,

I noticed Streamline Freight has been focused on cutting the time your team spends on manual data entry, and thought I'd reach out. We built a scheduling assistant that helps teams like yours with exactly that. In practice, this usually means less manual work for your team and faster turnaround on the tasks that used to take hours. We've seen teams cut this kind of overhead significantly within the first few weeks, and the setup itself takes less than a day with support from our onboarding team. Happy to share a couple of examples from companies in a similar space if that would help you evaluate whether this is worth exploring further on your end.

Reply with a good time and I'll send a calendar invite.

Best,
Jamie",133,0,1,0,2,0,casual,long,1
1718fe1bb7,FINAL NOTICE: Limited time offer,"Hi Sophie,

I'm reaching out because we help companies like Modela with shortening your sales cycle. We built a churn-prediction dashboard that a few teams in your space have found useful. In practice, this usually means less manual work for your team and faster turnaround on the tasks that used to take hours.

Here's a short demo video if that's easier: https://demo.example.com/322569

Best,
Alex, Head of Partnerships at Loopwave",77,0,1,1,1,0,spammy,medium,1
82a7199a0b,Introduction,"To Whom It May Concern,

We offer a lightweight CRM add-on that helps businesses with making your onboarding emails feel less robotic. I wanted to see if this might be relevant for your team.

Worth a quick chat? I can send over a couple of time slots.

Best,
Jamie",50,1,1,0,0,0,casual,short,1
ab82416d2d,Idea for Equora Capital's outbound,"Hello Lucas,

I'm reaching out because we help companies like Equora Capital with reducing no-shows on booked calls. We built a lightweight CRM add-on that a few teams in your space have found useful. In practice, this usually means less manual work for your team and faster turnaround on the tasks that used to take hours.

Would you be open to a quick 15-minute call this week.

Best regards,
Priya from DataForge",76,0,1,0,1,0,formal,medium,0
bd1ff4f378,Quick question,"Good morning,

We offer a data-enrichment service that helps businesses with scaling your outbound without losing personalization. I wanted to see if this might be relevant for your team. In practice, this usually means less manual work for your team and faster turnaround on the tasks that used to take hours.

Thanks for reading, and have a great rest of your week. Is this something your team would be open to exploring?

Best regards,
the team at Signalfy",79,1,0,0,0,0,formal,medium,1
27fba6db98,Saw Foundry Labs's recent growth — quick thought,"Hello Nina,

I noticed Foundry Labs has been focused on cutting the time your team spends on manual data entry, and thought I'd reach out. We built a lightweight CRM add-on that helps teams like yours with exactly that. In practice, this usually means less manual work for your team and faster turnaround on the tasks that used to take hours.

Reply with a good time and I'll send a calendar invite. Is this something you would be open to exploring?

Best,
Jamie",86,1,1,0,2,0,casual,medium,1
136484d716,Idea for Foundry Labs's outbound,"Hi Ravi,

I noticed Foundry Labs has been focused on making your onboarding emails feel less robotic, and thought I'd reach out. We built a churn-prediction dashboard that helps teams like yours with exactly that.

No worries either way — just thought I'd reach out. Is this something you would be open to exploring?

Best regards,
Priya from DataForge",61,1,0,0,2,0,formal,short,1
bbcb3ecd63,Helping Tendr Finance with getting more,"Hello Michael,

I noticed Tendr Finance has been focused on getting more signal from your website traffic, and thought I'd reach out. We built a churn-prediction dashboard that helps teams like yours with exactly that.

Worth a quick chat? I can send over a couple of time slots.

Best,
Alex, Head of Partnerships at Loopwave",57,1,1,0,2,0,casual,short,1
2552d820e0,Idea for Clarity Health's outbound,"Hello Carlos,

I noticed Clarity Health has been focused on reducing churn in your onboarding funnel, and thought I'd reach out. We built a data-enrichment service that helps teams like yours with exactly that. In practice, this usually means less manual work for your team and faster turnaround on the tasks that used to take hours. We've seen teams cut this kind of overhead significantly within the first few weeks, and the setup itself takes less than a day with support from our onboarding team. Happy to share a couple of examples from companies in a similar space if that would help you evaluate whether this is worth exploring further on your end.

Reply with a good time and I'll send a calendar invite.

Best,
the",130,0,1,0,2,0,casual,long,1
fd4a59afed,"Julia, quick question about Tendr Finance","Hello Julia,

I noticed Tendr Finance has been focused on getting more signal from your website traffic, and thought I'd reach out. We built a churn-prediction dashboard that helps teams like yours with exactly that. In practice, this usually means less manual work for your team and faster turnaround on the tasks that used to take hours.

Would you be open to a quick 15-minute call this week?

Best regards,
Alex, Head of Partnerships at Loopwave",79,1,1,0,2,0,formal,medium,0
d8b31f09ca,"Marco, quick question about Bottega Retail","Hi Marco,

I'm reaching out because we help companies like Bottega Retail with automating your lead qualification process. We built a lead-scoring API that a few teams in your space have found useful. In practice, this usually means less manual work for your team and faster turnaround on the tasks that used to take hours. We've seen teams cut this kind of overhead significantly within the first few weeks, and the setup itself takes less than a day with support from our onboarding team. Happy to share a couple of examples from companies in a similar space if that would help you evaluate whether this is worth exploring further on your end.

Anyway, just wanted to share this in case it's useful.

Best regards,
Alex, Head of Partnerships at Loopwave",134,0,0,0,1,0,formal,long,0
889495dc9d,Partnership opportunity,"Hey Daniel,

I'm reaching out because we help companies like Cargopath Logistics with scaling your outbound without losing personalization. We built a lightweight CRM add-on that a few teams in your space have found useful. In practice, this usually means less manual work for your team and faster turnaround on the tasks that used to take hours. We've seen teams cut this kind of overhead significantly within the first few weeks, and the setup itself takes less than a day with support from our onboarding team. Happy to share a couple of examples from companies in a similar space if that would help you evaluate whether this is worth exploring further on your end.

Thanks for reading, and have a great rest of your week. Is this something you would be open to exploring?

Best,
Jamie",139,1,0,0,1,0,casual,long,1
c918deef08,Idea for Streamline Freight's outbound,"Hey Elena,

I noticed Streamline Freight has been focused on scaling your outbound without losing personalization, and thought I'd reach out. We built a lead-scoring API that helps teams like yours with exactly that.

Let me know if you'd like a short demo — happy to work around your schedule.

Best,
Priya",54,0,1,0,2,0,casual,short,1
bd1f436d2a,Following up,"Hello,

We offer a scheduling assistant that helps businesses with cutting the time your team spends on manual data entry. I wanted to see if this might be relevant for your team. In practice, this usually means less manual work for your team and faster turnaround on the tasks that used to take hours.

Let me know if you'd like a short demo — happy to work around your schedule.

Best,
the",72,0,1,0,0,0,casual,medium,1
8766be4560,Quick question,"Hey Sophie,

I'm reaching out because we help companies like Brightloop with getting more signal from your website traffic. We built an AI-based email assistant that a few teams in your space have found useful.

Here's a short demo video if that's easier: https://demo.example.com/28c251 Is this something you would be open to exploring?

Best regards,
Alex, Head of Partnerships at Loopwave",69,1,1,1,1,0,formal,short,1
bd6b7dbc00,Introduction,"Hi David,

I'm reaching out because we help companies like Cascade Analytics with cutting the time your team spends on manual data entry. We built an AI-based email assistant that a few teams in your space have found useful.

Worth a quick chat? I can send over a couple of time slots.

Best regards,
Alex, Head of Partnerships at Loopwave",62,1,1,0,1,0,formal,short,1
24e02f4a33,Idea for Trustline Bank's outbound,"Hello Maya,

I noticed Trustline Bank has been focused on automating your lead qualification process, and thought I'd reach out. We built a lead-scoring API that helps teams like yours with exactly that. In practice, this usually means less manual work for your team and faster turnaround on the tasks that used to take hours.

Would you be open to a quick 15-minute call this week?

Best,
Alex, Head of Partnerships at Loopwave",76,1,1,0,2,0,casual,medium,1
447bf616e5,Introduction,"Hello,

We offer a lightweight CRM add-on that helps businesses with reducing no-shows on booked calls. I wanted to see if this might be relevant for your team.

Worth a quick chat.

Best,
Sarah",36,0,1,0,0,0,casual,short,0
9dfe6046f3,Saw Cascade Analytics's recent growth — quick thought,"Hello Noah,

I noticed Cascade Analytics has been focused on shortening your sales cycle, and thought I'd reach out. We built an AI-based email assistant that helps teams like yours with exactly that. In practice, this usually means less manual work for your team and faster turnaround on the tasks that used to take hours.

Feel free to book a slot here: https://meetings.example.com/e2f996

Best regards,
Alex, Head of Partnerships at Loopwave",77,0,1,1,2,0,formal,medium,1
e8e349ac99,Idea for Bottega Retail's outbound,"Hello Fatima,

I noticed Bottega Retail has been focused on scaling your outbound without losing personalization, and thought I'd reach out. We built an AI-based email assistant that helps teams like yours with exactly that.

Would you be open to a quick 15-minute call this week.

Best,
Priya",51,0,1,0,2,0,casual,short,0
51d9e75f95,Saw Cascade Analytics's recent growth — quick thought,"Hi Lucas,

I noticed Cascade Analytics has been focused on reducing churn in your onboarding funnel, and thought I'd reach out. We built a workflow automation tool that helps teams like yours with exactly that.

No worries either way — just thought I'd reach out.

Best regards,
Alex, Head of Partnerships at Loopwave",54,0,0,0,2,0,formal,short,0
fe7801f280,Introduction,"Good morning,

We offer a workflow automation tool that helps businesses with cutting the time your team spends on manual data entry. I wanted to see if this might be relevant for your team. In practice, this usually means less manual work for your team and faster turnaround on the tasks that used to take hours.

Thanks for reading, and have a great rest of your week. Is this something your team would be open to exploring?

Best regards,
Jamie at Northstar Sales",83,1,0,0,0,0,formal,medium,1
dca25ea6eb,Following up,"Hello Lucas,

I'm reaching out because we help companies like Cura Health with scaling your outbound without losing personalization. We built a lightweight CRM add-on that a few teams in your space have found useful. In practice, this usually means less manual work for your team and faster turnaround on the tasks that used to take hours. We've seen teams cut this kind of overhead significantly within the first few weeks, and the setup itself takes less than a day with support from our onboarding team. Happy to share a couple of examples from companies in a similar space if that would help you evaluate whether this is worth exploring further on your end.

Here's a short demo video if that's easier: https://demo.example.com/8bfc48

Best,
Alex, Head of Partnerships at Loopwave",139,0,1,1,1,0,casual,long,0
088cdae0ce,Partnership opportunity,"Hello Julia,

I'm reaching out because we help companies like Nordica Retail with automating your lead qualification process. We built a lead-scoring API that a few teams in your space have found useful. In practice, this usually means less manual work for your team and faster turnaround on the tasks that used to take hours.

Worth a quick chat.

Best regards,
Priya from DataForge",66,0,1,0,1,0,formal,medium,1
9e3740ad3f,Introduction,"Good morning,

We offer an AI-based email assistant that helps businesses with reducing no-shows on booked calls. I wanted to see if this might be relevant for your team. In practice, this usually means less manual work for your team and faster turnaround on the tasks that used to take hours. We've seen teams cut this kind of overhead significantly within the first few weeks, and the setup itself takes less than a day with support from our onboarding team. Happy to share a couple of examples from companies in a similar space if that would help you evaluate whether this is worth exploring further on your end.

Would you be open to a quick 15-minute call this week?

Best,
Alex, Head of Partnerships at Loopwave",130,1,1,0,0,0,casual,long,0
14d51036f8,"Noah, quick question about Foundry Labs","Hey Noah,

I'm reaching out because we help companies like Foundry Labs with making your onboarding emails feel less robotic. We built a sales-engagement platform that a few teams in your space have found useful.

Let me know if you'd like a short demo — happy to work around your schedule. Is this something you would be open to exploring?

Best,
Jamie",64,1,1,0,1,0,casual,short,1
ef0a977401,Introduction,"To Whom It May Concern,

We offer a data-enrichment service that helps businesses with automating your lead qualification process. I wanted to see if this might be relevant for your team. In practice, this usually means less manual work for your team and faster turnaround on the tasks that used to take hours. We've seen teams cut this kind of overhead significantly within the first few weeks, and the setup itself takes less than a day with support from our onboarding team. Happy to share a couple of examples from companies in a similar space if that would help you evaluate whether this is worth exploring further on your end.

Thanks for reading, and have a great rest of your week. Is this something your team would be open to exploring?

Best,
the",135,1,0,0,0,0,casual,long,0
adc5bd7a8f,Introduction,"Hello Julia,

I'm reaching out because we help companies like Foundry Labs with scaling your outbound without losing personalization. We built a workflow automation tool that a few teams in your space have found useful.

Would you be open to a quick 15-minute call this week.

Best,
the",50,0,1,0,1,0,casual,short,1
fb66ed1763,Idea for Streamline Freight's outbound,"Hey Laura,

I'm reaching out because we help companies like Streamline Freight with reducing churn in your onboarding funnel. We built a workflow automation tool that a few teams in your space have found useful. In practice, this usually means less manual work for your team and faster turnaround on the tasks that used to take hours. We've seen teams cut this kind of overhead significantly within the first few weeks, and the setup itself takes less than a day with support from our onboarding team. Happy to share a couple of examples from companies in a similar space if that would help you evaluate whether this is worth exploring further on your end.

Feel free to book a slot here: https://meetings.example.com/16b751

Best,
Sarah",130,0,1,1,1,0,casual,long,0
ae2c07eb76,Introduction,"Hi there,

We offer a workflow automation tool that helps businesses with cutting the time your team spends on manual data entry. I wanted to see if this might be relevant for your team. In practice, this usually means less manual work for your team and faster turnaround on the tasks that used to take hours.

Can I send over a one-pager, or would a call be easier?

Best,
Sarah",71,1,1,0,0,0,casual,medium,1
8b36df81d2,Helping Cargopath Logistics with scaling your,"Hello David,

I noticed Cargopath Logistics has been focused on scaling your outbound without losing personalization, and thought I'd reach out. We built a data-enrichment service that helps teams like yours with exactly that. In practice, this usually means less manual work for your team and faster turnaround on the tasks that used to take hours. We've seen teams cut this kind of overhead significantly within the first few weeks, and the setup itself takes less than a day with support from our onboarding team. Happy to share a couple of examples from companies in a similar space if that would help you evaluate whether this is worth exploring further on your end.

Feel free to book a slot here: https://meetings.example.com/2a892e

Best regards,
Jamie at Northstar Sales",134,0,1,1,2,0,formal,long,1
2787b8ba4e,Following up,"Good morning,

We offer a lightweight CRM add-on that helps businesses with scaling your outbound without losing personalization. I wanted to see if this might be relevant for your team.

No worries either way — just thought I'd reach out.

Best regards,
Priya from DataForge",46,0,0,0,0,0,formal,short,0
e6f282155c,Introduction,"Good morning,

We offer a lightweight CRM add-on that helps businesses with cutting the time your team spends on manual data entry. I wanted to see if this might be relevant for your team.

Let me know if you'd like a short demo — happy to work around your schedule. Is this something your team would be open to exploring?

Best regards,
Sarah from GrowthPilot",66,1,1,0,0,0,formal,short,1
2b06479bcb,"Sarah, quick question about Cascade Analytics","Hey Sarah,

I'm reaching out because we help companies like Cascade Analytics with getting more signal from your website traffic. We built a workflow automation tool that a few teams in your space have found useful. In practice, this usually means less manual work for your team and faster turnaround on the tasks that used to take hours. We've seen teams cut this kind of overhead significantly within the first few weeks, and the setup itself takes less than a day with support from our onboarding team. Happy to share a couple of examples from companies in a similar space if that would help you evaluate whether this is worth exploring further on your end.

Here's a short demo video if that's easier: https://demo.example.com/5a75df

Best regards,
Priya from DataForge",137,0,1,1,1,0,formal,long,0
70e588340b,URGENT: Don't miss out on this deal,"Hey Chloe,

I noticed Modela has been focused on automating your lead qualification process, and thought I'd reach out. We built a churn-prediction dashboard that helps teams like yours with exactly that. In practice, this usually means less manual work for your team and faster turnaround on the tasks that used to take hours. We've seen teams cut this kind of overhead significantly within the first few weeks, and the setup itself takes less than a day with support from our onboarding team. Happy to share a couple of examples from companies in a similar space if that would help you evaluate whether this is worth exploring further on your end.

Can I send over a one-pager, or would a call be easier?

Best,
Priya",129,1,1,0,2,0,spammy,long,0
980e7495b9,"Elena, quick question about Atelier Commerce","Hi Elena,

I'm reaching out because we help companies like Atelier Commerce with automating your lead qualification process. We built a lightweight CRM add-on that a few teams in your space have found useful. In practice, this usually means less manual work for your team and faster turnaround on the tasks that used to take hours.

Let me know if you'd like a short demo — happy to work around your schedule.

Best,
Priya",76,0,1,0,1,0,casual,medium,0
d488b8e07c,Helping Trustline Bank with improving reply,"Hi Maya,

I noticed Trustline Bank has been focused on improving reply rates on cold outreach, and thought I'd reach out. We built a data-enrichment service that helps teams like yours with exactly that. In practice, this usually means less manual work for your team and faster turnaround on the tasks that used to take hours.

Feel free to book a slot here: https://meetings.example.com/525eeb Is this something you would be open to exploring?

Best regards,
Jamie at Northstar Sales",85,1,1,1,2,0,formal,medium,0
e596ae1576,Partnership opportunity,"Good morning,

We offer a churn-prediction dashboard that helps businesses with scaling your outbound without losing personalization. I wanted to see if this might be relevant for your team. In practice, this usually means less manual work for your team and faster turnaround on the tasks that used to take hours.

Thanks for reading, and have a great rest of your week. Is this something your team would be open to exploring?

Best,
Sarah",75,1,0,0,0,0,casual,medium,1
03c4bcfc80,Helping Inferra with keeping your,"Hey Michael,

I noticed Inferra has been focused on keeping your CRM data clean as you grow, and thought I'd reach out. We built an AI-based email assistant that helps teams like yours with exactly that.

Thanks for reading, and have a great rest of your week.

Best,
Alex, Head of Partnerships at Loopwave",56,0,0,0,2,0,casual,short,1
6038d6eeeb,Checking in,"Good morning,

We offer a churn-prediction dashboard that helps businesses with improving reply rates on cold outreach. I wanted to see if this might be relevant for your team. In practice, this usually means less manual work for your team and faster turnaround on the tasks that used to take hours.

No worries either way — just thought I'd reach out.

Best regards,
the team at Signalfy",68,0,0,0,0,0,formal,medium,0
830e012dc6,Saw Cargopath Logistics's recent growth — quick thought,"Hello Daniel,

I noticed Cargopath Logistics has been focused on improving reply rates on cold outreach, and thought I'd reach out. We built a lightweight CRM add-on that helps teams like yours with exactly that. In practice, this usually means less manual work for your team and faster turnaround on the tasks that used to take hours. We've seen teams cut this kind of overhead significantly within the first few weeks, and the setup itself takes less than a day with support from our onboarding team. Happy to share a couple of examples from companies in a similar space if that would help you evaluate whether this is worth exploring further on your end.

Thanks for reading, and have a great rest of your week. Is this something you would be open to exploring?

Best,
Priya",139,1,0,0,2,0,casual,long,1
a221865f5c,Following up,"To Whom It May Concern,

We offer a scheduling assistant that helps businesses with reducing no-shows on booked calls. I wanted to see if this might be relevant for your team.

Reply with a good time and I'll send a calendar invite.

Best,
the",46,0,1,0,0,0,casual,short,0
5654eb0533,Quick question,"Hi Julia,

I'm reaching out because we help companies like Foundry Labs with reducing churn in your onboarding funnel. We built an AI-based email assistant that a few teams in your space have found useful. In practice, this usually means less manual work for your team and faster turnaround on the tasks that used to take hours.

Can I send over a one-pager, or would a call be easier.

Best,
Sarah",74,0,1,0,1,0,casual,medium,1
810c1775ac,"James, quick question about Cargopath Logistics","Hello James,

I'm reaching out because we help companies like Cargopath Logistics with making your onboarding emails feel less robotic. We built a churn-prediction dashboard that a few teams in your space have found useful. In practice, this usually means less manual work for your team and faster turnaround on the tasks that used to take hours.

Thanks for reading, and have a great rest of your week. Is this something you would be open to exploring?

Best,
Alex, Head of Partnerships at Loopwave",86,1,0,0,1,0,casual,medium,0
66cc2e699f,Following up,"Hi there,

We offer a sales-engagement platform that helps businesses with getting more signal from your website traffic. I wanted to see if this might be relevant for your team. In practice, this usually means less manual work for your team and faster turnaround on the tasks that used to take hours.

Here's a short demo video if that's easier: https://demo.example.com/c45c28 Is this something your team would be open to exploring?

Best regards,
Jamie at Northstar Sales",84,1,1,1,0,0,formal,medium,0
3064100040,Quick question,"Hi there,

We offer a workflow automation tool that helps businesses with getting more signal from your website traffic. I wanted to see if this might be relevant for your team. In practice, this usually means less manual work for your team and faster turnaround on the tasks that used to take hours.

Can I send over a one-pager, or would a call be easier.

Best,
the",68,0,1,0,0,0,casual,medium,0
9e8baafef9,Helping Cascade Analytics with keeping your,"Hi Ravi,

I'm reaching out because we help companies like Cascade Analytics with keeping your CRM data clean as you grow. We built a lead-scoring API that a few teams in your space have found useful.

Can I send over a one-pager, or would a call be easier?

Best regards,
Priya from DataForge",56,1,1,0,1,0,formal,short,1
45874ee372,Idea for Foundry Labs's outbound,"Hello Julia,

I'm reaching out because we help companies like Foundry Labs with shortening your sales cycle. We built an AI-based email assistant that a few teams in your space have found useful.

Feel free to book a slot here: https://meetings.example.com/4eb14f Is this something you would be open to exploring?

Best,
Jamie",58,1,1,1,1,0,casual,short,1
d2a7738088,FINAL NOTICE: Limited time offer,"Hi Michael,

I'm reaching out because we help companies like Cascade Analytics with getting more signal from your website traffic. We built a data-enrichment service that a few teams in your space have found useful.

Can I send over a one-pager, or would a call be easier?

Best,
Alex, Head of Partnerships at Loopwave",57,1,1,0,1,0,spammy,short,1
15cb85d979,Partnership opportunity,"Hello Noah,

I'm reaching out because we help companies like Cura Health with shortening your sales cycle. We built a churn-prediction dashboard that a few teams in your space have found useful. In practice, this usually means less manual work for your team and faster turnaround on the tasks that used to take hours.

Reply with a good time and I'll send a calendar invite. Is this something you would be open to exploring?

Best regards,
Jamie at Northstar Sales",83,1,1,0,1,0,formal,medium,0
f843a22858,"Emma, quick question about Nordica Retail","Hi Emma,

I'm reaching out because we help companies like Nordica Retail with getting more signal from your website traffic. We built an AI-based email assistant that a few teams in your space have found useful. In practice, this usually means less manual work for your team and faster turnaround on the tasks that used to take hours. We've seen teams cut this kind of overhead significantly within the first few weeks, and the setup itself takes less than a day with support from our onboarding team. Happy to share a couple of examples from companies in a similar space if that would help you evaluate whether this is worth exploring further on your end.

Would you be open to a quick 15-minute call this week?

Best regards,
Sarah from GrowthPilot",135,1,1,0,1,0,formal,long,1
06d3dcf367,Amazing opportunity you can't miss!!!,"Hey Laura,

I noticed Cargopath Logistics has been focused on getting more signal from your website traffic, and thought I'd reach out. We built an AI-based email assistant that helps teams like yours with exactly that.

Here's a short demo video if that's easier: https://demo.example.com/335a71

Best,
Priya",55,0,1,1,2,0,spammy,short,1
8aebd15a10,Partnership opportunity,"Hey Nina,

I'm reaching out because we help companies like Payflow with getting more signal from your website traffic. We built a data-enrichment service that a few teams in your space have found useful. In practice, this usually means less manual work for your team and faster turnaround on the tasks that used to take hours. We've seen teams cut this kind of overhead significantly within the first few weeks, and the setup itself takes less than a day with support from our onboarding team. Happy to share a couple of examples from companies in a similar space if that would help you evaluate whether this is worth exploring further on your end.

Anyway, just wanted to share this in case it's useful.

Best regards,
Jamie at Northstar Sales",133,0,0,0,1,0,formal,long,0
4c50bfbd37,Helping Equora Capital with reducing churn,"Hey Priya,

I noticed Equora Capital has been focused on reducing churn in your onboarding funnel, and thought I'd reach out. We built an AI-based email assistant that helps teams like yours with exactly that. In practice, this usually means less manual work for your team and faster turnaround on the tasks that used to take hours.

Anyway, just wanted to share this in case it's useful.

Best,
the",72,0,0,0,2,0,casual,medium,1
bcb4bac2a1,Idea for Trustline Bank's outbound,"Hi Emma,

I'm reaching out because we help companies like Trustline Bank with scaling your outbound without losing personalization. We built a lead-scoring API that a few teams in your space have found useful. In practice, this usually means less manual work for your team and faster turnaround on the tasks that used to take hours. We've seen teams cut this kind of overhead significantly within the first few weeks, and the setup itself takes less than a day with support from our onboarding team. Happy to share a couple of examples from companies in a similar space if that would help you evaluate whether this is worth exploring further on your end.

Feel free to book a slot here: https://meetings.example.com/d057a8

Best,
Alex, Head of Partnerships at Loopwave",135,0,1,1,1,0,casual,long,0
656ac38752,Quick question,"Hello Lucas,

I'm reaching out because we help companies like Streamline Freight with reducing churn in your onboarding funnel. We built a lead-scoring API that a few teams in your space have found useful.

Here's a short demo video if that's easier: https://demo.example.com/17d650 Is this something you would be open to exploring?

Best,
the",62,1,1,1,1,0,casual,short,0
378b66c3d1,Boost your revenue by 300% instantly,"To Whom It May Concern,

We offer a workflow automation tool that helps businesses with reducing churn in your onboarding funnel. I wanted to see if this might be relevant for your team. In practice, this usually means less manual work for your team and faster turnaround on the tasks that used to take hours. We've seen teams cut this kind of overhead significantly within the first few weeks, and the setup itself takes less than a day with support from our onboarding team. Happy to share a couple of examples from companies in a similar space if that would help you evaluate whether this is worth exploring further on your end.

You can grab 15 minutes directly on my calendar: https://cal.example.com/28b20b

Best,
the",129,0,1,1,0,0,spammy,long,0
a9d60596e7,Helping Cascade Analytics with getting more,"Hey Fatima,

I noticed Cascade Analytics has been focused on getting more signal from your website traffic, and thought I'd reach out. We built a lead-scoring API that helps teams like yours with exactly that. In practice, this usually means less manual work for your team and faster turnaround on the tasks that used to take hours.

Feel free to book a slot here: https://meetings.example.com/3fd710 Is this something you would be open to exploring?

Best regards,
the team at Signalfy",86,1,1,1,2,0,formal,medium,0
0ee4231e81,"Laura, quick question about Clarity Health","Hello Laura,

I noticed Clarity Health has been focused on keeping your CRM data clean as you grow, and thought I'd reach out. We built a churn-prediction dashboard that helps teams like yours with exactly that.

Worth a quick chat? I can send over a couple of time slots.

Best,
Priya",53,1,1,0,2,0,casual,short,0
63f420e758,Helping Cascade Analytics with reducing no-shows,"Hey Ravi,

I noticed Cascade Analytics has been focused on reducing no-shows on booked calls, and thought I'd reach out. We built a churn-prediction dashboard that helps teams like yours with exactly that.

Feel free to book a slot here: https://meetings.example.com/66b272

Best regards,
Sarah from GrowthPilot",53,0,1,1,2,0,formal,short,0
96eb2907d5,"Lucas, quick question about Inferra","Hey Lucas,

I noticed Inferra has been focused on reducing no-shows on booked calls, and thought I'd reach out. We built a lightweight CRM add-on that helps teams like yours with exactly that.

Anyway, just wanted to share this in case it's useful. Is this something you would be open to exploring?

Best,
Alex, Head of Partnerships at Loopwave",63,1,0,0,2,0,casual,short,1
de2f484cf3,Checking in,"Hello,

We offer a churn-prediction dashboard that helps businesses with cutting the time your team spends on manual data entry. I wanted to see if this might be relevant for your team. In practice, this usually means less manual work for your team and faster turnaround on the tasks that used to take hours.

You can grab 15 minutes directly on my calendar: https://cal.example.com/b08afb Is this something your team would be open to exploring?

Best,
Alex, Head of Partnerships at Loopwave",86,1,1,1,0,0,casual,medium,0
c42458d43b,FINAL NOTICE: Limited time offer,"Hello Carlos,

I'm reaching out because we help companies like Cascade Analytics with automating your lead qualification process. We built a data-enrichment service that a few teams in your space have found useful. In practice, this usually means less manual work for your team and faster turnaround on the tasks that used to take hours. We've seen teams cut this kind of overhead significantly within the first few weeks, and the setup itself takes less than a day with support from our onboarding team. Happy to share a couple of examples from companies in a similar space if that would help you evaluate whether this is worth exploring further on your end.

Anyway, just wanted to share this in case it's useful.

Best,
Jamie",128,0,0,0,1,0,spammy,long,0
70f3e357b3,Introduction,"Hi Thomas,

I'm reaching out because we help companies like Equora Capital with keeping your CRM data clean as you grow. We built a churn-prediction dashboard that a few teams in your space have found useful. In practice, this usually means less manual work for your team and faster turnaround on the tasks that used to take hours. We've seen teams cut this kind of overhead significantly within the first few weeks, and the setup itself takes less than a day with support from our onboarding team. Happy to share a couple of examples from companies in a similar space if that would help you evaluate whether this is worth exploring further on your end.

Would you be open to a quick 15-minute call this week?

Best,
Priya",132,1,1,0,1,0,casual,long,1
2b6a8f57ab,Quick question,"To Whom It May Concern,

We offer a sales-engagement platform that helps businesses with reducing churn in your onboarding funnel. I wanted to see if this might be relevant for your team. In practice, this usually means less manual work for your team and faster turnaround on the tasks that used to take hours.

No worries either way — just thought I'd reach out.

Best regards,
Sarah from GrowthPilot",70,0,0,0,0,0,formal,medium,0
96cb92a604,"Fatima, quick question about Northpay","Hey Fatima,

I noticed Northpay has been focused on cutting the time your team spends on manual data entry, and thought I'd reach out. We built a lead-scoring API that helps teams like yours with exactly that.

Thanks for reading, and have a great rest of your week.

Best regards,
the team at Signalfy",56,0,0,0,2,0,formal,short,1
9ee3f397fe,Idea for Bottega Retail's outbound,"Hello Ravi,

I noticed Bottega Retail has been focused on scaling your outbound without losing personalization, and thought I'd reach out. We built a lightweight CRM add-on that helps teams like yours with exactly that. In practice, this usually means less manual work for your team and faster turnaround on the tasks that used to take hours. We've seen teams cut this kind of overhead significantly within the first few weeks, and the setup itself takes less than a day with support from our onboarding team. Happy to share a couple of examples from companies in a similar space if that would help you evaluate whether this is worth exploring further on your end.

You can grab 15 minutes directly on my calendar: https://cal.example.com/d79f02

Best regards,
the team at Signalfy",137,0,1,1,2,0,formal,long,0
602cea484d,Checking in,"Good morning,

We offer a data-enrichment service that helps businesses with cutting the time your team spends on manual data entry. I wanted to see if this might be relevant for your team.

Anyway, just wanted to share this in case it's useful.

Best,
Sarah",47,0,0,0,0,0,casual,short,0
9315e90728,Checking in,"Hey Lucas,

I'm reaching out because we help companies like Cascade Analytics with making your onboarding emails feel less robotic. We built a workflow automation tool that a few teams in your space have found useful.

Reply with a good time and I'll send a calendar invite. Is this something you would be open to exploring?

Best,
Sarah",60,1,1,0,1,0,casual,short,1
985aac5ed4,Idea for Bottega Retail's outbound,"Hi Thomas,

I noticed Bottega Retail has been focused on shortening your sales cycle, and thought I'd reach out. We built a churn-prediction dashboard that helps teams like yours with exactly that.

Would you be open to a quick 15-minute call this week.

Best,
Jamie",48,0,1,0,2,0,casual,short,1
35f0943554,Checking in,"Hello,

We offer a scheduling assistant that helps businesses with getting more signal from your website traffic. I wanted to see if this might be relevant for your team. In practice, this usually means less manual work for your team and faster turnaround on the tasks that used to take hours.

Feel free to book a slot here: https://meetings.example.com/0c271a Is this something your team would be open to exploring?

Best regards,
the team at Signalfy",79,1,1,1,0,0,formal,medium,1
6b5a4d4642,"Wei, quick question about Atelier Commerce","Hello Wei,

I noticed Atelier Commerce has been focused on making your onboarding emails feel less robotic, and thought I'd reach out. We built a data-enrichment service that helps teams like yours with exactly that.

Worth a quick chat? I can send over a couple of time slots.

Best regards,
Alex, Head of Partnerships at Loopwave",58,1,1,0,2,0,formal,short,1
36f22ad52a,Partnership opportunity,"Hi Maya,

I'm reaching out because we help companies like Medisync Health with reducing no-shows on booked calls. We built an AI-based email assistant that a few teams in your space have found useful.

Would you be open to a quick 15-minute call this week.

Best,
Alex, Head of Partnerships at Loopwave",56,0,1,0,1,0,casual,short,0
d237cb3454,Boost your revenue by 300% instantly,"Hi Nina,

I'm reaching out because we help companies like Foundry Labs with reducing no-shows on booked calls. We built a lead-scoring API that a few teams in your space have found useful. In practice, this usually means less manual work for your team and faster turnaround on the tasks that used to take hours.

You can grab 15 minutes directly on my calendar: https://cal.example.com/04babe Is this something you would be open to exploring?

Best,
the",83,1,1,1,1,0,spammy,medium,1
9f056fad6d,"Sarah, quick question about Atelier Commerce","Hello Sarah,

I'm reaching out because we help companies like Atelier Commerce with improving reply rates on cold outreach. We built a scheduling assistant that a few teams in your space have found useful.

Would you be open to a quick 15-minute call this week?

Best regards,
Jamie at Northstar Sales",53,1,1,0,1,0,formal,short,0
03a177c288,Saw Inferra's recent growth — quick thought,"Hi Elena,

I'm reaching out because we help companies like Inferra with shortening your sales cycle. We built a scheduling assistant that a few teams in your space have found useful. In practice, this usually means less manual work for your team and faster turnaround on the tasks that used to take hours.

No worries either way — just thought I'd reach out. Is this something you would be open to exploring?

Best,
the",75,1,0,0,1,0,casual,medium,1
bc2dd53b72,Amazing opportunity you can't miss!!!,"Hi there,

We offer a workflow automation tool that helps businesses with keeping your CRM data clean as you grow. I wanted to see if this might be relevant for your team. In practice, this usually means less manual work for your team and faster turnaround on the tasks that used to take hours. We've seen teams cut this kind of overhead significantly within the first few weeks, and the setup itself takes less than a day with support from our onboarding team. Happy to share a couple of examples from companies in a similar space if that would help you evaluate whether this is worth exploring further on your end.

Let me know if you'd like a short demo — happy to work around your schedule. Is this something your team would be open to exploring?

Best,
Jamie",140,1,1,0,0,0,spammy,long,0
e50ea7d28f,URGENT: Don't miss out on this deal,"Hello James,

I noticed Streamline Freight has been focused on getting more signal from your website traffic, and thought I'd reach out. We built a workflow automation tool that helps teams like yours with exactly that.

Would you be open to a quick 15-minute call this week?

Best,
Alex, Head of Partnerships at Loopwave",56,1,1,0,2,0,spammy,short,1
4a5c1506ef,URGENT: Don't miss out on this deal,"To Whom It May Concern,

We offer a scheduling assistant that helps businesses with cutting the time your team spends on manual data entry. I wanted to see if this might be relevant for your team.

Would you be open to a quick 15-minute call this week.

Best,
the",50,0,1,0,0,0,spammy,short,0
ea10cf3f81,Helping Tendr Finance with scaling your,"Hi Daniel,

I'm reaching out because we help companies like Tendr Finance with scaling your outbound without losing personalization. We built a sales-engagement platform that a few teams in your space have found useful. In practice, this usually means less manual work for your team and faster turnaround on the tasks that used to take hours.

Thanks for reading, and have a great rest of your week. Is this something you would be open to exploring?

Best regards,
the team at Signalfy",84,1,0,0,1,0,formal,medium,1
fe3a2d8c3e,Following up,"Hi there,

We offer a lead-scoring API that helps businesses with reducing no-shows on booked calls. I wanted to see if this might be relevant for your team.

No worries either way — just thought I'd reach out.

Best,
Sarah",42,0,0,0,0,0,casual,short,1
742a6ba96a,Checking in,"Hello Anna,

I'm reaching out because we help companies like Trustline Bank with improving reply rates on cold outreach. We built a data-enrichment service that a few teams in your space have found useful. In practice, this usually means less manual work for your team and faster turnaround on the tasks that used to take hours.

Can I send over a one-pager, or would a call be easier?

Best regards,
Priya from DataForge",76,1,1,0,1,0,formal,medium,1
726e668063,Partnership opportunity,"Hi Emma,

I'm reaching out because we help companies like Equora Capital with scaling your outbound without losing personalization. We built a workflow automation tool that a few teams in your space have found useful.

Would you be open to a quick 15-minute call this week?

Best regards,
Priya from DataForge",53,1,1,0,1,0,formal,short,1
9314c76e97,Helping Equora Capital with cutting the,"Hello Julia,

I noticed Equora Capital has been focused on cutting the time your team spends on manual data entry, and thought I'd reach out. We built an AI-based email assistant that helps teams like yours with exactly that. In practice, this usually means less manual work for your team and faster turnaround on the tasks that used to take hours.

No worries either way — just thought I'd reach out. Is this something you would be open to exploring?

Best,
the",84,1,0,0,2,0,casual,medium,0
719f024d39,Checking in,"Hello Maya,

I'm reaching out because we help companies like Brightloop with keeping your CRM data clean as you grow. We built a lightweight CRM add-on that a few teams in your space have found useful. In practice, this usually means less manual work for your team and faster turnaround on the tasks that used to take hours.

Reply with a good time and I'll send a calendar invite. Is this something you would be open to exploring?

Best regards,
Priya from DataForge",86,1,1,0,1,0,formal,medium,0
e291eab32a,Quick question,"To Whom It May Concern,

We offer an AI-based email assistant that helps businesses with scaling your outbound without losing personalization. I wanted to see if this might be relevant for your team. In practice, this usually means less manual work for your team and faster turnaround on the tasks that used to take hours. We've seen teams cut this kind of overhead significantly within the first few weeks, and the setup itself takes less than a day with support from our onboarding team. Happy to share a couple of examples from companies in a similar space if that would help you evaluate whether this is worth exploring further on your end.

Anyway, just wanted to share this in case it's useful. Is this something your team would be open to exploring?

Best,
Sarah",137,1,0,0,0,0,casual,long,0
