id,company,role,location,source_url,notes,email,email_source,email_verified,score,segment,insights,replied
c4995965f0f2,Inferra Labs,VP Sales,"Dubai, UAE",https://techcrunch.com/inferra-raises-1723m-seriesc,Secured £172.3M (Series C) to accelerate growth,mariam.hassan@inferra.com,google,True,64,warm,"{""recent_news"": ""Inferra Labs expanded into a new market in 2025 following its Series C raise."", ""person_highlights"": ""Mariam Hassan co-founded Inferra Labs and now serves as VP Sales."", ""company_challenge"": ""The company is focused on turning a strong research demo into a reliable production platform."", ""tech_stack"": ""Go microservices with a vector database for retrieval"", ""icebreaker"": ""I noticed Inferra Labs has been expanding its team this year."", ""value_angle"": ""We could accelerate their road from research prototype to production-grade platform.""}",1
351a2bad1188,Synth.ai,VP of Engineering,"New York, New York, United States",https://techfundingnews.com/synth-raises-61m-seed,Closed a £6.1M seed round in 2023,megan.thompson@synth.com,scraping,True,96,hot,"{""recent_news"": ""Synth.ai expanded into a new market in 2023 following its seed raise."", ""person_highlights"": ""Megan Thompson is the VP of Engineering at Synth.ai and leads its technology and product direction."", ""company_challenge"": ""The company is focused on expanding from a single-product wedge into a broader platform."", ""tech_stack"": ""Go microservices with a vector database for retrieval"", ""icebreaker"": ""Impressed by Synth.ai's momentum since the seed round."", ""value_angle"": ""We could give them observability across model pipelines and dependencies.""}",0
ae16aa1b7f9d,Tendr.io,VP of Finance,Singapore,https://techfundingnews.com/tendr-raises-68m-seed,Announced $6.8M seed financing in 2024,mkoh@tendr.ai,pattern,False,95,hot,,1
500590db5c61,Nordica Retail,VP Sales,"Turin, Italy",https://tech.eu/nordica-raises-48m-seed,Raised $4.8M in seed funding in 2023,sbianchi@nordica.io,google,True,96,hot,,0
fec138f64e2d,Marqo,Chief Digital Officer,Singapore,https://theverge.com/marqo-raises-154m-seriesa,Raised $15.4M in Series A funding in 2025,kai.teo@marqo.sg,pattern,False,73,warm,"{""recent_news"": ""Marqo launched a new product line in 2025 aimed at enterprise customers."", ""person_highlights"": ""Kai Teo joined Marqo as Chief Digital Officer after senior roles at larger technology firms."", ""company_challenge"": ""The company is focused on unifying online and in-store customer data into one view."", ""tech_stack"": ""Salesforce commerce cloud and a segment data layer"", ""icebreaker"": ""I noticed Marqo has been expanding its team this year."", ""value_angle"": ""We could lift mobile conversion with faster, personalized storefront experiences.""}",0
673da8f2f6a7,Cascade AI,CTO,"Munich, Germany",https://businessinsider.com/cascade-raises-771m-seriesb,Secured $77.1M (Series B) to accelerate growth,lena.brandt@cascade.io,google,True,60,warm,"{""recent_news"": ""Cascade AI announced a strategic partnership in 2024 to broaden distribution."", ""person_highlights"": ""Lena Brandt joined Cascade AI as CTO after senior roles at larger technology firms."", ""company_challenge"": ""The company is focused on reducing inference latency while controlling GPU spend."", ""tech_stack"": ""Go microservices with a vector database for retrieval"", ""icebreaker"": ""Impressed by Cascade AI's momentum since the Series B round."", ""value_angle"": ""We could give them observability across model pipelines and dependencies.""}",1
bc578145f663,Coinbridge,HR Director,"London, UK",https://businessinsider.com/coinbridge-raises-33m-seed,Closed a £3.3M seed round in 2025,joseph.roberts@coinbridge.ai,google,False,4,cold,,0
997351ee628c,Solène Retail,CMO,"Turin, Italy",https://sifted.eu/solene-raises-651m-seriesb,Closed a $65.1M Series B round in 2023,alessandro.e@solene.com,google,False,88,hot,"{""recent_news"": ""Solène Retail announced a strategic partnership in 2023 to broaden distribution."", ""person_highlights"": ""Alessandro Esposito joined Solène Retail as CMO after senior roles at larger technology firms."", ""company_challenge"": ""The company is focused on growing retail-media revenue from its e-commerce traffic."", ""tech_stack"": ""Sap commerce with a headless react front end"", ""icebreaker"": ""Saw that Solène Retail recently shipped a notable product update."", ""value_angle"": ""We could tie loyalty data back to media spend for cleaner attribution.""}",1
cbf3032fc313,Bioloop Med,People Operations Lead,Berlin,https://techfundingnews.com/bioloop-raises-15m-preseed,Announced €1.5M pre-seed financing in 2024,magnus.h@bioloop.io,google,False,10,cold,"{""recent_news"": ""Bioloop Med announced a strategic partnership in 2024 to broaden distribution."", ""person_highlights"": ""Magnus Hoffmann joined Bioloop Med as People Operations Lead after senior roles at larger technology firms."", ""company_challenge"": ""The company is focused on scaling a telehealth platform to handle peak demand."", ""tech_stack"": ""A react native app backed by a node.js care-coordination api"", ""icebreaker"": ""I noticed Bioloop Med has been expanding its team this year."", ""value_angle"": ""We could reduce clinician admin time with automated documentation.""}",0
6a01b5860e51,Nordica,Head of Retail Media (Digital),London,https://linkedin.com/nordica-raises-14m-preseed,Closed a €1.4M pre-seed round in 2025,freya.evans@nordica.co.uk,hunter,True,67,warm,"{""recent_news"": ""Nordica raised €1.4M in a pre-seed round in 2025."", ""person_highlights"": ""Freya Evans co-founded Nordica and now serves as Head of Retail Media (Digital)."", ""company_challenge"": ""The company is focused on personalizing offers without a clean first-party data foundation."", ""tech_stack"": ""Salesforce commerce cloud and a segment data layer"", ""icebreaker"": ""I noticed Nordica has been expanding its team this year."", ""value_angle"": ""We could stand up a retail-media offering that monetizes existing traffic.""}",0
fc5d2361134a,Yield Capital,CTO,"Munich, Germany",https://linkedin.com/yield-raises-128m-seriesa,Secured $12.8M (Series A) to accelerate growth,magnus@yield.ai,google,True,56,warm,"{""recent_news"": ""Yield Capital raised $12.8M in a Series A round in 2025."", ""person_highlights"": ""Magnus Köhler, CTO at Yield Capital, has spoken publicly about scaling engineering teams."", ""company_challenge"": ""The company is focused on meeting tightening compliance requirements across new markets."", ""tech_stack"": ""Node.js, postgres, and a real-time fraud-scoring engine"", ""icebreaker"": ""Saw that Yield Capital recently shipped a notable product update."", ""value_angle"": ""We could lower their fraud rate while protecting conversion at checkout.""}",1
77267878ef2b,Loadly Freight,VP of Sales,"Rome, Italy",https://theverge.com/loadly-raises-56m-seed,Closed a €5.6M seed round in 2024,andrea.marino@loadly.com,google,True,52,warm,"{""recent_news"": ""Loadly Freight announced a strategic partnership in 2024 to broaden distribution."", ""person_highlights"": ""Andrea Marino is the VP of Sales at Loadly Freight and leads its technology and product direction."", ""company_challenge"": ""The company is focused on giving customers real-time visibility into shipments."", ""tech_stack"": ""A route-optimization engine in python with postgis"", ""icebreaker"": ""I noticed Loadly Freight has been expanding its team this year."", ""value_angle"": ""We could cut last-mile cost with smarter route optimization.""}",1
76fb36b46504,Bottega Stores,Country HR Director,France,https://eu-startups.com/bottega-raises-75m-seed,Closed a £7.5M seed round in 2024,hugo.lefebvre@bottega.ai,pattern,False,39,cold,"{""recent_news"": ""Bottega Stores raised £7.5M in a seed round in 2024."", ""person_highlights"": ""Hugo Lefebvre joined Bottega Stores as Country HR Director after senior roles at larger technology firms."", ""company_challenge"": ""The company is focused on personalizing offers without a clean first-party data foundation."", ""tech_stack"": ""A homegrown commerce stack on aws with a snowflake warehouse"", ""icebreaker"": ""I noticed Bottega Stores has been expanding its team this year."", ""value_angle"": ""We could stand up a retail-media offering that monetizes existing traffic.""}",0
bb8927c4f6c8,Linea,Regional Vice President of Sales,Singapore,https://techcrunch.com/linea-raises-1679m-seriesc,Secured €167.9M (Series C) to accelerate growth,ravi@linea.ai,google,True,69,warm,,0
8442425d6521,Inferra AI,VP of Engineering,"New York, New York, United States",https://linkedin.com/inferra-raises-288m-seriesb,Secured €28.8M (Series B) to accelerate growth,emily@inferra.com,google,False,64,warm,"{""recent_news"": ""Inferra AI raised €28.8M in a Series B round in 2026."", ""person_highlights"": ""Emily Robinson, VP of Engineering at Inferra AI, has spoken publicly about scaling engineering teams."", ""company_challenge"": ""The company is focused on turning a strong research demo into a reliable production platform."", ""tech_stack"": ""A gpu-accelerated training stack on aws with custom orchestration"", ""icebreaker"": ""Saw that Inferra AI recently shipped a notable product update."", ""value_angle"": ""We could automate evaluation so they can ship model updates with confidence.""}",0
94e7a980f4d2,Boutiq Stores,VP Sales,Dubai,https://businessinsider.com/boutiq-raises-159m-seriesa,Closed a £15.9M Series A round in 2025,saeed.farsi@boutiq.com,pattern,True,38,cold,"{""recent_news"": ""Boutiq Stores expanded into a new market in 2025 following its Series A raise."", ""person_highlights"": ""Saeed Farsi is the VP Sales at Boutiq Stores and leads its technology and product direction."", ""company_challenge"": ""The company is focused on personalizing offers without a clean first-party data foundation."", ""tech_stack"": ""Salesforce commerce cloud and a segment data layer"", ""icebreaker"": ""Congrats on Boutiq Stores's £15.9M Series A round earlier in 2025."", ""value_angle"": ""We could lift mobile conversion with faster, personalized storefront experiences.""}",0
03b12a5d4c0e,Mindstack Labs,HRBP Lead,"Dubai, UAE",https://sifted.eu/mindstack-raises-14m-preseed,Announced £1.4M pre-seed financing in 2023,hamza@mindstack.com,google,True,61,warm,,0
815f80900485,Ledgr Bank,CTO,"San Francisco, CA, United States",https://trendingtopics.eu/ledgr-raises-743m-seriesb,Announced £74.3M Series B financing in 2026,jgarcia@ledgr.co,pattern,False,98,hot,"{""recent_news"": ""Ledgr Bank expanded into a new market in 2026 following its Series B raise."", ""person_highlights"": ""Jordan Garcia, CTO at Ledgr Bank, has spoken publicly about scaling engineering teams."", ""company_challenge"": ""The company is focused on differentiating in a crowded payments market."", ""tech_stack"": ""Node.js, postgres, and a real-time fraud-scoring engine"", ""icebreaker"": ""Saw that Ledgr Bank recently shipped a notable product update."", ""value_angle"": ""We could sharpen their go-to-market message in a crowded category.""}",1
f6b712aa78f1,Inferra,CTO,Singapore,https://linkedin.com/inferra-raises-05m-preseed,Announced €0.5M pre-seed financing in 2025,aaron@inferra.ai,google,True,81,warm,"{""recent_news"": ""Inferra raised €0.5M in a pre-seed round in 2025."", ""person_highlights"": ""Aaron Ng co-founded Inferra and now serves as CTO."", ""company_challenge"": ""The company is focused on expanding from a single-product wedge into a broader platform."", ""tech_stack"": ""Python, pytorch, kubernetes, and a multi-tenant inference layer"", ""icebreaker"": ""Saw that Inferra recently shipped a notable product update."", ""value_angle"": ""We could give them observability across model pipelines and dependencies.""}",1
f3a85d20c511,Stowe Systems,VP of Sales,France,https://tech.eu/stowe-raises-14m-preseed,Raised £1.4M in pre-seed funding in 2025,juliette.f@stowe.fr,google,False,39,cold,"{""recent_news"": ""Stowe Systems expanded into a new market in 2025 following its pre-seed raise."", ""person_highlights"": ""Juliette Fontaine co-founded Stowe Systems and now serves as VP of Sales."", ""company_challenge"": ""The company is focused on optimizing last-mile routing to cut delivery cost."", ""tech_stack"": ""A route-optimization engine in python with postgis"", ""icebreaker"": ""Saw that Stowe Systems recently shipped a notable product update."", ""value_angle"": ""We could forecast demand so warehouses staff to the right level.""}",0
04402a685878,Monetar Capital,CMO,"Munich, Germany",https://sifted.eu/monetar-raises-28m-seed,Closed a $2.8M seed round in 2023,sebastian.hoffmann@monetar.com,google,True,86,hot,,1
26b70e06281e,Boutiq Stores,Head of Digital,Dubai,https://tech.eu/boutiq-raises-20m-seed,Closed a €2.0M seed round in 2026,saeed.rahman@boutiq.ai,hunter,False,97,hot,"{""recent_news"": ""Boutiq Stores launched a new product line in 2026 aimed at enterprise customers."", ""person_highlights"": ""Saeed Rahman is the Head of Digital at Boutiq Stores and leads its technology and product direction."", ""company_challenge"": ""The company is focused on unifying online and in-store customer data into one view."", ""tech_stack"": ""Salesforce commerce cloud and a segment data layer"", ""icebreaker"": ""Impressed by Boutiq Stores's momentum since the seed round."", ""value_angle"": ""We could stand up a retail-media offering that monetizes existing traffic.""}",1
2168d3d0c489,Maison Stores,Country HR Director,Singapore,https://techfundingnews.com/maison-raises-1390m-seriesc,Raised €139.0M in Series C funding in 2024,nng@maison.com,google,False,99,hot,"{""recent_news"": ""Maison Stores expanded into a new market in 2024 following its Series C raise."", ""person_highlights"": ""Nadia Ng co-founded Maison Stores and now serves as Country HR Director."", ""company_challenge"": ""The company is focused on growing retail-media revenue from its e-commerce traffic."", ""tech_stack"": ""Salesforce commerce cloud and a segment data layer"", ""icebreaker"": ""Congrats on Maison Stores's €139.0M Series C round earlier in 2024."", ""value_angle"": ""We could tie loyalty data back to media spend for cleaner attribution.""}",0
063240d4be5b,Mindstack,VP of Engineering,"Rome, Italy",https://theverge.com/mindstack-raises-04m-preseed,Announced €0.4M pre-seed financing in 2024,riccardo.r@mindstack.ai,google,False,100,hot,"{""recent_news"": ""Mindstack launched a new product line in 2024 aimed at enterprise customers."", ""person_highlights"": ""Riccardo Rossi co-founded Mindstack and now serves as VP of Engineering."", ""company_challenge"": ""The company is focused on turning a strong research demo into a reliable production platform."", ""tech_stack"": ""A gpu-accelerated training stack on aws with custom orchestration"", ""icebreaker"": ""Saw that Mindstack recently shipped a notable product update."", ""value_angle"": ""We could give them observability across model pipelines and dependencies.""}",0
21becec33fdc,Inferra Labs,VP of Engineering,"Dubai, UAE",https://techfundingnews.com/inferra-raises-34m-seed,Closed a $3.4M seed round in 2024,yousef.a@inferra.ai,google,False,94,hot,,1
2836c0a32378,Cortex Systems,Chief Technology Officer,"Manchester, UK",https://tech.eu/cortex-raises-13m-preseed,Announced €1.3M pre-seed financing in 2025,lucy.b@cortex.co.uk,pattern,True,16,cold,"{""recent_news"": ""Cortex Systems raised €1.3M in a pre-seed round in 2025."", ""person_highlights"": ""Lucy Brown joined Cortex Systems as Chief Technology Officer after senior roles at larger technology firms."", ""company_challenge"": ""The company is focused on reducing inference latency while controlling GPU spend."", ""tech_stack"": ""Go microservices with a vector database for retrieval"", ""icebreaker"": ""Congrats on Cortex Systems's €1.3M pre-seed round earlier in 2025."", ""value_angle"": ""We could accelerate their road from research prototype to production-grade platform.""}",0
3e5ba6d91b9b,Nimbo Systems,Chief Technology Officer,Singapore,https://sifted.eu/nimbo-raises-32m-seed,Closed a $3.2M seed round in 2023,team@nimbo.io,generic,False,88,hot,,0
b555355c84cc,Tensor Cloud,Chief Technology Officer,Singapore,https://techfundingnews.com/tensor-raises-10m-preseed,Closed a €1.0M pre-seed round in 2026,daniel@tensor.com,google,False,91,hot,"{""recent_news"": ""Tensor Cloud raised €1.0M in a pre-seed round in 2026."", ""person_highlights"": ""Daniel Ong is the Chief Technology Officer at Tensor Cloud and leads its technology and product direction."", ""company_challenge"": ""The company is focused on reducing inference latency while controlling GPU spend."", ""tech_stack"": ""Go microservices with a vector database for retrieval"", ""icebreaker"": ""Saw that Tensor Cloud recently shipped a notable product update."", ""value_angle"": ""We could automate evaluation so they can ship model updates with confidence.""}",1
6f3b1997297f,Linea Group,Head of Retail Media (Digital),Singapore,https://linkedin.com/linea-raises-15m-preseed,Secured £1.5M (pre-seed) to accelerate growth,jun.iskandar@linea.io,pattern,False,36,cold,,0
88101c787327,Fundwise Finance,CMO,France,https://trendingtopics.eu/fundwise-raises-409m-seriesb,Raised £40.9M in Series B funding in 2025,jdubois@fundwise.com,google,True,78,warm,,1
44d7ac59f59f,Orbital Systems,Head of AI,Berlin,https://techcrunch.com/orbital-raises-734m-seriesb,Raised €73.4M in Series B funding in 2025,sophie.w@orbital.io,pattern,False,60,warm,"{""recent_news"": ""Orbital Systems expanded into a new market in 2025 following its Series B raise."", ""person_highlights"": ""Sophie Weber joined Orbital Systems as Head of AI after senior roles at larger technology firms."", ""company_challenge"": ""The company is focused on turning a strong research demo into a reliable production platform."", ""tech_stack"": ""Python, pytorch, kubernetes, and a multi-tenant inference layer"", ""icebreaker"": ""Impressed by Orbital Systems's momentum since the Series B round."", ""value_angle"": ""We could help them cut inference costs while keeping latency low at enterprise scale.""}",0
415b050dcf41,Freightly Supply,Head of Digital,Berlin,https://techfundingnews.com/freightly-raises-1918m-seriesc,Raised $191.8M in Series C funding in 2024,johanna.b@freightly.de,google,True,97,hot,"{""recent_news"": ""Freightly Supply announced a strategic partnership in 2024 to broaden distribution."", ""person_highlights"": ""Johanna Brandt, Head of Digital at Freightly Supply, has spoken publicly about scaling engineering teams."", ""company_challenge"": ""The company is focused on digitizing a paper-heavy freight-booking process."", ""tech_stack"": ""A route-optimization engine in python with postgis"", ""icebreaker"": ""Saw that Freightly Supply recently shipped a notable product update."", ""value_angle"": ""We could digitize freight booking to remove manual back-and-forth.""}",0
bf1a220ff676,Solène Retail,Head of Digital,"Toulouse, France",https://vestbee.com/solene-raises-207m-seriesa,Announced $20.7M Series A financing in 2026,manon@solene.com,hunter,True,78,warm,"{""recent_news"": ""Solène Retail expanded into a new market in 2026 following its Series A raise."", ""person_highlights"": ""Manon Michel co-founded Solène Retail and now serves as Head of Digital."", ""company_challenge"": ""The company is focused on unifying online and in-store customer data into one view."", ""tech_stack"": ""Sap commerce with a headless react front end"", ""icebreaker"": ""Saw that Solène Retail recently shipped a notable product update."", ""value_angle"": ""We could unify their customer data so campaigns target the right shoppers.""}",1
764a64a58675,Equora Capital,CMO,"Milan, Italy",https://businessinsider.com/equora-raises-1636m-seriesc,Announced £163.6M Series C financing in 2024,fferrari@equora.com,scraping,False,95,hot,,1
b0b2341f2d69,Verde Retail,Chief Marketing Officer,Singapore,https://linkedin.com/verde-raises-153m-seriesa,Announced €15.3M Series A financing in 2024,,,False,18,cold,"{""recent_news"": ""Verde Retail expanded into a new market in 2024 following its Series A raise."", ""person_highlights"": ""Hui Nair joined Verde Retail as Chief Marketing Officer after senior roles at larger technology firms."", ""company_challenge"": ""The company is focused on improving e-commerce conversion on mobile."", ""tech_stack"": ""A shopify plus storefront with a custom cdp integration"", ""icebreaker"": ""Impressed by Verde Retail's momentum since the Series A round."", ""value_angle"": ""We could lift mobile conversion with faster, personalized storefront experiences.""}",0
079ce33cf4c1,Aria Stores,VP Sales,"Manchester, UK",https://sifted.eu/aria-raises-630m-seriesb,Secured €63.0M (Series B) to accelerate growth,,,False,37,cold,"{""recent_news"": ""Aria Stores announced a strategic partnership in 2025 to broaden distribution."", ""person_highlights"": ""James Green is the VP Sales at Aria Stores and leads its technology and product direction."", ""company_challenge"": ""The company is focused on improving e-commerce conversion on mobile."", ""tech_stack"": ""A homegrown commerce stack on aws with a snowflake warehouse"", ""icebreaker"": ""Saw that Aria Stores recently shipped a notable product update."", ""value_angle"": ""We could stand up a retail-media offering that monetizes existing traffic.""}",0
a4db68681c02,Stride.ai,HR Director,"Austin, TX, United States",https://techfundingnews.com/stride-raises-56m-seed,Raised £5.6M in seed funding in 2026,megan@stride.io,scraping,True,93,hot,"{""recent_news"": ""Stride.ai raised £5.6M in a seed round in 2026."", ""person_highlights"": ""Megan Young, HR Director at Stride.ai, has spoken publicly about scaling engineering teams."", ""company_challenge"": ""The company is focused on reducing inference latency while controlling GPU spend."", ""tech_stack"": ""Python, pytorch, kubernetes, and a multi-tenant inference layer"", ""icebreaker"": ""Saw that Stride.ai recently shipped a notable product update."", ""value_angle"": ""We could give them observability across model pipelines and dependencies.""}",0
001f7fa4ef4e,Loop Systems,VP of Engineering,"Lyon, France",https://businessinsider.com/loop-raises-71m-seed,Announced $7.1M seed financing in 2026,mmoreau@loop.com,hunter,True,56,warm,"{""recent_news"": ""Loop Systems announced a strategic partnership in 2026 to broaden distribution."", ""person_highlights"": ""Mathis Moreau is the VP of Engineering at Loop Systems and leads its technology and product direction."", ""company_challenge"": ""The company is focused on turning a strong research demo into a reliable production platform."", ""tech_stack"": ""Python, pytorch, kubernetes, and a multi-tenant inference layer"", ""icebreaker"": ""Impressed by Loop Systems's momentum since the seed round."", ""value_angle"": ""We could give them observability across model pipelines and dependencies.""}",0
6ae77ff627fe,Étoile Stores,Chief Marketing Officer,Dubai,https://techcrunch.com/etoile-raises-190m-seriesa,Closed a £19.0M Series A round in 2023,rsharif@etoile.ae,pattern,True,81,warm,"{""recent_news"": ""Étoile Stores launched a new product line in 2023 aimed at enterprise customers."", ""person_highlights"": ""Rashid Sharif co-founded Étoile Stores and now serves as Chief Marketing Officer."", ""company_challenge"": ""The company is focused on unifying online and in-store customer data into one view."", ""tech_stack"": ""A shopify plus storefront with a custom cdp integration"", ""icebreaker"": ""I noticed Étoile Stores has been expanding its team this year."", ""value_angle"": ""We could lift mobile conversion with faster, personalized storefront experiences.""}",1
2178fd34f6f1,Streamline Capital,CTO,Germany,https://techcrunch.com/streamline-raises-173m-seriesa,Secured $17.3M (Series A) to accelerate growth,jneumann@streamline.de,google,True,75,warm,"{""recent_news"": ""Streamline Capital expanded into a new market in 2026 following its Series A raise."", ""person_highlights"": ""Johanna Neumann is the CTO at Streamline Capital and leads its technology and product direction."", ""company_challenge"": ""The company is focused on differentiating in a crowded payments market."", ""tech_stack"": ""Java, kafka, and a pci-compliant ledger service"", ""icebreaker"": ""I noticed Streamline Capital has been expanding its team this year."", ""value_angle"": ""We could lower their fraud rate while protecting conversion at checkout.""}",1
2e00f8d5b0a3,Loop Systems,People Operations Lead,Singapore,https://crunchbase.com/loop-raises-1351m-seriesc,Raised $135.1M in Series C funding in 2024,jia@loop.ai,google,False,61,warm,"{""recent_news"": ""Loop Systems expanded into a new market in 2024 following its Series C raise."", ""person_highlights"": ""Jia Chua is the People Operations Lead at Loop Systems and leads its technology and product direction."", ""company_challenge"": ""The company is focused on turning a strong research demo into a reliable production platform."", ""tech_stack"": ""Typescript, postgres, and a ray-based training pipeline"", ""icebreaker"": ""Saw that Loop Systems recently shipped a notable product update."", ""value_angle"": ""We could help them cut inference costs while keeping latency low at enterprise scale.""}",1
807c3bc987f0,Parable.ai,Head of AI,Singapore,https://trendingtopics.eu/parable-raises-158m-seriesa,Raised £15.8M in Series A funding in 2023,nadia@parable.sg,pattern,True,42,cold,"{""recent_news"": ""Parable.ai announced a strategic partnership in 2023 to broaden distribution."", ""person_highlights"": ""Nadia Kumar is the Head of AI at Parable.ai and leads its technology and product direction."", ""company_challenge"": ""The company is focused on expanding from a single-product wedge into a broader platform."", ""tech_stack"": ""A gpu-accelerated training stack on aws with custom orchestration"", ""icebreaker"": ""Congrats on Parable.ai's £15.8M Series A round earlier in 2023."", ""value_angle"": ""We could help them cut inference costs while keeping latency low at enterprise scale.""}",0
daebbc541806,Loop,VP of Engineering,"Munich, Germany",https://trendingtopics.eu/loop-raises-738m-seriesb,Secured €73.8M (Series B) to accelerate growth,hello@loop.ai,generic,False,91,hot,"{""recent_news"": ""Loop raised €73.8M in a Series B round in 2025."", ""person_highlights"": ""Clara Neumann, VP of Engineering at Loop, has spoken publicly about scaling engineering teams."", ""company_challenge"": ""The company is focused on expanding from a single-product wedge into a broader platform."", ""tech_stack"": ""Go microservices with a vector database for retrieval"", ""icebreaker"": ""Saw that Loop recently shipped a notable product update."", ""value_angle"": ""We could give them observability across model pipelines and dependencies.""}",1
74a6fb43c3bc,Solène,Chief Marketing Officer,"New York, New York, United States",https://theverge.com/solene-raises-08m-preseed,Announced €0.8M pre-seed financing in 2026,,,False,35,cold,,0
d2e3c69bcd19,Vectra Systems,Regional Vice President of Sales,Germany,https://linkedin.com/vectra-raises-2150m-seriesc,Raised £215.0M in Series C funding in 2026,contact@vectra.de,generic,True,79,warm,"{""recent_news"": ""Vectra Systems launched a new product line in 2026 aimed at enterprise customers."", ""person_highlights"": ""Tobias Becker is the Regional Vice President of Sales at Vectra Systems and leads its technology and product direction."", ""company_challenge"": ""The company is focused on reducing inference latency while controlling GPU spend."", ""tech_stack"": ""Go microservices with a vector database for retrieval"", ""icebreaker"": ""Saw that Vectra Systems recently shipped a notable product update."", ""value_angle"": ""We could give them observability across model pipelines and dependencies.""}",1
acce5b8d5621,Loop Systems,HR Director,"Hamburg, Germany",https://crunchbase.com/loop-raises-25m-seed,Raised $2.5M in seed funding in 2025,mschulz@loop.com,google,True,57,warm,,0
8c0eba3fcd2a,Northpay Capital,Chief Marketing Officer,Basingstoke,https://techfundingnews.com/northpay-raises-35m-seed,Closed a $3.5M seed round in 2024,george.c@northpay.com,google,True,55,warm,"{""recent_news"": ""Northpay Capital raised $3.5M in a seed round in 2024."", ""person_highlights"": ""George Clarke is the Chief Marketing Officer at Northpay Capital and leads its technology and product direction."", ""company_challenge"": ""The company is focused on differentiating in a crowded payments market."", ""tech_stack"": "".net microservices with a rules engine for compliance"", ""icebreaker"": ""I noticed Northpay Capital has been expanding its team this year."", ""value_angle"": ""We could speed up KYC onboarding so fewer good customers drop off.""}",1
5ae82aa07c17,Castello & Co,HR Director,"Munich, Germany",https://linkedin.com/castello-raises-08m-preseed,Closed a €0.8M pre-seed round in 2024,sschneider@castello.com,hunter,False,98,hot,"{""recent_news"": ""Castello & Co launched a new product line in 2024 aimed at enterprise customers."", ""person_highlights"": ""Sophie Schneider is the HR Director at Castello & Co and leads its technology and product direction."", ""company_challenge"": ""The company is focused on growing retail-media revenue from its e-commerce traffic."", ""tech_stack"": ""A shopify plus storefront with a custom cdp integration"", ""icebreaker"": ""I noticed Castello & Co has been expanding its team this year."", ""value_angle"": ""We could tie loyalty data back to media spend for cleaner attribution.""}",0
283802af9eb2,Banca Finance,Head of Digital,Dubai,https://linkedin.com/banca-raises-05m-preseed,Closed a $0.5M pre-seed round in 2024,saeed@banca.ae,pattern,True,89,hot,,0
86b82b7ba1d7,Replio.ai,Head of AI,"Toulouse, France",https://trendingtopics.eu/replio-raises-166m-seriesa,Announced $16.6M Series A financing in 2024,maxime.laurent@replio.io,google,False,37,cold,,0
e3e75f4c8551,Replio AI,CTO,"Hamburg, Germany",https://sifted.eu/replio-raises-09m-preseed,Raised £0.9M in pre-seed funding in 2024,clara@replio.de,pattern,True,21,cold,"{""recent_news"": ""Replio AI announced a strategic partnership in 2024 to broaden distribution."", ""person_highlights"": ""Clara Schulz joined Replio AI as CTO after senior roles at larger technology firms."", ""company_challenge"": ""The company is focused on turning a strong research demo into a reliable production platform."", ""tech_stack"": ""Go microservices with a vector database for retrieval"", ""icebreaker"": ""Saw that Replio AI recently shipped a notable product update."", ""value_angle"": ""We could automate evaluation so they can ship model updates with confidence.""}",0
9f319b54dfb0,Axion AI,HR Director,"Munich, Germany",https://techfundingnews.com/axion-raises-321m-seriesb,Raised €32.1M in Series B funding in 2026,finn@axion.de,google,False,74,warm,"{""recent_news"": ""Axion AI launched a new product line in 2026 aimed at enterprise customers."", ""person_highlights"": ""Finn Richter joined Axion AI as HR Director after senior roles at larger technology firms."", ""company_challenge"": ""The company is focused on scaling its model-serving infrastructure to enterprise traffic."", ""tech_stack"": ""A gpu-accelerated training stack on aws with custom orchestration"", ""icebreaker"": ""Saw that Axion AI recently shipped a notable product update."", ""value_angle"": ""We could help them cut inference costs while keeping latency low at enterprise scale.""}",0
3bf2baf55038,Mindstack,VP of Sales,"Hamburg, Germany",https://linkedin.com/mindstack-raises-229m-seriesa,Closed a £22.9M Series A round in 2025,hello@mindstack.de,generic,False,86,hot,"{""recent_news"": ""Mindstack expanded into a new market in 2025 following its Series A raise."", ""person_highlights"": ""Felix Hoffmann joined Mindstack as VP of Sales after senior roles at larger technology firms."", ""company_challenge"": ""The company is focused on reducing inference latency while controlling GPU spend."", ""tech_stack"": ""A gpu-accelerated training stack on aws with custom orchestration"", ""icebreaker"": ""Congrats on Mindstack's £22.9M Series A round earlier in 2025."", ""value_angle"": ""We could automate evaluation so they can ship model updates with confidence.""}",1
1eb012845825,Riva & Co,Chief Digital Officer,"Munich, Germany",https://eu-startups.com/riva-raises-212m-seriesa,Announced €21.2M Series A financing in 2025,tobias.l@riva.de,hunter,True,99,hot,"{""recent_news"": ""Riva & Co expanded into a new market in 2025 following its Series A raise."", ""person_highlights"": ""Tobias Lehmann, Chief Digital Officer at Riva & Co, has spoken publicly about scaling engineering teams."", ""company_challenge"": ""The company is focused on unifying online and in-store customer data into one view."", ""tech_stack"": ""A homegrown commerce stack on aws with a snowflake warehouse"", ""icebreaker"": ""Saw that Riva & Co recently shipped a notable product update."", ""value_angle"": ""We could unify their customer data so campaigns target the right shoppers.""}",0
e41dcd061e89,Coinbridge Finance,Head of Digital,"Dubai, UAE",https://tech.eu/coinbridge-raises-526m-seriesb,Announced $52.6M Series B financing in 2024,bilal@coinbridge.com,google,False,26,cold,"{""recent_news"": ""Coinbridge Finance raised $52.6M in a Series B round in 2024."", ""person_highlights"": ""Bilal Khan, Head of Digital at Coinbridge Finance, has spoken publicly about scaling engineering teams."", ""company_challenge"": ""The company is focused on meeting tightening compliance requirements across new markets."", ""tech_stack"": ""Go, grpc, and an event-sourced transaction core"", ""icebreaker"": ""I noticed Coinbridge Finance has been expanding its team this year."", ""value_angle"": ""We could speed up KYC onboarding so fewer good customers drop off.""}",0
567d6086d4ee,Healspan.health,HR Director,Singapore,https://sifted.eu/healspan-raises-120m-seriesa,Raised $12.0M in Series A funding in 2023,nadia@healspan.sg,google,False,98,hot,"{""recent_news"": ""Healspan.health announced a strategic partnership in 2023 to broaden distribution."", ""person_highlights"": ""Nadia Tan is the HR Director at Healspan.health and leads its technology and product direction."", ""company_challenge"": ""The company is focused on meeting strict data-privacy rules while integrating hospital systems."", ""tech_stack"": ""A data platform on gcp feeding clinical decision support"", ""icebreaker"": ""Congrats on Healspan.health's $12.0M Series A round earlier in 2023."", ""value_angle"": ""We could make EHR integration faster so onboarding new clinics is painless.""}",0
b39901f5af66,Neura Systems,Head of AI,"Abu Dhabi, UAE",https://sifted.eu/neura-raises-07m-preseed,Secured €0.7M (pre-seed) to accelerate growth,saeed.hassan@neura.io,google,True,96,hot,"{""recent_news"": ""Neura Systems raised €0.7M in a pre-seed round in 2023."", ""person_highlights"": ""Saeed Hassan, Head of AI at Neura Systems, has spoken publicly about scaling engineering teams."", ""company_challenge"": ""The company is focused on reducing inference latency while controlling GPU spend."", ""tech_stack"": ""Python, pytorch, kubernetes, and a multi-tenant inference layer"", ""icebreaker"": ""Saw that Neura Systems recently shipped a notable product update."", ""value_angle"": ""We could give them observability across model pipelines and dependencies.""}",1
c05827bf1628,Stride.ai,Chief Technology Officer,"Toulouse, France",https://techfundingnews.com/stride-raises-794m-seriesb,Announced £79.4M Series B financing in 2025,lucas.roux@stride.fr,google,False,71,warm,,1
4eaf777e6abf,Cortex Cloud,VP of Engineering,"Abu Dhabi, UAE",https://tech.eu/cortex-raises-216m-seriesa,Announced £21.6M Series A financing in 2026,tariq.s@cortex.com,hunter,True,96,hot,"{""recent_news"": ""Cortex Cloud expanded into a new market in 2026 following its Series A raise."", ""person_highlights"": ""Tariq Saleh, VP of Engineering at Cortex Cloud, has spoken publicly about scaling engineering teams."", ""company_challenge"": ""The company is focused on turning a strong research demo into a reliable production platform."", ""tech_stack"": ""Python, pytorch, kubernetes, and a multi-tenant inference layer"", ""icebreaker"": ""Congrats on Cortex Cloud's £21.6M Series A round earlier in 2026."", ""value_angle"": ""We could give them observability across model pipelines and dependencies.""}",0
9d7155924040,Axion Cloud,Regional Vice President of Sales,"Abu Dhabi, UAE",https://techcrunch.com/axion-raises-450m-seriesb,Closed a $45.0M Series B round in 2026,nali@axion.ae,scraping,True,86,hot,,0
cc6fb10084c8,Shiply,Head of Sales,"Dubai, UAE",https://sifted.eu/shiply-raises-148m-seriesa,Secured £14.8M (Series A) to accelerate growth,noura.s@shiply.ae,pattern,True,89,hot,"{""recent_news"": ""Shiply raised £14.8M in a Series A round in 2026."", ""person_highlights"": ""Noura Saleh joined Shiply as Head of Sales after senior roles at larger technology firms."", ""company_challenge"": ""The company is focused on forecasting demand to balance warehouse capacity."", ""tech_stack"": ""Go services with a real-time telematics ingestion pipeline"", ""icebreaker"": ""Congrats on Shiply's £14.8M Series A round earlier in 2026."", ""value_angle"": ""We could digitize freight booking to remove manual back-and-forth.""}",0
a7121902d293,Boutiq & Co,Chief Digital Officer,"Lyon, France",https://techfundingnews.com/boutiq-raises-201m-seriesa,Secured €20.1M (Series A) to accelerate growth,team@boutiq.ai,generic,False,43,cold,"{""recent_news"": ""Boutiq & Co expanded into a new market in 2025 following its Series A raise."", ""person_highlights"": ""Nathan Thomas, Chief Digital Officer at Boutiq & Co, has spoken publicly about scaling engineering teams."", ""company_challenge"": ""The company is focused on improving e-commerce conversion on mobile."", ""tech_stack"": ""A shopify plus storefront with a custom cdp integration"", ""icebreaker"": ""I noticed Boutiq & Co has been expanding its team this year."", ""value_angle"": ""We could lift mobile conversion with faster, personalized storefront experiences.""}",0
cbf93b1f16a8,Clearpay Bank,Chief Marketing Officer,"Munich, Germany",https://crunchbase.com/clearpay-raises-189m-seriesa,Announced $18.9M Series A financing in 2025,felix.h@clearpay.ai,google,False,4,cold,"{""recent_news"": ""Clearpay Bank expanded into a new market in 2025 following its Series A raise."", ""person_highlights"": ""Felix Hoffmann joined Clearpay Bank as Chief Marketing Officer after senior roles at larger technology firms."", ""company_challenge"": ""The company is focused on reducing payment fraud without adding checkout friction."", ""tech_stack"": "".net microservices with a rules engine for compliance"", ""icebreaker"": ""Congrats on Clearpay Bank's $18.9M Series A round earlier in 2025."", ""value_angle"": ""We could lower their fraud rate while protecting conversion at checkout.""}",0
11627c8de9fe,Quantal,VP of Engineering,"London, UK",https://linkedin.com/quantal-raises-1139m-seriesc,Secured £113.9M (Series C) to accelerate growth,hwalker@quantal.ai,pattern,True,90,hot,,0
f2544ea1be88,Replio Systems,Head of AI,"Rome, Italy",https://trendingtopics.eu/replio-raises-290m-seriesb,Closed a €29.0M Series B round in 2023,sales@replio.com,generic,False,97,hot,"{""recent_news"": ""Replio Systems announced a strategic partnership in 2023 to broaden distribution."", ""person_highlights"": ""Alice Rossi joined Replio Systems as Head of AI after senior roles at larger technology firms."", ""company_challenge"": ""The company is focused on turning a strong research demo into a reliable production platform."", ""tech_stack"": ""Typescript, postgres, and a ray-based training pipeline"", ""icebreaker"": ""Saw that Replio Systems recently shipped a notable product update."", ""value_angle"": ""We could give them observability across model pipelines and dependencies.""}",0
d1d19387b75e,Logix,CTO,"Lyon, France",https://linkedin.com/logix-raises-387m-seriesb,Secured £38.7M (Series B) to accelerate growth,manon.l@logix.com,google,True,76,warm,"{""recent_news"": ""Logix expanded into a new market in 2024 following its Series B raise."", ""person_highlights"": ""Manon Leroy joined Logix as CTO after senior roles at larger technology firms."", ""company_challenge"": ""The company is focused on forecasting demand to balance warehouse capacity."", ""tech_stack"": ""Go services with a real-time telematics ingestion pipeline"", ""icebreaker"": ""Impressed by Logix's momentum since the Series B round."", ""value_angle"": ""We could digitize freight booking to remove manual back-and-forth.""}",1
4412960895cd,Orbital Systems,Chief Technology Officer,Basingstoke,https://techfundingnews.com/orbital-raises-13m-preseed,Closed a £1.3M pre-seed round in 2025,joseph.c@orbital.co.uk,google,False,94,hot,"{""recent_news"": ""Orbital Systems announced a strategic partnership in 2025 to broaden distribution."", ""person_highlights"": ""Joseph Clarke, Chief Technology Officer at Orbital Systems, has spoken publicly about scaling engineering teams."", ""company_challenge"": ""The company is focused on scaling its model-serving infrastructure to enterprise traffic."", ""tech_stack"": ""A gpu-accelerated training stack on aws with custom orchestration"", ""icebreaker"": ""Congrats on Orbital Systems's £1.3M pre-seed round earlier in 2025."", ""value_angle"": ""We could accelerate their road from research prototype to production-grade platform.""}",0
8f25dfd55e2e,Orbital Systems,VP of Engineering,"Hamburg, Germany",https://techcrunch.com/orbital-raises-54m-seed,Raised $5.4M in seed funding in 2025,paul.b@orbital.io,hunter,False,96,hot,,0
cc358f48ac3c,Trackr Supply,Head of Digital,"Dubai, UAE",https://reuters.com/trackr-raises-1460m-seriesc,Secured £146.0M (Series C) to accelerate growth,ahaddad@trackr.ai,google,True,100,hot,"{""recent_news"": ""Trackr Supply announced a strategic partnership in 2023 to broaden distribution."", ""person_highlights"": ""Aisha Haddad, Head of Digital at Trackr Supply, has spoken publicly about scaling engineering teams."", ""company_challenge"": ""The company is focused on giving customers real-time visibility into shipments."", ""tech_stack"": ""Go services with a real-time telematics ingestion pipeline"", ""icebreaker"": ""Saw that Trackr Supply recently shipped a notable product update."", ""value_angle"": ""We could give shippers real-time tracking that reduces support tickets.""}",1
ba71f8007423,Mercato & Co,VP of Sales,"Toulouse, France",https://theverge.com/mercato-raises-730m-seriesb,Raised £73.0M in Series B funding in 2026,hthomas@mercato.ai,google,True,84,warm,,0
1be2294a4457,Stride.ai,Chief Technology Officer,Singapore,https://theverge.com/stride-raises-211m-seriesa,Closed a $21.1M Series A round in 2026,nlow@stride.io,pattern,True,71,warm,"{""recent_news"": ""Stride.ai launched a new product line in 2026 aimed at enterprise customers."", ""person_highlights"": ""Nadia Low co-founded Stride.ai and now serves as Chief Technology Officer."", ""company_challenge"": ""The company is focused on turning a strong research demo into a reliable production platform."", ""tech_stack"": ""Go microservices with a vector database for retrieval"", ""icebreaker"": ""Saw that Stride.ai recently shipped a notable product update."", ""value_angle"": ""We could help them cut inference costs while keeping latency low at enterprise scale.""}",1
bc0e27602b91,Linea Group,Head of Digital,"London, UK",https://sifted.eu/linea-raises-10m-preseed,Closed a $1.0M pre-seed round in 2025,harry.c@linea.com,pattern,False,69,warm,,1
f3a056ea73e7,Datapilot AI,Head of AI,"Milan, Italy",https://techfundingnews.com/datapilot-raises-64m-seed,Secured £6.4M (seed) to accelerate growth,alessandro@datapilot.it,hunter,False,30,cold,"{""recent_news"": ""Datapilot AI raised £6.4M in a seed round in 2024."", ""person_highlights"": ""Alessandro Bianchi joined Datapilot AI as Head of AI after senior roles at larger technology firms."", ""company_challenge"": ""The company is focused on scaling its model-serving infrastructure to enterprise traffic."", ""tech_stack"": ""Typescript, postgres, and a ray-based training pipeline"", ""icebreaker"": ""Impressed by Datapilot AI's momentum since the seed round."", ""value_angle"": ""We could accelerate their road from research prototype to production-grade platform.""}",0
87a8e9165a5b,Orbital.ai,VP of Engineering,Italy,https://reuters.com/orbital-raises-1830m-seriesc,Raised $183.0M in Series C funding in 2024,luca.rossi@orbital.io,pattern,True,83,warm,,1
7d9aacf4c49e,Quantal AI,Chief Technology Officer,"Manchester, UK",https://trendingtopics.eu/quantal-raises-15m-seed,Closed a €1.5M seed round in 2025,jack.hughes@quantal.com,pattern,True,30,cold,"{""recent_news"": ""Quantal AI launched a new product line in 2025 aimed at enterprise customers."", ""person_highlights"": ""Jack Hughes, Chief Technology Officer at Quantal AI, has spoken publicly about scaling engineering teams."", ""company_challenge"": ""The company is focused on scaling its model-serving infrastructure to enterprise traffic."", ""tech_stack"": ""Go microservices with a vector database for retrieval"", ""icebreaker"": ""Saw that Quantal AI recently shipped a notable product update."", ""value_angle"": ""We could accelerate their road from research prototype to production-grade platform.""}",0
078b103143d8,Lumen Labs,VP of Engineering,Singapore,https://sifted.eu/lumen-raises-2808m-seriesc,Closed a €280.8M Series C round in 2025,hui@lumen.io,pattern,True,75,warm,"{""recent_news"": ""Lumen Labs raised €280.8M in a Series C round in 2025."", ""person_highlights"": ""Hui Ong co-founded Lumen Labs and now serves as VP of Engineering."", ""company_challenge"": ""The company is focused on turning a strong research demo into a reliable production platform."", ""tech_stack"": ""Python, pytorch, kubernetes, and a multi-tenant inference layer"", ""icebreaker"": ""Congrats on Lumen Labs's €280.8M Series C round earlier in 2025."", ""value_angle"": ""We could help them cut inference costs while keeping latency low at enterprise scale.""}",0
4a837e8b9d29,Remedo Med,EMEA Vice President of Sales,France,https://businessinsider.com/remedo-raises-1714m-seriesc,Raised $171.4M in Series C funding in 2025,pierre.t@remedo.ai,pattern,True,29,cold,"{""recent_news"": ""Remedo Med launched a new product line in 2025 aimed at enterprise customers."", ""person_highlights"": ""Pierre Thomas is the EMEA Vice President of Sales at Remedo Med and leads its technology and product direction."", ""company_challenge"": ""The company is focused on getting interoperability across legacy EHR systems."", ""tech_stack"": ""A react native app backed by a node.js care-coordination api"", ""icebreaker"": ""Congrats on Remedo Med's $171.4M Series C round earlier in 2025."", ""value_angle"": ""We could make EHR integration faster so onboarding new clinics is painless.""}",0
49d8afdfe3bc,Glide Cloud,CTO,London,https://vestbee.com/glide-raises-249m-seriesa,Announced €24.9M Series A financing in 2025,harry@glide.co.uk,google,False,41,cold,"{""recent_news"": ""Glide Cloud expanded into a new market in 2025 following its Series A raise."", ""person_highlights"": ""Harry Hall, CTO at Glide Cloud, has spoken publicly about scaling engineering teams."", ""company_challenge"": ""The company is focused on scaling its model-serving infrastructure to enterprise traffic."", ""tech_stack"": ""Typescript, postgres, and a ray-based training pipeline"", ""icebreaker"": ""Impressed by Glide Cloud's momentum since the Series A round."", ""value_angle"": ""We could accelerate their road from research prototype to production-grade platform.""}",0
5caea94b0c02,Neura AI,Head of AI,"Lyon, France",https://sifted.eu/neura-raises-13m-preseed,Raised $1.3M in pre-seed funding in 2025,cmichel@neura.ai,google,True,48,cold,"{""recent_news"": ""Neura AI raised $1.3M in a pre-seed round in 2025."", ""person_highlights"": ""Clément Michel is the Head of AI at Neura AI and leads its technology and product direction."", ""company_challenge"": ""The company is focused on expanding from a single-product wedge into a broader platform."", ""tech_stack"": ""Python, pytorch, kubernetes, and a multi-tenant inference layer"", ""icebreaker"": ""I noticed Neura AI has been expanding its team this year."", ""value_angle"": ""We could help them cut inference costs while keeping latency low at enterprise scale.""}",0
a0a12d843f1f,Mindstack AI,VP of Engineering,Germany,https://crunchbase.com/mindstack-raises-2887m-seriesc,Closed a $288.7M Series C round in 2026,tobias@mindstack.de,google,False,69,warm,"{""recent_news"": ""Mindstack AI announced a strategic partnership in 2026 to broaden distribution."", ""person_highlights"": ""Tobias Hardenberg is the VP of Engineering at Mindstack AI and leads its technology and product direction."", ""company_challenge"": ""The company is focused on turning a strong research demo into a reliable production platform."", ""tech_stack"": ""A gpu-accelerated training stack on aws with custom orchestration"", ""icebreaker"": ""Saw that Mindstack AI recently shipped a notable product update."", ""value_angle"": ""We could automate evaluation so they can ship model updates with confidence.""}",0
91a5f05492fd,Quantal Systems,Chief Technology Officer,"Hamburg, Germany",https://reuters.com/quantal-raises-36m-seed,Announced €3.6M seed financing in 2023,niklas.w@quantal.com,hunter,False,67,warm,,1
d0a27b68dcb8,Inferra.ai,Chief Technology Officer,"Paris, France",https://theverge.com/inferra-raises-12m-preseed,Closed a £1.2M pre-seed round in 2025,mdurand@inferra.com,google,False,64,warm,"{""recent_news"": ""Inferra.ai expanded into a new market in 2025 following its pre-seed raise."", ""person_highlights"": ""Maxime Durand co-founded Inferra.ai and now serves as Chief Technology Officer."", ""company_challenge"": ""The company is focused on reducing inference latency while controlling GPU spend."", ""tech_stack"": ""Go microservices with a vector database for retrieval"", ""icebreaker"": ""Saw that Inferra.ai recently shipped a notable product update."", ""value_angle"": ""We could automate evaluation so they can ship model updates with confidence.""}",0
126aebf6e77e,Verde Group,Chief Digital Officer,"Manchester, UK",https://techfundingnews.com/verde-raises-16m-seed,Announced £1.6M seed financing in 2025,dbrown@verde.com,scraping,True,66,warm,,1
89d37ae17365,Capita Capital,CMO,"Munich, Germany",https://techcrunch.com/capita-raises-13m-preseed,Raised £1.3M in pre-seed funding in 2023,jkohler@capita.io,scraping,False,86,hot,"{""recent_news"": ""Capita Capital expanded into a new market in 2023 following its pre-seed raise."", ""person_highlights"": ""Johanna Köhler is the CMO at Capita Capital and leads its technology and product direction."", ""company_challenge"": ""The company is focused on reducing payment fraud without adding checkout friction."", ""tech_stack"": ""Java, kafka, and a pci-compliant ledger service"", ""icebreaker"": ""I noticed Capita Capital has been expanding its team this year."", ""value_angle"": ""We could sharpen their go-to-market message in a crowded category.""}",0
c2007f09bfd5,Marqo Stores,People Operations Lead,"Hamburg, Germany",https://sifted.eu/marqo-raises-14m-preseed,Closed a $1.4M pre-seed round in 2025,fneumann@marqo.ai,google,True,98,hot,"{""recent_news"": ""Marqo Stores launched a new product line in 2025 aimed at enterprise customers."", ""person_highlights"": ""Finn Neumann, People Operations Lead at Marqo Stores, has spoken publicly about scaling engineering teams."", ""company_challenge"": ""The company is focused on personalizing offers without a clean first-party data foundation."", ""tech_stack"": ""A homegrown commerce stack on aws with a snowflake warehouse"", ""icebreaker"": ""Congrats on Marqo Stores's $1.4M pre-seed round earlier in 2025."", ""value_angle"": ""We could stand up a retail-media offering that monetizes existing traffic.""}",0
be1230a2ca67,Capita.io,CTO,"San Francisco, CA, United States",https://linkedin.com/capita-raises-715m-seriesb,Secured $71.5M (Series B) to accelerate growth,,,False,62,warm,"{""recent_news"": ""Capita.io raised $71.5M in a Series B round in 2026."", ""person_highlights"": ""Christopher Miller is the CTO at Capita.io and leads its technology and product direction."", ""company_challenge"": ""The company is focused on reducing payment fraud without adding checkout friction."", ""tech_stack"": ""Node.js, postgres, and a real-time fraud-scoring engine"", ""icebreaker"": ""Impressed by Capita.io's momentum since the Series B round."", ""value_angle"": ""We could give compliance teams audit-ready reporting out of the box.""}",1
546020778111,Inferra Systems,Head of Sales,Singapore,https://theverge.com/inferra-raises-1530m-seriesc,Closed a £153.0M Series C round in 2026,wei.c@inferra.ai,scraping,True,97,hot,"{""recent_news"": ""Inferra Systems launched a new product line in 2026 aimed at enterprise customers."", ""person_highlights"": ""Wei Chua is the Head of Sales at Inferra Systems and leads its technology and product direction."", ""company_challenge"": ""The company is focused on scaling its model-serving infrastructure to enterprise traffic."", ""tech_stack"": ""A gpu-accelerated training stack on aws with custom orchestration"", ""icebreaker"": ""I noticed Inferra Systems has been expanding its team this year."", ""value_angle"": ""We could help them cut inference costs while keeping latency low at enterprise scale.""}",1
46597c76d76d,Nimbo Supply,Country HR Director,"Munich, Germany",https://tech.eu/nimbo-raises-216m-seriesa,Raised £21.6M in Series A funding in 2026,clara.f@nimbo.io,google,False,87,hot,"{""recent_news"": ""Nimbo Supply announced a strategic partnership in 2026 to broaden distribution."", ""person_highlights"": ""Clara Frank joined Nimbo Supply as Country HR Director after senior roles at larger technology firms."", ""company_challenge"": ""The company is focused on forecasting demand to balance warehouse capacity."", ""tech_stack"": ""A .net tms integrated with carrier edi feeds"", ""icebreaker"": ""Saw that Nimbo Supply recently shipped a notable product update."", ""value_angle"": ""We could cut last-mile cost with smarter route optimization.""}",0
d66c11b4b6b3,Bioloop Care,HR Director,Singapore,https://theverge.com/bioloop-raises-07m-preseed,Raised €0.7M in pre-seed funding in 2025,marcus.i@bioloop.com,pattern,True,95,hot,"{""recent_news"": ""Bioloop Care expanded into a new market in 2025 following its pre-seed raise."", ""person_highlights"": ""Marcus Iskandar joined Bioloop Care as HR Director after senior roles at larger technology firms."", ""company_challenge"": ""The company is focused on getting interoperability across legacy EHR systems."", ""tech_stack"": ""Python services with an hl7 integration layer"", ""icebreaker"": ""I noticed Bioloop Care has been expanding its team this year."", ""value_angle"": ""We could scale their telehealth platform to handle demand spikes.""}",0
ddc39479ed65,Finova,Head of Digital,"Hamburg, Germany",https://linkedin.com/finova-raises-35m-seed,Secured $3.5M (seed) to accelerate growth,johanna@finova.de,google,True,99,hot,"{""recent_news"": ""Finova launched a new product line in 2025 aimed at enterprise customers."", ""person_highlights"": ""Johanna Hoffmann co-founded Finova and now serves as Head of Digital."", ""company_challenge"": ""The company is focused on scaling KYC onboarding while keeping conversion high."", ""tech_stack"": "".net microservices with a rules engine for compliance"", ""icebreaker"": ""I noticed Finova has been expanding its team this year."", ""value_angle"": ""We could give compliance teams audit-ready reporting out of the box.""}",1
7af388cc105d,Remedo Bio,Regional Vice President of Sales,"Munich, Germany",https://crunchbase.com/remedo-raises-1240m-seriesc,Closed a $124.0M Series C round in 2025,hannah@remedo.com,hunter,True,23,cold,"{""recent_news"": ""Remedo Bio raised $124.0M in a Series C round in 2025."", ""person_highlights"": ""Hannah Brandt co-founded Remedo Bio and now serves as Regional Vice President of Sales."", ""company_challenge"": ""The company is focused on scaling a telehealth platform to handle peak demand."", ""tech_stack"": ""A data platform on gcp feeding clinical decision support"", ""icebreaker"": ""Saw that Remedo Bio recently shipped a notable product update."", ""value_angle"": ""We could reduce clinician admin time with automated documentation.""}",0
493ffe22baf9,Stowe.io,Head of Sales,"Toulouse, France",https://businessinsider.com/stowe-raises-544m-seriesb,Announced £54.4M Series B financing in 2026,,,False,30,cold,,0
f9e2027e4319,Bazaar & Co,HR Manager,"New York, New York, United States",https://trendingtopics.eu/bazaar-raises-06m-preseed,Closed a $0.6M pre-seed round in 2025,sarah.r@bazaar.com,pattern,True,6,cold,"{""recent_news"": ""Bazaar & Co announced a strategic partnership in 2025 to broaden distribution."", ""person_highlights"": ""Sarah Rodriguez joined Bazaar & Co as HR Manager after senior roles at larger technology firms."", ""company_challenge"": ""The company is focused on personalizing offers without a clean first-party data foundation."", ""tech_stack"": ""A shopify plus storefront with a custom cdp integration"", ""icebreaker"": ""Impressed by Bazaar & Co's momentum since the pre-seed round."", ""value_angle"": ""We could unify their customer data so campaigns target the right shoppers.""}",0
461e2fa10c10,Vitalis Health,Head of Digital,Germany,https://crunchbase.com/vitalis-raises-03m-preseed,Raised $0.3M in pre-seed funding in 2024,clara.schulz@vitalis.com,google,False,71,warm,"{""recent_news"": ""Vitalis Health expanded into a new market in 2024 following its pre-seed raise."", ""person_highlights"": ""Clara Schulz joined Vitalis Health as Head of Digital after senior roles at larger technology firms."", ""company_challenge"": ""The company is focused on scaling a telehealth platform to handle peak demand."", ""tech_stack"": ""A react native app backed by a node.js care-coordination api"", ""icebreaker"": ""Impressed by Vitalis Health's momentum since the pre-seed round."", ""value_angle"": ""We could keep patient data compliant while enabling analytics.""}",0
35708c553fb5,Vaulta,Chief Marketing Officer,"Hamburg, Germany",https://reuters.com/vaulta-raises-13m-preseed,Closed a £1.3M pre-seed round in 2025,maximilian@vaulta.com,google,False,4,cold,"{""recent_news"": ""Vaulta announced a strategic partnership in 2025 to broaden distribution."", ""person_highlights"": ""Maximilian Köhler is the Chief Marketing Officer at Vaulta and leads its technology and product direction."", ""company_challenge"": ""The company is focused on scaling KYC onboarding while keeping conversion high."", ""tech_stack"": "".net microservices with a rules engine for compliance"", ""icebreaker"": ""Saw that Vaulta recently shipped a notable product update."", ""value_angle"": ""We could sharpen their go-to-market message in a crowded category.""}",0
10c7239ff274,Saffron Group,VP Sales,"Abu Dhabi, UAE",https://eu-startups.com/saffron-raises-1103m-seriesc,Announced €110.3M Series C financing in 2025,fatima@saffron.ai,google,True,97,hot,"{""recent_news"": ""Saffron Group expanded into a new market in 2025 following its Series C raise."", ""person_highlights"": ""Fatima Hassan joined Saffron Group as VP Sales after senior roles at larger technology firms."", ""company_challenge"": ""The company is focused on growing retail-media revenue from its e-commerce traffic."", ""tech_stack"": ""Salesforce commerce cloud and a segment data layer"", ""icebreaker"": ""I noticed Saffron Group has been expanding its team this year."", ""value_angle"": ""We could lift mobile conversion with faster, personalized storefront experiences.""}",1
9defa540ae72,Ledgr Finance,VP of Finance,Berlin,https://eu-startups.com/ledgr-raises-86m-seriesa,Secured $8.6M (Series A) to accelerate growth,anna.f@ledgr.com,pattern,True,53,warm,"{""recent_news"": ""Ledgr Finance announced a strategic partnership in 2024 to broaden distribution."", ""person_highlights"": ""Anna Frank is the VP of Finance at Ledgr Finance and leads its technology and product direction."", ""company_challenge"": ""The company is focused on meeting tightening compliance requirements across new markets."", ""tech_stack"": ""Go, grpc, and an event-sourced transaction core"", ""icebreaker"": ""Saw that Ledgr Finance recently shipped a notable product update."", ""value_angle"": ""We could lower their fraud rate while protecting conversion at checkout.""}",0
c68bc12ebb4d,Remitly Capital,VP of Finance,"Paris, France",https://eu-startups.com/remitly-raises-2316m-seriesc,Announced $231.6M Series C financing in 2026,lea.bernard@remitly.com,google,False,92,hot,"{""recent_news"": ""Remitly Capital expanded into a new market in 2026 following its Series C raise."", ""person_highlights"": ""Léa Bernard joined Remitly Capital as VP of Finance after senior roles at larger technology firms."", ""company_challenge"": ""The company is focused on meeting tightening compliance requirements across new markets."", ""tech_stack"": ""Go, grpc, and an event-sourced transaction core"", ""icebreaker"": ""Saw that Remitly Capital recently shipped a notable product update."", ""value_angle"": ""We could speed up KYC onboarding so fewer good customers drop off.""}",1
2bb180c6bbc0,Verde & Co,Head of Retail Media (Digital),"Munich, Germany",https://trendingtopics.eu/verde-raises-221m-seriesa,Announced $22.1M Series A financing in 2026,jwagner@verde.com,hunter,True,15,cold,,0
a6760bce911f,Linea Stores,Chief Marketing Officer,"Dubai, UAE",https://tech.eu/linea-raises-599m-seriesb,Secured £59.9M (Series B) to accelerate growth,sara.q@linea.io,pattern,True,87,hot,"{""recent_news"": ""Linea Stores announced a strategic partnership in 2026 to broaden distribution."", ""person_highlights"": ""Sara Qassimi joined Linea Stores as Chief Marketing Officer after senior roles at larger technology firms."", ""company_challenge"": ""The company is focused on growing retail-media revenue from its e-commerce traffic."", ""tech_stack"": ""Sap commerce with a headless react front end"", ""icebreaker"": ""Impressed by Linea Stores's momentum since the Series B round."", ""value_angle"": ""We could stand up a retail-media offering that monetizes existing traffic.""}",1
d42587f06c73,Forma Systems,Head of AI,Germany,https://theverge.com/forma-raises-250m-seriesb,Closed a €25.0M Series B round in 2025,,,False,10,cold,"{""recent_news"": ""Forma Systems launched a new product line in 2025 aimed at enterprise customers."", ""person_highlights"": ""Hannah Weber joined Forma Systems as Head of AI after senior roles at larger technology firms."", ""company_challenge"": ""The company is focused on turning a strong research demo into a reliable production platform."", ""tech_stack"": ""Python, pytorch, kubernetes, and a multi-tenant inference layer"", ""icebreaker"": ""Saw that Forma Systems recently shipped a notable product update."", ""value_angle"": ""We could give them observability across model pipelines and dependencies.""}",0
0181c2dc6a1e,Mercato,VP Sales,Singapore,https://theverge.com/mercato-raises-11m-preseed,Announced $1.1M pre-seed financing in 2023,rachel.iskandar@mercato.sg,pattern,True,99,hot,,1
05ee23b8910c,Coinbridge Pay,Head of Digital,Singapore,https://vestbee.com/coinbridge-raises-203m-seriesa,Closed a €20.3M Series A round in 2026,,,False,90,hot,"{""recent_news"": ""Coinbridge Pay announced a strategic partnership in 2026 to broaden distribution."", ""person_highlights"": ""Aaron Rahman joined Coinbridge Pay as Head of Digital after senior roles at larger technology firms."", ""company_challenge"": ""The company is focused on meeting tightening compliance requirements across new markets."", ""tech_stack"": ""Java, kafka, and a pci-compliant ledger service"", ""icebreaker"": ""I noticed Coinbridge Pay has been expanding its team this year."", ""value_angle"": ""We could lower their fraud rate while protecting conversion at checkout.""}",0
54e5f69454a8,Trustline Finance,CTO,"Dubai, UAE",https://vestbee.com/trustline-raises-12m-preseed,Announced €1.2M pre-seed financing in 2024,contact@trustline.ae,generic,False,77,warm,,1
2192f9ae0047,Castello,CMO,"Manchester, UK",https://techcrunch.com/castello-raises-03m-preseed,Raised £0.3M in pre-seed funding in 2024,william@castello.io,pattern,False,85,hot,"{""recent_news"": ""Castello announced a strategic partnership in 2024 to broaden distribution."", ""person_highlights"": ""William Edwards, CMO at Castello, has spoken publicly about scaling engineering teams."", ""company_challenge"": ""The company is focused on growing retail-media revenue from its e-commerce traffic."", ""tech_stack"": ""A homegrown commerce stack on aws with a snowflake warehouse"", ""icebreaker"": ""Impressed by Castello's momentum since the pre-seed round."", ""value_angle"": ""We could unify their customer data so campaigns target the right shoppers.""}",1
37a7f2dd4fde,Settle Finance,Chief Marketing Officer,"Dubai, UAE",https://trendingtopics.eu/settle-raises-21m-seed,Raised $2.1M in seed funding in 2025,mohammed.khan@settle.io,google,True,15,cold,"{""recent_news"": ""Settle Finance raised $2.1M in a seed round in 2025."", ""person_highlights"": ""Mohammed Khan, Chief Marketing Officer at Settle Finance, has spoken publicly about scaling engineering teams."", ""company_challenge"": ""The company is focused on reducing payment fraud without adding checkout friction."", ""tech_stack"": ""Java, kafka, and a pci-compliant ledger service"", ""icebreaker"": ""Congrats on Settle Finance's $2.1M seed round earlier in 2025."", ""value_angle"": ""We could speed up KYC onboarding so fewer good customers drop off.""}",0
eb85c31ebc72,Glide Systems,VP of Engineering,Dubai,https://trendingtopics.eu/glide-raises-169m-seriesa,Raised €16.9M in Series A funding in 2024,snasser@glide.ai,scraping,True,21,cold,"{""recent_news"": ""Glide Systems launched a new product line in 2024 aimed at enterprise customers."", ""person_highlights"": ""Saeed Nasser is the VP of Engineering at Glide Systems and leads its technology and product direction."", ""company_challenge"": ""The company is focused on expanding from a single-product wedge into a broader platform."", ""tech_stack"": ""Typescript, postgres, and a ray-based training pipeline"", ""icebreaker"": ""Saw that Glide Systems recently shipped a notable product update."", ""value_angle"": ""We could accelerate their road from research prototype to production-grade platform.""}",0
5a48e9c92015,Nimbus Cloud,EMEA Vice President of Sales,Berlin,https://theverge.com/nimbus-raises-373m-seriesb,Announced £37.3M Series B financing in 2024,magnus.w@nimbus.ai,google,False,54,warm,"{""recent_news"": ""Nimbus Cloud raised £37.3M in a Series B round in 2024."", ""person_highlights"": ""Magnus Weber, EMEA Vice President of Sales at Nimbus Cloud, has spoken publicly about scaling engineering teams."", ""company_challenge"": ""The company is focused on scaling its model-serving infrastructure to enterprise traffic."", ""tech_stack"": ""Python, pytorch, kubernetes, and a multi-tenant inference layer"", ""icebreaker"": ""I noticed Nimbus Cloud has been expanding its team this year."", ""value_angle"": ""We could accelerate their road from research prototype to production-grade platform.""}",0
2acbfa2b0d94,Nuvo Health,Head of Digital,"Toulouse, France",https://theverge.com/nuvo-raises-181m-seriesa,Closed a €18.1M Series A round in 2025,manon@nuvo.com,google,False,92,hot,"{""recent_news"": ""Nuvo Health expanded into a new market in 2025 following its Series A raise."", ""person_highlights"": ""Manon Dubois joined Nuvo Health as Head of Digital after senior roles at larger technology firms."", ""company_challenge"": ""The company is focused on meeting strict data-privacy rules while integrating hospital systems."", ""tech_stack"": ""A data platform on gcp feeding clinical decision support"", ""icebreaker"": ""Congrats on Nuvo Health's €18.1M Series A round earlier in 2025."", ""value_angle"": ""We could make EHR integration faster so onboarding new clinics is painless.""}",1
d50224ca31cb,Maison Group,Chief Digital Officer,London,https://theverge.com/maison-raises-96m-seriesa,Announced £9.6M Series A financing in 2024,amelia@maison.ai,pattern,False,9,cold,"{""recent_news"": ""Maison Group announced a strategic partnership in 2024 to broaden distribution."", ""person_highlights"": ""Amelia Brown is the Chief Digital Officer at Maison Group and leads its technology and product direction."", ""company_challenge"": ""The company is focused on unifying online and in-store customer data into one view."", ""tech_stack"": ""Sap commerce with a headless react front end"", ""icebreaker"": ""Impressed by Maison Group's momentum since the Series A round."", ""value_angle"": ""We could unify their customer data so campaigns target the right shoppers.""}",0
1dcb288473fb,Stride Labs,VP of Engineering,"Dubai, UAE",https://vestbee.com/stride-raises-05m-preseed,Secured $0.5M (pre-seed) to accelerate growth,,,False,58,warm,,0
83a4aefd23e5,Fleetly Freight,CTO,"Hamburg, Germany",https://businessinsider.com/fleetly-raises-12m-preseed,Announced $1.2M pre-seed financing in 2024,,,False,20,cold,,0
c362a3d0e53b,Transit Logistics,Head of Digital,"Hamburg, Germany",https://linkedin.com/transit-raises-69m-seed,Raised $6.9M in seed funding in 2024,info@transit.ai,generic,True,14,cold,"{""recent_news"": ""Transit Logistics raised $6.9M in a seed round in 2024."", ""person_highlights"": ""Jonas Köhler is the Head of Digital at Transit Logistics and leads its technology and product direction."", ""company_challenge"": ""The company is focused on giving customers real-time visibility into shipments."", ""tech_stack"": ""Kafka-based event tracking with a react dashboard"", ""icebreaker"": ""Impressed by Transit Logistics's momentum since the seed round."", ""value_angle"": ""We could give shippers real-time tracking that reduces support tickets.""}",0
72faea5daaff,Haulr Logistics,CTO,Singapore,https://linkedin.com/haulr-raises-156m-seriesa,Raised €15.6M in Series A funding in 2024,marcus.i@haulr.com,pattern,True,63,warm,"{""recent_news"": ""Haulr Logistics expanded into a new market in 2024 following its Series A raise."", ""person_highlights"": ""Marcus Iskandar, CTO at Haulr Logistics, has spoken publicly about scaling engineering teams."", ""company_challenge"": ""The company is focused on forecasting demand to balance warehouse capacity."", ""tech_stack"": ""Go services with a real-time telematics ingestion pipeline"", ""icebreaker"": ""Impressed by Haulr Logistics's momentum since the Series A round."", ""value_angle"": ""We could cut last-mile cost with smarter route optimization.""}",0
00266b45d7eb,Trustline,Chief Marketing Officer,Singapore,https://techfundingnews.com/trustline-raises-07m-preseed,Raised $0.7M in pre-seed funding in 2024,wei.r@trustline.io,pattern,False,69,warm,,1
9d4c2877e70e,Tally,HR Manager,"San Francisco, CA, United States",https://linkedin.com/tally-raises-1500m-seriesc,Secured $150.0M (Series C) to accelerate growth,jessica.w@tally.ai,pattern,False,11,cold,,0
3d97deb9a834,Oncora,HR Director,Dubai,https://eu-startups.com/oncora-raises-250m-seriesb,Closed a £25.0M Series B round in 2025,,,False,85,hot,"{""recent_news"": ""Oncora expanded into a new market in 2025 following its Series B raise."", ""person_highlights"": ""Mariam Farsi, HR Director at Oncora, has spoken publicly about scaling engineering teams."", ""company_challenge"": ""The company is focused on meeting strict data-privacy rules while integrating hospital systems."", ""tech_stack"": ""A hipaa-compliant stack on azure with fhir apis"", ""icebreaker"": ""I noticed Oncora has been expanding its team this year."", ""value_angle"": ""We could make EHR integration faster so onboarding new clinics is painless.""}",1
814bc40f306d,Conveyo Logistics,Chief Technology Officer,"Lyon, France",https://sifted.eu/conveyo-raises-110m-seriesa,Secured £11.0M (Series A) to accelerate growth,maxime@conveyo.io,google,False,83,warm,"{""recent_news"": ""Conveyo Logistics expanded into a new market in 2025 following its Series A raise."", ""person_highlights"": ""Maxime Thomas co-founded Conveyo Logistics and now serves as Chief Technology Officer."", ""company_challenge"": ""The company is focused on digitizing a paper-heavy freight-booking process."", ""tech_stack"": ""A .net tms integrated with carrier edi feeds"", ""icebreaker"": ""I noticed Conveyo Logistics has been expanding its team this year."", ""value_angle"": ""We could give shippers real-time tracking that reduces support tickets.""}",0
cc70add65b8b,Oncora Bio,Head of Sales,"Paris, France",https://trendingtopics.eu/oncora-raises-13m-preseed,Secured $1.3M (pre-seed) to accelerate growth,ines@oncora.fr,hunter,True,72,warm,,0
3ef850f0e3ff,Saffron Group,Chief Marketing Officer,Singapore,https://eu-startups.com/saffron-raises-2232m-seriesc,Closed a €223.2M Series C round in 2026,arjun.n@saffron.com,hunter,True,88,hot,"{""recent_news"": ""Saffron Group raised €223.2M in a Series C round in 2026."", ""person_highlights"": ""Arjun Nair, Chief Marketing Officer at Saffron Group, has spoken publicly about scaling engineering teams."", ""company_challenge"": ""The company is focused on unifying online and in-store customer data into one view."", ""tech_stack"": ""Salesforce commerce cloud and a segment data layer"", ""icebreaker"": ""Saw that Saffron Group recently shipped a notable product update."", ""value_angle"": ""We could unify their customer data so campaigns target the right shoppers.""}",0
38d7da9ee797,Orbital Labs,CTO,Singapore,https://crunchbase.com/orbital-raises-42m-seed,Secured $4.2M (seed) to accelerate growth,ethan@orbital.sg,google,True,73,warm,"{""recent_news"": ""Orbital Labs expanded into a new market in 2025 following its seed raise."", ""person_highlights"": ""Ethan Pillai is the CTO at Orbital Labs and leads its technology and product direction."", ""company_challenge"": ""The company is focused on scaling its model-serving infrastructure to enterprise traffic."", ""tech_stack"": ""A gpu-accelerated training stack on aws with custom orchestration"", ""icebreaker"": ""Impressed by Orbital Labs's momentum since the seed round."", ""value_angle"": ""We could accelerate their road from research prototype to production-grade platform.""}",0
3b59a99540a3,Synth,VP Sales,Singapore,https://eu-startups.com/synth-raises-95m-seriesa,Announced £9.5M Series A financing in 2025,jia.g@synth.io,hunter,True,83,warm,"{""recent_news"": ""Synth announced a strategic partnership in 2025 to broaden distribution."", ""person_highlights"": ""Jia Goh, VP Sales at Synth, has spoken publicly about scaling engineering teams."", ""company_challenge"": ""The company is focused on reducing inference latency while controlling GPU spend."", ""tech_stack"": ""A gpu-accelerated training stack on aws with custom orchestration"", ""icebreaker"": ""Congrats on Synth's £9.5M Series A round earlier in 2025."", ""value_angle"": ""We could give them observability across model pipelines and dependencies.""}",0
021338f5688a,Inferra Systems,VP Sales,London,https://techfundingnews.com/inferra-raises-565m-seriesb,Announced £56.5M Series B financing in 2024,harry@inferra.com,hunter,False,26,cold,,0
b50b983ae4c2,Castello & Co,VP Sales,"Bologna, Italy",https://sifted.eu/castello-raises-08m-preseed,Announced $0.8M pre-seed financing in 2026,alice.b@castello.it,hunter,False,12,cold,"{""recent_news"": ""Castello & Co expanded into a new market in 2026 following its pre-seed raise."", ""person_highlights"": ""Alice Bianchi, VP Sales at Castello & Co, has spoken publicly about scaling engineering teams."", ""company_challenge"": ""The company is focused on personalizing offers without a clean first-party data foundation."", ""tech_stack"": ""A shopify plus storefront with a custom cdp integration"", ""icebreaker"": ""Congrats on Castello & Co's $0.8M pre-seed round earlier in 2026."", ""value_angle"": ""We could tie loyalty data back to media spend for cleaner attribution.""}",0
f599047db2d3,Atelier & Co,Chief Marketing Officer,Basingstoke,https://vestbee.com/atelier-raises-2515m-seriesc,Secured $251.5M (Series C) to accelerate growth,olivia@atelier.co.uk,google,False,6,cold,"{""recent_news"": ""Atelier & Co announced a strategic partnership in 2024 to broaden distribution."", ""person_highlights"": ""Olivia Edwards co-founded Atelier & Co and now serves as Chief Marketing Officer."", ""company_challenge"": ""The company is focused on unifying online and in-store customer data into one view."", ""tech_stack"": ""Sap commerce with a headless react front end"", ""icebreaker"": ""Saw that Atelier & Co recently shipped a notable product update."", ""value_angle"": ""We could tie loyalty data back to media spend for cleaner attribution.""}",0
b4a455a6a13f,Linea,Head of Digital,Singapore,https://sifted.eu/linea-raises-223m-seriesa,Raised €22.3M in Series A funding in 2026,,,False,19,cold,,0
d08980d106ec,Monetar Finance,CTO,"Boston, MA, United States",https://eu-startups.com/monetar-raises-19m-seed,Announced £1.9M seed financing in 2026,ryan.w@monetar.ai,hunter,False,3,cold,"{""recent_news"": ""Monetar Finance raised £1.9M in a seed round in 2026."", ""person_highlights"": ""Ryan Walker joined Monetar Finance as CTO after senior roles at larger technology firms."", ""company_challenge"": ""The company is focused on reducing payment fraud without adding checkout friction."", ""tech_stack"": ""Node.js, postgres, and a real-time fraud-scoring engine"", ""icebreaker"": ""Congrats on Monetar Finance's £1.9M seed round earlier in 2026."", ""value_angle"": ""We could speed up KYC onboarding so fewer good customers drop off.""}",0
8e283d02c445,Glide Cloud,Head of AI,Singapore,https://theverge.com/glide-raises-1569m-seriesc,Secured £156.9M (Series C) to accelerate growth,kai@glide.sg,pattern,False,82,warm,"{""recent_news"": ""Glide Cloud raised £156.9M in a Series C round in 2024."", ""person_highlights"": ""Kai Rahman, Head of AI at Glide Cloud, has spoken publicly about scaling engineering teams."", ""company_challenge"": ""The company is focused on scaling its model-serving infrastructure to enterprise traffic."", ""tech_stack"": ""A gpu-accelerated training stack on aws with custom orchestration"", ""icebreaker"": ""Congrats on Glide Cloud's £156.9M Series C round earlier in 2024."", ""value_angle"": ""We could accelerate their road from research prototype to production-grade platform.""}",1
bd185725095e,Palleta,VP of Sales,Italy,https://vestbee.com/palleta-raises-201m-seriesa,Secured £20.1M (Series A) to accelerate growth,federico@palleta.it,pattern,False,68,warm,"{""recent_news"": ""Palleta launched a new product line in 2026 aimed at enterprise customers."", ""person_highlights"": ""Federico Rossi co-founded Palleta and now serves as VP of Sales."", ""company_challenge"": ""The company is focused on digitizing a paper-heavy freight-booking process."", ""tech_stack"": ""Kafka-based event tracking with a react dashboard"", ""icebreaker"": ""Impressed by Palleta's momentum since the Series A round."", ""value_angle"": ""We could digitize freight booking to remove manual back-and-forth.""}",1
b3530d43b848,Logix Systems,Country HR Director,"Dubai, UAE",https://sifted.eu/logix-raises-124m-seriesa,Secured €12.4M (Series A) to accelerate growth,,,False,40,cold,,0
aecd8ee90b07,Clarity Bio,CTO,"Lyon, France",https://crunchbase.com/clarity-raises-60m-seed,Announced €6.0M seed financing in 2026,julien.s@clarity.io,hunter,True,91,hot,"{""recent_news"": ""Clarity Bio launched a new product line in 2026 aimed at enterprise customers."", ""person_highlights"": ""Julien Simon joined Clarity Bio as CTO after senior roles at larger technology firms."", ""company_challenge"": ""The company is focused on scaling a telehealth platform to handle peak demand."", ""tech_stack"": ""A react native app backed by a node.js care-coordination api"", ""icebreaker"": ""Congrats on Clarity Bio's €6.0M seed round earlier in 2026."", ""value_angle"": ""We could keep patient data compliant while enabling analytics.""}",0
6bc9ebbe151c,Forma Labs,Chief Technology Officer,Singapore,https://trendingtopics.eu/forma-raises-13m-preseed,Raised €1.3M in pre-seed funding in 2025,rkoh@forma.io,google,False,88,hot,"{""recent_news"": ""Forma Labs raised €1.3M in a pre-seed round in 2025."", ""person_highlights"": ""Ravi Koh co-founded Forma Labs and now serves as Chief Technology Officer."", ""company_challenge"": ""The company is focused on turning a strong research demo into a reliable production platform."", ""tech_stack"": ""A gpu-accelerated training stack on aws with custom orchestration"", ""icebreaker"": ""Congrats on Forma Labs's €1.3M pre-seed round earlier in 2025."", ""value_angle"": ""We could accelerate their road from research prototype to production-grade platform.""}",1
943d6d251fa5,Cohera Systems,VP of Sales,Singapore,https://eu-startups.com/cohera-raises-2482m-seriesc,Raised $248.2M in Series C funding in 2025,li@cohera.io,pattern,True,65,warm,"{""recent_news"": ""Cohera Systems announced a strategic partnership in 2025 to broaden distribution."", ""person_highlights"": ""Li Pillai co-founded Cohera Systems and now serves as VP of Sales."", ""company_challenge"": ""The company is focused on expanding from a single-product wedge into a broader platform."", ""tech_stack"": ""A gpu-accelerated training stack on aws with custom orchestration"", ""icebreaker"": ""Impressed by Cohera Systems's momentum since the Series C round."", ""value_angle"": ""We could help them cut inference costs while keeping latency low at enterprise scale.""}",1
e5c57f5d95cd,Glide AI,Chief Technology Officer,Singapore,https://trendingtopics.eu/glide-raises-13m-preseed,Secured $1.3M (pre-seed) to accelerate growth,wtan@glide.ai,google,True,94,hot,"{""recent_news"": ""Glide AI launched a new product line in 2024 aimed at enterprise customers."", ""person_highlights"": ""Wei Tan co-founded Glide AI and now serves as Chief Technology Officer."", ""company_challenge"": ""The company is focused on reducing inference latency while controlling GPU spend."", ""tech_stack"": ""Go microservices with a vector database for retrieval"", ""icebreaker"": ""Impressed by Glide AI's momentum since the pre-seed round."", ""value_angle"": ""We could give them observability across model pipelines and dependencies.""}",1
70e100dd1da4,Orbital AI,VP of Sales,France,https://techcrunch.com/orbital-raises-11m-preseed,Raised £1.1M in pre-seed funding in 2026,nathan.martin@orbital.ai,google,False,86,hot,"{""recent_news"": ""Orbital AI announced a strategic partnership in 2026 to broaden distribution."", ""person_highlights"": ""Nathan Martin co-founded Orbital AI and now serves as VP of Sales."", ""company_challenge"": ""The company is focused on expanding from a single-product wedge into a broader platform."", ""tech_stack"": ""Python, pytorch, kubernetes, and a multi-tenant inference layer"", ""icebreaker"": ""Saw that Orbital AI recently shipped a notable product update."", ""value_angle"": ""We could automate evaluation so they can ship model updates with confidence.""}",1
7501f2f865a7,Stride Cloud,CTO,"Dubai, UAE",https://reuters.com/stride-raises-55m-seed,Closed a €5.5M seed round in 2024,zainab.qassimi@stride.ai,google,False,58,warm,"{""recent_news"": ""Stride Cloud launched a new product line in 2024 aimed at enterprise customers."", ""person_highlights"": ""Zainab Qassimi joined Stride Cloud as CTO after senior roles at larger technology firms."", ""company_challenge"": ""The company is focused on scaling its model-serving infrastructure to enterprise traffic."", ""tech_stack"": ""A gpu-accelerated training stack on aws with custom orchestration"", ""icebreaker"": ""I noticed Stride Cloud has been expanding its team this year."", ""value_angle"": ""We could automate evaluation so they can ship model updates with confidence.""}",1
04fd39ed5dc7,Stride AI,Head of AI,Berlin,https://techfundingnews.com/stride-raises-278m-seriesb,Raised €27.8M in Series B funding in 2024,felix.hoffmann@stride.ai,scraping,False,70,warm,"{""recent_news"": ""Stride AI launched a new product line in 2024 aimed at enterprise customers."", ""person_highlights"": ""Felix Hoffmann co-founded Stride AI and now serves as Head of AI."", ""company_challenge"": ""The company is focused on scaling its model-serving infrastructure to enterprise traffic."", ""tech_stack"": ""Python, pytorch, kubernetes, and a multi-tenant inference layer"", ""icebreaker"": ""Congrats on Stride AI's €27.8M Series B round earlier in 2024."", ""value_angle"": ""We could help them cut inference costs while keeping latency low at enterprise scale.""}",0
f24a417fbb87,Mercato Group,Head of Retail Media (Digital),"Rome, Italy",https://tech.eu/mercato-raises-690m-seriesb,Closed a £69.0M Series B round in 2026,info@mercato.io,generic,True,76,warm,,1
c4be3290fb2b,Pulse Health,HR Director,"Toulouse, France",https://trendingtopics.eu/pulse-raises-756m-seriesb,Announced $75.6M Series B financing in 2023,mroux@pulse.ai,pattern,False,46,cold,,0
1a126b7300b7,Foundry Cloud,VP of Engineering,Germany,https://businessinsider.com/foundry-raises-920m-seriesc,Closed a £92.0M Series C round in 2026,mathis@foundry.com,pattern,False,89,hot,"{""recent_news"": ""Foundry Cloud announced a strategic partnership in 2026 to broaden distribution."", ""person_highlights"": ""Mathis Becker joined Foundry Cloud as VP of Engineering after senior roles at larger technology firms."", ""company_challenge"": ""The company is focused on scaling its model-serving infrastructure to enterprise traffic."", ""tech_stack"": ""A gpu-accelerated training stack on aws with custom orchestration"", ""icebreaker"": ""Saw that Foundry Cloud recently shipped a notable product update."", ""value_angle"": ""We could accelerate their road from research prototype to production-grade platform.""}",1
9260afdb6baa,Cascade Labs,Chief Technology Officer,"Hamburg, Germany",https://businessinsider.com/cascade-raises-04m-preseed,Raised £0.4M in pre-seed funding in 2025,team@cascade.com,generic,True,83,warm,"{""recent_news"": ""Cascade Labs raised £0.4M in a pre-seed round in 2025."", ""person_highlights"": ""Moritz Köhler, Chief Technology Officer at Cascade Labs, has spoken publicly about scaling engineering teams."", ""company_challenge"": ""The company is focused on reducing inference latency while controlling GPU spend."", ""tech_stack"": ""A gpu-accelerated training stack on aws with custom orchestration"", ""icebreaker"": ""Saw that Cascade Labs recently shipped a notable product update."", ""value_angle"": ""We could give them observability across model pipelines and dependencies.""}",0
0e9d4c8e2024,Fleetly Freight,VP of Sales,"Toulouse, France",https://eu-startups.com/fleetly-raises-1623m-seriesc,Raised £162.3M in Series C funding in 2023,,,False,70,warm,"{""recent_news"": ""Fleetly Freight announced a strategic partnership in 2023 to broaden distribution."", ""person_highlights"": ""Pierre Thomas is the VP of Sales at Fleetly Freight and leads its technology and product direction."", ""company_challenge"": ""The company is focused on digitizing a paper-heavy freight-booking process."", ""tech_stack"": ""Kafka-based event tracking with a react dashboard"", ""icebreaker"": ""I noticed Fleetly Freight has been expanding its team this year."", ""value_angle"": ""We could cut last-mile cost with smarter route optimization.""}",1
7f9edd1e12da,Fundwise,HRBP Lead,"Rome, Italy",https://theverge.com/fundwise-raises-758m-seriesb,Closed a £75.8M Series B round in 2024,luca@fundwise.com,pattern,True,98,hot,"{""recent_news"": ""Fundwise raised £75.8M in a Series B round in 2024."", ""person_highlights"": ""Luca Esposito co-founded Fundwise and now serves as HRBP Lead."", ""company_challenge"": ""The company is focused on scaling KYC onboarding while keeping conversion high."", ""tech_stack"": "".net microservices with a rules engine for compliance"", ""icebreaker"": ""Impressed by Fundwise's momentum since the Series B round."", ""value_angle"": ""We could speed up KYC onboarding so fewer good customers drop off.""}",1
b974144f789b,Welbe Bio,EMEA Vice President of Sales,Germany,https://businessinsider.com/welbe-raises-79m-seed,Closed a £7.9M seed round in 2026,mathis@welbe.de,pattern,False,74,warm,"{""recent_news"": ""Welbe Bio launched a new product line in 2026 aimed at enterprise customers."", ""person_highlights"": ""Mathis Brandt is the EMEA Vice President of Sales at Welbe Bio and leads its technology and product direction."", ""company_challenge"": ""The company is focused on reducing clinician admin burden with better tooling."", ""tech_stack"": ""A data platform on gcp feeding clinical decision support"", ""icebreaker"": ""Impressed by Welbe Bio's momentum since the seed round."", ""value_angle"": ""We could scale their telehealth platform to handle demand spikes.""}",0
8c2a6f5d2cfa,Payflow Bank,HR Manager,"Milan, Italy",https://reuters.com/payflow-raises-115m-seriesa,Raised £11.5M in Series A funding in 2025,luca@payflow.ai,google,False,55,warm,"{""recent_news"": ""Payflow Bank raised £11.5M in a Series A round in 2025."", ""person_highlights"": ""Luca Russo joined Payflow Bank as HR Manager after senior roles at larger technology firms."", ""company_challenge"": ""The company is focused on differentiating in a crowded payments market."", ""tech_stack"": ""Node.js, postgres, and a real-time fraud-scoring engine"", ""icebreaker"": ""Saw that Payflow Bank recently shipped a notable product update."", ""value_angle"": ""We could lower their fraud rate while protecting conversion at checkout.""}",1
09042e9527a7,Monetar Bank,Country HR Director,"Milan, Italy",https://eu-startups.com/monetar-raises-348m-seriesb,Raised €34.8M in Series B funding in 2026,acosta@monetar.ai,hunter,False,91,hot,"{""recent_news"": ""Monetar Bank raised €34.8M in a Series B round in 2026."", ""person_highlights"": ""Andrea Costa co-founded Monetar Bank and now serves as Country HR Director."", ""company_challenge"": ""The company is focused on meeting tightening compliance requirements across new markets."", ""tech_stack"": "".net microservices with a rules engine for compliance"", ""icebreaker"": ""Saw that Monetar Bank recently shipped a notable product update."", ""value_angle"": ""We could give compliance teams audit-ready reporting out of the box.""}",1
68f01c25daea,Atelier,CMO,Singapore,https://businessinsider.com/atelier-raises-77m-seed,Raised £7.7M in seed funding in 2025,jng@atelier.io,pattern,False,72,warm,,0
27470b623ff4,Clearpay,Head of Digital,"London, UK",https://techcrunch.com/clearpay-raises-156m-seriesa,Closed a $15.6M Series A round in 2026,grace.w@clearpay.ai,hunter,False,0,cold,"{""recent_news"": ""Clearpay launched a new product line in 2026 aimed at enterprise customers."", ""person_highlights"": ""Grace Wright co-founded Clearpay and now serves as Head of Digital."", ""company_challenge"": ""The company is focused on meeting tightening compliance requirements across new markets."", ""tech_stack"": "".net microservices with a rules engine for compliance"", ""icebreaker"": ""Saw that Clearpay recently shipped a notable product update."", ""value_angle"": ""We could give compliance teams audit-ready reporting out of the box.""}",0
f1490b0897ff,Clearpay Bank,Head of Digital,Singapore,https://sifted.eu/clearpay-raises-71m-seed,Raised $7.1M in seed funding in 2025,jia@clearpay.sg,hunter,False,87,hot,"{""recent_news"": ""Clearpay Bank announced a strategic partnership in 2025 to broaden distribution."", ""person_highlights"": ""Jia Sharma is the Head of Digital at Clearpay Bank and leads its technology and product direction."", ""company_challenge"": ""The company is focused on reducing payment fraud without adding checkout friction."", ""tech_stack"": ""Java, kafka, and a pci-compliant ledger service"", ""icebreaker"": ""Impressed by Clearpay Bank's momentum since the seed round."", ""value_angle"": ""We could give compliance teams audit-ready reporting out of the box.""}",0
30b2addd9888,Quantal,Chief Technology Officer,Singapore,https://theverge.com/quantal-raises-939m-seriesc,Raised £93.9M in Series C funding in 2026,cheryl.i@quantal.com,pattern,True,85,hot,"{""recent_news"": ""Quantal launched a new product line in 2026 aimed at enterprise customers."", ""person_highlights"": ""Cheryl Iskandar is the Chief Technology Officer at Quantal and leads its technology and product direction."", ""company_challenge"": ""The company is focused on turning a strong research demo into a reliable production platform."", ""tech_stack"": ""Go microservices with a vector database for retrieval"", ""icebreaker"": ""Congrats on Quantal's £93.9M Series C round earlier in 2026."", ""value_angle"": ""We could give them observability across model pipelines and dependencies.""}",0
9e2cdf7a5b31,Banca.io,Chief Marketing Officer,"Paris, France",https://techcrunch.com/banca-raises-2724m-seriesc,Raised $272.4M in Series C funding in 2024,sales@banca.com,generic,False,75,warm,,0
fadb042c9568,Finova Finance,Head of Digital,"Dubai, UAE",https://crunchbase.com/finova-raises-605m-seriesb,Secured £60.5M (Series B) to accelerate growth,mohammed@finova.ai,google,True,55,warm,,0
212390dd4c36,Solène Group,VP of Sales,Singapore,https://eu-startups.com/solene-raises-1602m-seriesc,Announced £160.2M Series C financing in 2024,hong@solene.sg,hunter,True,89,hot,,1
15b478cb70ee,Parable Cloud,VP of Engineering,"Hamburg, Germany",https://theverge.com/parable-raises-73m-seed,Secured €7.3M (seed) to accelerate growth,fhardenberg@parable.com,pattern,True,57,warm,"{""recent_news"": ""Parable Cloud raised €7.3M in a seed round in 2024."", ""person_highlights"": ""Felix Hardenberg is the VP of Engineering at Parable Cloud and leads its technology and product direction."", ""company_challenge"": ""The company is focused on scaling its model-serving infrastructure to enterprise traffic."", ""tech_stack"": ""Python, pytorch, kubernetes, and a multi-tenant inference layer"", ""icebreaker"": ""Impressed by Parable Cloud's momentum since the seed round."", ""value_angle"": ""We could accelerate their road from research prototype to production-grade platform.""}",1
9515c4009eae,Bazaar & Co,CMO,"Turin, Italy",https://businessinsider.com/bazaar-raises-11m-preseed,Closed a £1.1M pre-seed round in 2025,mconti@bazaar.ai,hunter,True,75,warm,,0
6274c1744a1a,Étoile Commerce,Chief Digital Officer,Singapore,https://trendingtopics.eu/etoile-raises-49m-seed,Announced £4.9M seed financing in 2024,,,False,54,warm,"{""recent_news"": ""Étoile Commerce raised £4.9M in a seed round in 2024."", ""person_highlights"": ""Ravi Lim is the Chief Digital Officer at Étoile Commerce and leads its technology and product direction."", ""company_challenge"": ""The company is focused on personalizing offers without a clean first-party data foundation."", ""tech_stack"": ""A shopify plus storefront with a custom cdp integration"", ""icebreaker"": ""Saw that Étoile Commerce recently shipped a notable product update."", ""value_angle"": ""We could stand up a retail-media offering that monetizes existing traffic.""}",0
83243152aa70,Linea Commerce,VP Sales,Basingstoke,https://eu-startups.com/linea-raises-815m-seriesc,Announced €81.5M Series C financing in 2024,harry@linea.com,hunter,True,31,cold,"{""recent_news"": ""Linea Commerce launched a new product line in 2024 aimed at enterprise customers."", ""person_highlights"": ""Harry Walker joined Linea Commerce as VP Sales after senior roles at larger technology firms."", ""company_challenge"": ""The company is focused on improving e-commerce conversion on mobile."", ""tech_stack"": ""Sap commerce with a headless react front end"", ""icebreaker"": ""I noticed Linea Commerce has been expanding its team this year."", ""value_angle"": ""We could stand up a retail-media offering that monetizes existing traffic.""}",0
5f8032a3886b,Lastmile Supply,Chief Technology Officer,"Abu Dhabi, UAE",https://techcrunch.com/lastmile-raises-886m-seriesc,Closed a $88.6M Series C round in 2025,,,False,62,warm,,0
a4f9b3f4eefa,Banca Bank,Head of Digital,"Bologna, Italy",https://eu-startups.com/banca-raises-2605m-seriesc,Secured $260.5M (Series C) to accelerate growth,matteo.c@banca.com,pattern,True,38,cold,"{""recent_news"": ""Banca Bank launched a new product line in 2024 aimed at enterprise customers."", ""person_highlights"": ""Matteo Colombo co-founded Banca Bank and now serves as Head of Digital."", ""company_challenge"": ""The company is focused on meeting tightening compliance requirements across new markets."", ""tech_stack"": ""Node.js, postgres, and a real-time fraud-scoring engine"", ""icebreaker"": ""Impressed by Banca Bank's momentum since the Series C round."", ""value_angle"": ""We could sharpen their go-to-market message in a crowded category.""}",0
d6c7189d38a7,Cascade Systems,CTO,Singapore,https://businessinsider.com/cascade-raises-2621m-seriesc,Announced £262.1M Series C financing in 2026,sales@cascade.sg,generic,True,89,hot,"{""recent_news"": ""Cascade Systems raised £262.1M in a Series C round in 2026."", ""person_highlights"": ""Marcus Pillai co-founded Cascade Systems and now serves as CTO."", ""company_challenge"": ""The company is focused on reducing inference latency while controlling GPU spend."", ""tech_stack"": ""A gpu-accelerated training stack on aws with custom orchestration"", ""icebreaker"": ""Impressed by Cascade Systems's momentum since the Series C round."", ""value_angle"": ""We could give them observability across model pipelines and dependencies.""}",0
0b5f7078dfe0,Cratch Logistics,Regional Vice President of Sales,"Abu Dhabi, UAE",https://crunchbase.com/cratch-raises-1059m-seriesc,Announced £105.9M Series C financing in 2023,rashid.h@cratch.io,pattern,True,85,hot,"{""recent_news"": ""Cratch Logistics launched a new product line in 2023 aimed at enterprise customers."", ""person_highlights"": ""Rashid Hassan co-founded Cratch Logistics and now serves as Regional Vice President of Sales."", ""company_challenge"": ""The company is focused on digitizing a paper-heavy freight-booking process."", ""tech_stack"": ""A route-optimization engine in python with postgis"", ""icebreaker"": ""I noticed Cratch Logistics has been expanding its team this year."", ""value_angle"": ""We could forecast demand so warehouses staff to the right level.""}",0
af14e6b35506,Forma.ai,VP of Engineering,Dubai,https://crunchbase.com/forma-raises-212m-seriesa,Closed a £21.2M Series A round in 2025,sara.a@forma.com,pattern,False,94,hot,,0
2bf47a0d15c1,Transit Logistics,VP of Sales,Germany,https://linkedin.com/transit-raises-06m-preseed,Raised $0.6M in pre-seed funding in 2024,finn.weber@transit.io,google,False,98,hot,,1
be918eeb4246,Clarity.health,CTO,"Munich, Germany",https://crunchbase.com/clarity-raises-59m-seed,Closed a £5.9M seed round in 2024,lfrank@clarity.com,google,False,92,hot,,1
99975fabb8ed,Nuvo Care,Chief Technology Officer,Singapore,https://vestbee.com/nuvo-raises-54m-seed,Announced €5.4M seed financing in 2024,ktan@nuvo.sg,hunter,False,96,hot,"{""recent_news"": ""Nuvo Care launched a new product line in 2024 aimed at enterprise customers."", ""person_highlights"": ""Kai Tan joined Nuvo Care as Chief Technology Officer after senior roles at larger technology firms."", ""company_challenge"": ""The company is focused on getting interoperability across legacy EHR systems."", ""tech_stack"": ""A hipaa-compliant stack on azure with fhir apis"", ""icebreaker"": ""Congrats on Nuvo Care's €5.4M seed round earlier in 2024."", ""value_angle"": ""We could scale their telehealth platform to handle demand spikes.""}",1
450e9f97bce9,Cascade,Head of AI,"Munich, Germany",https://crunchbase.com/cascade-raises-91m-seriesa,Closed a $9.1M Series A round in 2026,david.f@cascade.io,scraping,False,30,cold,"{""recent_news"": ""Cascade launched a new product line in 2026 aimed at enterprise customers."", ""person_highlights"": ""David Frank co-founded Cascade and now serves as Head of AI."", ""company_challenge"": ""The company is focused on turning a strong research demo into a reliable production platform."", ""tech_stack"": ""Python, pytorch, kubernetes, and a multi-tenant inference layer"", ""icebreaker"": ""Saw that Cascade recently shipped a notable product update."", ""value_angle"": ""We could accelerate their road from research prototype to production-grade platform.""}",0
e6c3a10fb33c,Monetar Pay,Head of Digital,Germany,https://eu-startups.com/monetar-raises-28m-seed,Secured $2.8M (seed) to accelerate growth,maximilian@monetar.io,hunter,True,93,hot,"{""recent_news"": ""Monetar Pay raised $2.8M in a seed round in 2024."", ""person_highlights"": ""Maximilian Vogel is the Head of Digital at Monetar Pay and leads its technology and product direction."", ""company_challenge"": ""The company is focused on differentiating in a crowded payments market."", ""tech_stack"": ""Java, kafka, and a pci-compliant ledger service"", ""icebreaker"": ""Congrats on Monetar Pay's $2.8M seed round earlier in 2024."", ""value_angle"": ""We could sharpen their go-to-market message in a crowded category.""}",0
a460c6552f82,Nimbus,EMEA Vice President of Sales,"Hamburg, Germany",https://trendingtopics.eu/nimbus-raises-09m-preseed,Closed a £0.9M pre-seed round in 2025,,,False,30,cold,"{""recent_news"": ""Nimbus announced a strategic partnership in 2025 to broaden distribution."", ""person_highlights"": ""Sebastian Richter, EMEA Vice President of Sales at Nimbus, has spoken publicly about scaling engineering teams."", ""company_challenge"": ""The company is focused on scaling its model-serving infrastructure to enterprise traffic."", ""tech_stack"": ""Python, pytorch, kubernetes, and a multi-tenant inference layer"", ""icebreaker"": ""I noticed Nimbus has been expanding its team this year."", ""value_angle"": ""We could automate evaluation so they can ship model updates with confidence.""}",0
f4c2f524a330,Axion,Chief Technology Officer,"Dubai, UAE",https://linkedin.com/axion-raises-157m-seriesa,Closed a €15.7M Series A round in 2025,layla.s@axion.io,google,True,96,hot,"{""recent_news"": ""Axion raised €15.7M in a Series A round in 2025."", ""person_highlights"": ""Layla Sharif, Chief Technology Officer at Axion, has spoken publicly about scaling engineering teams."", ""company_challenge"": ""The company is focused on reducing inference latency while controlling GPU spend."", ""tech_stack"": ""A gpu-accelerated training stack on aws with custom orchestration"", ""icebreaker"": ""Impressed by Axion's momentum since the Series A round."", ""value_angle"": ""We could accelerate their road from research prototype to production-grade platform.""}",1
e1e0397b4c53,Helix Bio,Regional Vice President of Sales,Singapore,https://crunchbase.com/helix-raises-19m-seed,Announced £1.9M seed financing in 2024,achen@helix.io,scraping,False,58,warm,,1
b872961169d8,Glide Systems,Head of AI,"Lyon, France",https://trendingtopics.eu/glide-raises-739m-seriesb,Secured €73.9M (Series B) to accelerate growth,gabriel@glide.ai,pattern,True,84,warm,"{""recent_news"": ""Glide Systems expanded into a new market in 2025 following its Series B raise."", ""person_highlights"": ""Gabriel Lefebvre joined Glide Systems as Head of AI after senior roles at larger technology firms."", ""company_challenge"": ""The company is focused on turning a strong research demo into a reliable production platform."", ""tech_stack"": ""A gpu-accelerated training stack on aws with custom orchestration"", ""icebreaker"": ""Impressed by Glide Systems's momentum since the Series B round."", ""value_angle"": ""We could help them cut inference costs while keeping latency low at enterprise scale.""}",1
a6b9dc724148,Monetar Finance,Chief Marketing Officer,Singapore,https://theverge.com/monetar-raises-05m-preseed,Secured $0.5M (pre-seed) to accelerate growth,ateo@monetar.com,scraping,False,62,warm,"{""recent_news"": ""Monetar Finance raised $0.5M in a pre-seed round in 2024."", ""person_highlights"": ""Arjun Teo joined Monetar Finance as Chief Marketing Officer after senior roles at larger technology firms."", ""company_challenge"": ""The company is focused on reducing payment fraud without adding checkout friction."", ""tech_stack"": "".net microservices with a rules engine for compliance"", ""icebreaker"": ""Congrats on Monetar Finance's $0.5M pre-seed round earlier in 2024."", ""value_angle"": ""We could lower their fraud rate while protecting conversion at checkout.""}",1
4407c65bf6ee,Medbridge Health,CTO,Singapore,https://crunchbase.com/medbridge-raises-2645m-seriesc,Raised $264.5M in Series C funding in 2023,hui.t@medbridge.ai,google,True,60,warm,"{""recent_news"": ""Medbridge Health launched a new product line in 2023 aimed at enterprise customers."", ""person_highlights"": ""Hui Teo co-founded Medbridge Health and now serves as CTO."", ""company_challenge"": ""The company is focused on getting interoperability across legacy EHR systems."", ""tech_stack"": ""A react native app backed by a node.js care-coordination api"", ""icebreaker"": ""Impressed by Medbridge Health's momentum since the Series C round."", ""value_angle"": ""We could make EHR integration faster so onboarding new clinics is painless.""}",0
520048de9836,Mercato & Co,VP Sales,"Boston, MA, United States",https://businessinsider.com/mercato-raises-106m-seriesa,Raised €10.6M in Series A funding in 2023,brian.r@mercato.io,hunter,False,75,warm,"{""recent_news"": ""Mercato & Co expanded into a new market in 2023 following its Series A raise."", ""person_highlights"": ""Brian Robinson, VP Sales at Mercato & Co, has spoken publicly about scaling engineering teams."", ""company_challenge"": ""The company is focused on personalizing offers without a clean first-party data foundation."", ""tech_stack"": ""A homegrown commerce stack on aws with a snowflake warehouse"", ""icebreaker"": ""Congrats on Mercato & Co's €10.6M Series A round earlier in 2023."", ""value_angle"": ""We could tie loyalty data back to media spend for cleaner attribution.""}",1
90886282ae48,Payflow Capital,CTO,"Rome, Italy",https://businessinsider.com/payflow-raises-32m-seed,Closed a €3.2M seed round in 2025,riccardo.g@payflow.ai,google,True,97,hot,"{""recent_news"": ""Payflow Capital launched a new product line in 2025 aimed at enterprise customers."", ""person_highlights"": ""Riccardo Gallo, CTO at Payflow Capital, has spoken publicly about scaling engineering teams."", ""company_challenge"": ""The company is focused on scaling KYC onboarding while keeping conversion high."", ""tech_stack"": "".net microservices with a rules engine for compliance"", ""icebreaker"": ""I noticed Payflow Capital has been expanding its team this year."", ""value_angle"": ""We could lower their fraud rate while protecting conversion at checkout.""}",1
38fc4d87e0ba,Replio.ai,Head of AI,Singapore,https://trendingtopics.eu/replio-raises-06m-preseed,Raised £0.6M in pre-seed funding in 2024,jia.sharma@replio.sg,google,True,80,warm,"{""recent_news"": ""Replio.ai announced a strategic partnership in 2024 to broaden distribution."", ""person_highlights"": ""Jia Sharma, Head of AI at Replio.ai, has spoken publicly about scaling engineering teams."", ""company_challenge"": ""The company is focused on expanding from a single-product wedge into a broader platform."", ""tech_stack"": ""Go microservices with a vector database for retrieval"", ""icebreaker"": ""Impressed by Replio.ai's momentum since the pre-seed round."", ""value_angle"": ""We could help them cut inference costs while keeping latency low at enterprise scale.""}",1
e35b05584ee1,Loadly Logistics,CTO,"Munich, Germany",https://trendingtopics.eu/loadly-raises-386m-seriesb,Closed a €38.6M Series B round in 2023,ffrank@loadly.io,google,False,67,warm,"{""recent_news"": ""Loadly Logistics raised €38.6M in a Series B round in 2023."", ""person_highlights"": ""Finn Frank joined Loadly Logistics as CTO after senior roles at larger technology firms."", ""company_challenge"": ""The company is focused on forecasting demand to balance warehouse capacity."", ""tech_stack"": ""Go services with a real-time telematics ingestion pipeline"", ""icebreaker"": ""Saw that Loadly Logistics recently shipped a notable product update."", ""value_angle"": ""We could digitize freight booking to remove manual back-and-forth.""}",0
73157878ac61,Bazaar & Co,VP Sales,Singapore,https://techcrunch.com/bazaar-raises-179m-seriesa,Closed a $17.9M Series A round in 2025,info@bazaar.io,generic,True,52,warm,"{""recent_news"": ""Bazaar & Co announced a strategic partnership in 2025 to broaden distribution."", ""person_highlights"": ""Daniel Chua joined Bazaar & Co as VP Sales after senior roles at larger technology firms."", ""company_challenge"": ""The company is focused on personalizing offers without a clean first-party data foundation."", ""tech_stack"": ""A shopify plus storefront with a custom cdp integration"", ""icebreaker"": ""I noticed Bazaar & Co has been expanding its team this year."", ""value_angle"": ""We could lift mobile conversion with faster, personalized storefront experiences.""}",1
92a2d430db62,Nordica Commerce,HR Manager,London,https://theverge.com/nordica-raises-16m-seed,Secured £1.6M (seed) to accelerate growth,abrown@nordica.ai,pattern,False,99,hot,,0
d28f65d46ae3,Fundwise Bank,CMO,"Rome, Italy",https://techfundingnews.com/fundwise-raises-09m-preseed,Secured $0.9M (pre-seed) to accelerate growth,andrea.r@fundwise.io,google,False,35,cold,"{""recent_news"": ""Fundwise Bank announced a strategic partnership in 2025 to broaden distribution."", ""person_highlights"": ""Andrea Romano is the CMO at Fundwise Bank and leads its technology and product direction."", ""company_challenge"": ""The company is focused on differentiating in a crowded payments market."", ""tech_stack"": ""Node.js, postgres, and a real-time fraud-scoring engine"", ""icebreaker"": ""Congrats on Fundwise Bank's $0.9M pre-seed round earlier in 2025."", ""value_angle"": ""We could give compliance teams audit-ready reporting out of the box.""}",0
b83ab15ee1b3,Parable AI,Regional Vice President of Sales,"Toulouse, France",https://tech.eu/parable-raises-05m-preseed,Closed a $0.5M pre-seed round in 2025,crobert@parable.io,google,False,60,warm,,1
dd2eddb3b237,Paytrail Bank,Head of Digital,Dubai,https://reuters.com/paytrail-raises-09m-preseed,Raised €0.9M in pre-seed funding in 2026,,,False,41,cold,"{""recent_news"": ""Paytrail Bank announced a strategic partnership in 2026 to broaden distribution."", ""person_highlights"": ""Omar Nasser, Head of Digital at Paytrail Bank, has spoken publicly about scaling engineering teams."", ""company_challenge"": ""The company is focused on meeting tightening compliance requirements across new markets."", ""tech_stack"": ""Go, grpc, and an event-sourced transaction core"", ""icebreaker"": ""Congrats on Paytrail Bank's €0.9M pre-seed round earlier in 2026."", ""value_angle"": ""We could lower their fraud rate while protecting conversion at checkout.""}",0
a22b231d6ae6,Mindstack Systems,HR Manager,"Paris, France",https://crunchbase.com/mindstack-raises-12m-preseed,Secured £1.2M (pre-seed) to accelerate growth,clement@mindstack.ai,google,False,98,hot,"{""recent_news"": ""Mindstack Systems announced a strategic partnership in 2025 to broaden distribution."", ""person_highlights"": ""Clément Michel is the HR Manager at Mindstack Systems and leads its technology and product direction."", ""company_challenge"": ""The company is focused on reducing inference latency while controlling GPU spend."", ""tech_stack"": ""Typescript, postgres, and a ray-based training pipeline"", ""icebreaker"": ""Impressed by Mindstack Systems's momentum since the pre-seed round."", ""value_angle"": ""We could give them observability across model pipelines and dependencies.""}",1
a3e3a8ff9c03,Northpay Capital,Chief Marketing Officer,"Abu Dhabi, UAE",https://trendingtopics.eu/northpay-raises-2838m-seriesc,Secured €283.8M (Series C) to accelerate growth,aisha.n@northpay.com,scraping,True,65,warm,"{""recent_news"": ""Northpay Capital announced a strategic partnership in 2024 to broaden distribution."", ""person_highlights"": ""Aisha Nasser is the Chief Marketing Officer at Northpay Capital and leads its technology and product direction."", ""company_challenge"": ""The company is focused on meeting tightening compliance requirements across new markets."", ""tech_stack"": ""Go, grpc, and an event-sourced transaction core"", ""icebreaker"": ""Congrats on Northpay Capital's €283.8M Series C round earlier in 2024."", ""value_angle"": ""We could speed up KYC onboarding so fewer good customers drop off.""}",1
3fd10b9790cd,Lumen Labs,CTO,"San Francisco, CA, United States",https://linkedin.com/lumen-raises-218m-seriesa,Announced $21.8M Series A financing in 2023,jgarcia@lumen.com,google,True,15,cold,"{""recent_news"": ""Lumen Labs raised $21.8M in a Series A round in 2023."", ""person_highlights"": ""Jessica Garcia, CTO at Lumen Labs, has spoken publicly about scaling engineering teams."", ""company_challenge"": ""The company is focused on expanding from a single-product wedge into a broader platform."", ""tech_stack"": ""Typescript, postgres, and a ray-based training pipeline"", ""icebreaker"": ""Impressed by Lumen Labs's momentum since the Series A round."", ""value_angle"": ""We could help them cut inference costs while keeping latency low at enterprise scale.""}",0
2a5c7e7e1342,Parable Systems,HR Director,"Abu Dhabi, UAE",https://reuters.com/parable-raises-280m-seriesb,Raised £28.0M in Series B funding in 2025,aisha.nasser@parable.com,google,True,85,hot,"{""recent_news"": ""Parable Systems expanded into a new market in 2025 following its Series B raise."", ""person_highlights"": ""Aisha Nasser, HR Director at Parable Systems, has spoken publicly about scaling engineering teams."", ""company_challenge"": ""The company is focused on reducing inference latency while controlling GPU spend."", ""tech_stack"": ""Typescript, postgres, and a ray-based training pipeline"", ""icebreaker"": ""Congrats on Parable Systems's £28.0M Series B round earlier in 2025."", ""value_angle"": ""We could automate evaluation so they can ship model updates with confidence.""}",1
2e854d2d25b5,Cratch Systems,Head of Sales,"New York, New York, United States",https://eu-startups.com/cratch-raises-1756m-seriesc,Closed a €175.6M Series C round in 2026,hannah.g@cratch.ai,google,True,57,warm,"{""recent_news"": ""Cratch Systems expanded into a new market in 2026 following its Series C raise."", ""person_highlights"": ""Hannah Garcia co-founded Cratch Systems and now serves as Head of Sales."", ""company_challenge"": ""The company is focused on forecasting demand to balance warehouse capacity."", ""tech_stack"": ""Kafka-based event tracking with a react dashboard"", ""icebreaker"": ""I noticed Cratch Systems has been expanding its team this year."", ""value_angle"": ""We could give shippers real-time tracking that reduces support tickets.""}",1
842ae9ba577b,Haulr.io,HRBP Lead,Singapore,https://sifted.eu/haulr-raises-593m-seriesb,Raised £59.3M in Series B funding in 2025,pkumar@haulr.io,google,True,74,warm,"{""recent_news"": ""Haulr.io launched a new product line in 2025 aimed at enterprise customers."", ""person_highlights"": ""Priya Kumar joined Haulr.io as HRBP Lead after senior roles at larger technology firms."", ""company_challenge"": ""The company is focused on giving customers real-time visibility into shipments."", ""tech_stack"": ""A route-optimization engine in python with postgis"", ""icebreaker"": ""Congrats on Haulr.io's £59.3M Series B round earlier in 2025."", ""value_angle"": ""We could give shippers real-time tracking that reduces support tickets.""}",1
fa241fbb0e7d,Welbe Health,CTO,"Rome, Italy",https://vestbee.com/welbe-raises-593m-seriesb,Raised £59.3M in Series B funding in 2024,sofia@welbe.com,google,True,93,hot,"{""recent_news"": ""Welbe Health raised £59.3M in a Series B round in 2024."", ""person_highlights"": ""Sofia Costa, CTO at Welbe Health, has spoken publicly about scaling engineering teams."", ""company_challenge"": ""The company is focused on scaling a telehealth platform to handle peak demand."", ""tech_stack"": ""A hipaa-compliant stack on azure with fhir apis"", ""icebreaker"": ""Saw that Welbe Health recently shipped a notable product update."", ""value_angle"": ""We could make EHR integration faster so onboarding new clinics is painless.""}",1
cd22f6b7b1b6,Vesta Stores,Country HR Director,"Paris, France",https://eu-startups.com/vesta-raises-727m-seriesb,Raised €72.7M in Series B funding in 2025,chloe.t@vesta.fr,google,True,6,cold,"{""recent_news"": ""Vesta Stores announced a strategic partnership in 2025 to broaden distribution."", ""person_highlights"": ""Chloé Thomas is the Country HR Director at Vesta Stores and leads its technology and product direction."", ""company_challenge"": ""The company is focused on unifying online and in-store customer data into one view."", ""tech_stack"": ""Sap commerce with a headless react front end"", ""icebreaker"": ""Saw that Vesta Stores recently shipped a notable product update."", ""value_angle"": ""We could stand up a retail-media offering that monetizes existing traffic.""}",0
67b1bace956c,Cargopath Freight,VP of Sales,"Manchester, UK",https://tech.eu/cargopath-raises-37m-seed,Closed a $3.7M seed round in 2025,emily.w@cargopath.co.uk,pattern,False,69,warm,"{""recent_news"": ""Cargopath Freight expanded into a new market in 2025 following its seed raise."", ""person_highlights"": ""Emily Walker co-founded Cargopath Freight and now serves as VP of Sales."", ""company_challenge"": ""The company is focused on optimizing last-mile routing to cut delivery cost."", ""tech_stack"": ""Kafka-based event tracking with a react dashboard"", ""icebreaker"": ""Impressed by Cargopath Freight's momentum since the seed round."", ""value_angle"": ""We could digitize freight booking to remove manual back-and-forth.""}",1
cd9b67b09c50,Forma Labs,Chief Technology Officer,Italy,https://reuters.com/forma-raises-2887m-seriesc,Closed a £288.7M Series C round in 2023,francesco@forma.ai,google,False,56,warm,"{""recent_news"": ""Forma Labs expanded into a new market in 2023 following its Series C raise."", ""person_highlights"": ""Francesco Greco is the Chief Technology Officer at Forma Labs and leads its technology and product direction."", ""company_challenge"": ""The company is focused on turning a strong research demo into a reliable production platform."", ""tech_stack"": ""A gpu-accelerated training stack on aws with custom orchestration"", ""icebreaker"": ""Impressed by Forma Labs's momentum since the Series C round."", ""value_angle"": ""We could give them observability across model pipelines and dependencies.""}",1
9cd52cc70e73,Sanara,HR Manager,"London, UK",https://eu-startups.com/sanara-raises-2662m-seriesc,Secured $266.2M (Series C) to accelerate growth,james@sanara.ai,pattern,True,100,hot,"{""recent_news"": ""Sanara announced a strategic partnership in 2025 to broaden distribution."", ""person_highlights"": ""James Walker co-founded Sanara and now serves as HR Manager."", ""company_challenge"": ""The company is focused on scaling a telehealth platform to handle peak demand."", ""tech_stack"": ""Python services with an hl7 integration layer"", ""icebreaker"": ""I noticed Sanara has been expanding its team this year."", ""value_angle"": ""We could make EHR integration faster so onboarding new clinics is painless.""}",0
f79e5ea41190,Cargopath Freight,VP of Sales,Singapore,https://theverge.com/cargopath-raises-473m-seriesb,Announced $47.3M Series B financing in 2023,jia.l@cargopath.ai,hunter,True,81,warm,"{""recent_news"": ""Cargopath Freight raised $47.3M in a Series B round in 2023."", ""person_highlights"": ""Jia Lee is the VP of Sales at Cargopath Freight and leads its technology and product direction."", ""company_challenge"": ""The company is focused on forecasting demand to balance warehouse capacity."", ""tech_stack"": ""Go services with a real-time telematics ingestion pipeline"", ""icebreaker"": ""Congrats on Cargopath Freight's $47.3M Series B round earlier in 2023."", ""value_angle"": ""We could give shippers real-time tracking that reduces support tickets.""}",0
52905d485679,Ledgr Bank,CTO,Basingstoke,https://crunchbase.com/ledgr-raises-11m-preseed,Announced £1.1M pre-seed financing in 2024,twright@ledgr.com,google,True,70,warm,"{""recent_news"": ""Ledgr Bank raised £1.1M in a pre-seed round in 2024."", ""person_highlights"": ""Thomas Wright joined Ledgr Bank as CTO after senior roles at larger technology firms."", ""company_challenge"": ""The company is focused on reducing payment fraud without adding checkout friction."", ""tech_stack"": "".net microservices with a rules engine for compliance"", ""icebreaker"": ""Impressed by Ledgr Bank's momentum since the pre-seed round."", ""value_angle"": ""We could give compliance teams audit-ready reporting out of the box.""}",1
28ce416fc1b1,Nimbus Cloud,CTO,"London, UK",https://vestbee.com/nimbus-raises-650m-seriesb,Closed a £65.0M Series B round in 2025,charlotte.heller@nimbus.ai,pattern,False,87,hot,"{""recent_news"": ""Nimbus Cloud raised £65.0M in a Series B round in 2025."", ""person_highlights"": ""Charlotte Heller joined Nimbus Cloud as CTO after senior roles at larger technology firms."", ""company_challenge"": ""The company is focused on turning a strong research demo into a reliable production platform."", ""tech_stack"": ""Typescript, postgres, and a ray-based training pipeline"", ""icebreaker"": ""I noticed Nimbus Cloud has been expanding its team this year."", ""value_angle"": ""We could accelerate their road from research prototype to production-grade platform.""}",1
f0f6597f6ca2,Mode Group,Chief Digital Officer,Singapore,https://linkedin.com/mode-raises-720m-seriesb,Raised €72.0M in Series B funding in 2025,,,False,85,hot,"{""recent_news"": ""Mode Group expanded into a new market in 2025 following its Series B raise."", ""person_highlights"": ""Daniel Goh joined Mode Group as Chief Digital Officer after senior roles at larger technology firms."", ""company_challenge"": ""The company is focused on growing retail-media revenue from its e-commerce traffic."", ""tech_stack"": ""A homegrown commerce stack on aws with a snowflake warehouse"", ""icebreaker"": ""Impressed by Mode Group's momentum since the Series B round."", ""value_angle"": ""We could tie loyalty data back to media spend for cleaner attribution.""}",1
7f924d5e1d9a,Aria & Co,Head of Retail Media (Digital),Singapore,https://tech.eu/aria-raises-1457m-seriesc,Raised £145.7M in Series C funding in 2023,,,False,42,cold,"{""recent_news"": ""Aria & Co expanded into a new market in 2023 following its Series C raise."", ""person_highlights"": ""Jia Lim joined Aria & Co as Head of Retail Media (Digital) after senior roles at larger technology firms."", ""company_challenge"": ""The company is focused on personalizing offers without a clean first-party data foundation."", ""tech_stack"": ""Sap commerce with a headless react front end"", ""icebreaker"": ""Impressed by Aria & Co's momentum since the Series C round."", ""value_angle"": ""We could stand up a retail-media offering that monetizes existing traffic.""}",0
082f8e7a85b0,Lumen,CTO,"Rome, Italy",https://trendingtopics.eu/lumen-raises-55m-seed,Raised £5.5M in seed funding in 2023,federico.ferrari@lumen.io,pattern,True,91,hot,"{""recent_news"": ""Lumen launched a new product line in 2023 aimed at enterprise customers."", ""person_highlights"": ""Federico Ferrari co-founded Lumen and now serves as CTO."", ""company_challenge"": ""The company is focused on turning a strong research demo into a reliable production platform."", ""tech_stack"": ""Go microservices with a vector database for retrieval"", ""icebreaker"": ""Saw that Lumen recently shipped a notable product update."", ""value_angle"": ""We could accelerate their road from research prototype to production-grade platform.""}",0
5b5deb6c9f25,Paytrail Capital,VP of Finance,"Dubai, UAE",https://techcrunch.com/paytrail-raises-275m-seriesb,Closed a €27.5M Series B round in 2024,fatima.a@paytrail.ae,google,True,39,cold,"{""recent_news"": ""Paytrail Capital launched a new product line in 2024 aimed at enterprise customers."", ""person_highlights"": ""Fatima Al Suwaidi, VP of Finance at Paytrail Capital, has spoken publicly about scaling engineering teams."", ""company_challenge"": ""The company is focused on meeting tightening compliance requirements across new markets."", ""tech_stack"": ""Go, grpc, and an event-sourced transaction core"", ""icebreaker"": ""Saw that Paytrail Capital recently shipped a notable product update."", ""value_angle"": ""We could give compliance teams audit-ready reporting out of the box.""}",0
04427287ce5c,Modela,CTO,"Toulouse, France",https://trendingtopics.eu/modela-raises-741m-seriesb,Secured $74.1M (Series B) to accelerate growth,team@modela.io,generic,False,100,hot,"{""recent_news"": ""Modela announced a strategic partnership in 2025 to broaden distribution."", ""person_highlights"": ""Mathis Durand is the CTO at Modela and leads its technology and product direction."", ""company_challenge"": ""The company is focused on turning a strong research demo into a reliable production platform."", ""tech_stack"": ""Go microservices with a vector database for retrieval"", ""icebreaker"": ""Congrats on Modela's $74.1M Series B round earlier in 2025."", ""value_angle"": ""We could accelerate their road from research prototype to production-grade platform.""}",0
2e8d27cc6399,Glide AI,CTO,"London, UK",https://tech.eu/glide-raises-201m-seriesa,Announced £20.1M Series A financing in 2024,sophie.h@glide.ai,pattern,True,19,cold,"{""recent_news"": ""Glide AI expanded into a new market in 2024 following its Series A raise."", ""person_highlights"": ""Sophie Hughes, CTO at Glide AI, has spoken publicly about scaling engineering teams."", ""company_challenge"": ""The company is focused on expanding from a single-product wedge into a broader platform."", ""tech_stack"": ""Go microservices with a vector database for retrieval"", ""icebreaker"": ""I noticed Glide AI has been expanding its team this year."", ""value_angle"": ""We could give them observability across model pipelines and dependencies.""}",0
a20295b19a87,Ledgr,CTO,Singapore,https://theverge.com/ledgr-raises-2289m-seriesc,Closed a $228.9M Series C round in 2024,faizal.c@ledgr.ai,google,False,89,hot,,1
2c84abe7da16,Freightly Logistics,CTO,"Munich, Germany",https://trendingtopics.eu/freightly-raises-28m-seed,Secured €2.8M (seed) to accelerate growth,,,False,91,hot,"{""recent_news"": ""Freightly Logistics launched a new product line in 2024 aimed at enterprise customers."", ""person_highlights"": ""Hannah Köhler joined Freightly Logistics as CTO after senior roles at larger technology firms."", ""company_challenge"": ""The company is focused on optimizing last-mile routing to cut delivery cost."", ""tech_stack"": ""A .net tms integrated with carrier edi feeds"", ""icebreaker"": ""Congrats on Freightly Logistics's €2.8M seed round earlier in 2024."", ""value_angle"": ""We could cut last-mile cost with smarter route optimization.""}",0
36703ff562a8,Lumière Retail,Head of Digital,"Austin, TX, United States",https://vestbee.com/lumiere-raises-747m-seriesb,Raised $74.7M in Series B funding in 2023,awhite@lumiere.ai,google,True,60,warm,,1
c8697f0bfc13,Axion Systems,VP of Engineering,Basingstoke,https://trendingtopics.eu/axion-raises-08m-preseed,Announced €0.8M pre-seed financing in 2026,sophie.t@axion.co.uk,hunter,True,44,cold,"{""recent_news"": ""Axion Systems expanded into a new market in 2026 following its pre-seed raise."", ""person_highlights"": ""Sophie Thomas joined Axion Systems as VP of Engineering after senior roles at larger technology firms."", ""company_challenge"": ""The company is focused on turning a strong research demo into a reliable production platform."", ""tech_stack"": ""Go microservices with a vector database for retrieval"", ""icebreaker"": ""Impressed by Axion Systems's momentum since the pre-seed round."", ""value_angle"": ""We could accelerate their road from research prototype to production-grade platform.""}",0
dbef92d0c553,Nordica Stores,HRBP Lead,"Abu Dhabi, UAE",https://techfundingnews.com/nordica-raises-07m-preseed,Raised €0.7M in pre-seed funding in 2026,yousef@nordica.com,pattern,True,88,hot,"{""recent_news"": ""Nordica Stores announced a strategic partnership in 2026 to broaden distribution."", ""person_highlights"": ""Yousef Nasser co-founded Nordica Stores and now serves as HRBP Lead."", ""company_challenge"": ""The company is focused on improving e-commerce conversion on mobile."", ""tech_stack"": ""Sap commerce with a headless react front end"", ""icebreaker"": ""I noticed Nordica Stores has been expanding its team this year."", ""value_angle"": ""We could tie loyalty data back to media spend for cleaner attribution.""}",0
618b0500fbf1,Tally Capital,Head of Digital,"Hamburg, Germany",https://trendingtopics.eu/tally-raises-1818m-seriesc,Raised £181.8M in Series C funding in 2025,finn.lehmann@tally.io,pattern,False,7,cold,,0
afdaad0dc22e,Vectra Cloud,CTO,"Boston, MA, United States",https://crunchbase.com/vectra-raises-2071m-seriesc,Closed a €207.1M Series C round in 2024,hello@vectra.ai,generic,False,70,warm,"{""recent_news"": ""Vectra Cloud launched a new product line in 2024 aimed at enterprise customers."", ""person_highlights"": ""Matthew Martinez, CTO at Vectra Cloud, has spoken publicly about scaling engineering teams."", ""company_challenge"": ""The company is focused on expanding from a single-product wedge into a broader platform."", ""tech_stack"": ""Go microservices with a vector database for retrieval"", ""icebreaker"": ""Congrats on Vectra Cloud's €207.1M Series C round earlier in 2024."", ""value_angle"": ""We could help them cut inference costs while keeping latency low at enterprise scale.""}",1
ee1c30df873c,Settle Finance,Chief Marketing Officer,"Dubai, UAE",https://vestbee.com/settle-raises-201m-seriesa,Announced £20.1M Series A financing in 2025,oalmaktoum@settle.io,google,True,97,hot,"{""recent_news"": ""Settle Finance expanded into a new market in 2025 following its Series A raise."", ""person_highlights"": ""Omar Al Maktoum co-founded Settle Finance and now serves as Chief Marketing Officer."", ""company_challenge"": ""The company is focused on reducing payment fraud without adding checkout friction."", ""tech_stack"": ""Node.js, postgres, and a real-time fraud-scoring engine"", ""icebreaker"": ""Impressed by Settle Finance's momentum since the Series A round."", ""value_angle"": ""We could give compliance teams audit-ready reporting out of the box.""}",0
de79d8a86ac6,Stride Labs,HR Director,France,https://trendingtopics.eu/stride-raises-2847m-seriesc,Closed a £284.7M Series C round in 2025,antoine@stride.com,hunter,False,81,warm,"{""recent_news"": ""Stride Labs announced a strategic partnership in 2025 to broaden distribution."", ""person_highlights"": ""Antoine Fontaine co-founded Stride Labs and now serves as HR Director."", ""company_challenge"": ""The company is focused on turning a strong research demo into a reliable production platform."", ""tech_stack"": ""Typescript, postgres, and a ray-based training pipeline"", ""icebreaker"": ""I noticed Stride Labs has been expanding its team this year."", ""value_angle"": ""We could automate evaluation so they can ship model updates with confidence.""}",0
facaee096d22,Aria Commerce,Head of Retail Media (Digital),Dubai,https://businessinsider.com/aria-raises-2964m-seriesc,Announced $296.4M Series C financing in 2024,faisal.n@aria.ae,hunter,True,87,hot,,0
a3c8041c7174,Brightloop Cloud,VP of Engineering,"Milan, Italy",https://eu-startups.com/brightloop-raises-243m-seriesa,Secured €24.3M (Series A) to accelerate growth,alice.russo@brightloop.io,pattern,True,95,hot,,0
5a93c6599ded,Cratch Freight,Head of Digital,"Milan, Italy",https://eu-startups.com/cratch-raises-13m-preseed,Secured £1.3M (pre-seed) to accelerate growth,,,False,89,hot,"{""recent_news"": ""Cratch Freight launched a new product line in 2024 aimed at enterprise customers."", ""person_highlights"": ""Stefano Russo, Head of Digital at Cratch Freight, has spoken publicly about scaling engineering teams."", ""company_challenge"": ""The company is focused on giving customers real-time visibility into shipments."", ""tech_stack"": ""A route-optimization engine in python with postgis"", ""icebreaker"": ""I noticed Cratch Freight has been expanding its team this year."", ""value_angle"": ""We could give shippers real-time tracking that reduces support tickets.""}",1
e5831ad43ac8,Vaulta Finance,VP of Sales,Dubai,https://sifted.eu/vaulta-raises-381m-seriesb,Closed a €38.1M Series B round in 2025,zainab@vaulta.io,hunter,False,48,cold,"{""recent_news"": ""Vaulta Finance launched a new product line in 2025 aimed at enterprise customers."", ""person_highlights"": ""Zainab Al Nahyan is the VP of Sales at Vaulta Finance and leads its technology and product direction."", ""company_challenge"": ""The company is focused on scaling KYC onboarding while keeping conversion high."", ""tech_stack"": ""Java, kafka, and a pci-compliant ledger service"", ""icebreaker"": ""Congrats on Vaulta Finance's €38.1M Series B round earlier in 2025."", ""value_angle"": ""We could speed up KYC onboarding so fewer good customers drop off.""}",0
28ef8ce67251,Paytrail.io,Regional Vice President of Sales,"Cambridge, UK",https://tech.eu/paytrail-raises-243m-seriesa,Raised €24.3M in Series A funding in 2026,,,False,28,cold,"{""recent_news"": ""Paytrail.io launched a new product line in 2026 aimed at enterprise customers."", ""person_highlights"": ""Lucy Walker co-founded Paytrail.io and now serves as Regional Vice President of Sales."", ""company_challenge"": ""The company is focused on scaling KYC onboarding while keeping conversion high."", ""tech_stack"": ""Go, grpc, and an event-sourced transaction core"", ""icebreaker"": ""Saw that Paytrail.io recently shipped a notable product update."", ""value_angle"": ""We could give compliance teams audit-ready reporting out of the box.""}",0
f3184ef372bb,Nimbus.ai,Chief Technology Officer,"Toulouse, France",https://reuters.com/nimbus-raises-304m-seriesb,Announced $30.4M Series B financing in 2023,maxime@nimbus.io,pattern,True,56,warm,"{""recent_news"": ""Nimbus.ai launched a new product line in 2023 aimed at enterprise customers."", ""person_highlights"": ""Maxime Durand, Chief Technology Officer at Nimbus.ai, has spoken publicly about scaling engineering teams."", ""company_challenge"": ""The company is focused on reducing inference latency while controlling GPU spend."", ""tech_stack"": ""Python, pytorch, kubernetes, and a multi-tenant inference layer"", ""icebreaker"": ""Congrats on Nimbus.ai's $30.4M Series B round earlier in 2023."", ""value_angle"": ""We could help them cut inference costs while keeping latency low at enterprise scale.""}",0
c7d5b225d60b,Boutiq & Co,Chief Marketing Officer,Singapore,https://theverge.com/boutiq-raises-11m-preseed,Announced £1.1M pre-seed financing in 2024,li@boutiq.com,pattern,False,81,warm,"{""recent_news"": ""Boutiq & Co launched a new product line in 2024 aimed at enterprise customers."", ""person_highlights"": ""Li Ng, Chief Marketing Officer at Boutiq & Co, has spoken publicly about scaling engineering teams."", ""company_challenge"": ""The company is focused on improving e-commerce conversion on mobile."", ""tech_stack"": ""A shopify plus storefront with a custom cdp integration"", ""icebreaker"": ""Saw that Boutiq & Co recently shipped a notable product update."", ""value_angle"": ""We could unify their customer data so campaigns target the right shoppers.""}",0
c9c549985f2f,Cortex,VP Sales,"Munich, Germany",https://linkedin.com/cortex-raises-98m-seriesa,Raised €9.8M in Series A funding in 2023,johanna.s@cortex.com,google,False,58,warm,"{""recent_news"": ""Cortex announced a strategic partnership in 2023 to broaden distribution."", ""person_highlights"": ""Johanna Schulz is the VP Sales at Cortex and leads its technology and product direction."", ""company_challenge"": ""The company is focused on expanding from a single-product wedge into a broader platform."", ""tech_stack"": ""Typescript, postgres, and a ray-based training pipeline"", ""icebreaker"": ""Congrats on Cortex's €9.8M Series A round earlier in 2023."", ""value_angle"": ""We could help them cut inference costs while keeping latency low at enterprise scale.""}",1
665145c4eb17,Foundry,Head of AI,"Abu Dhabi, UAE",https://crunchbase.com/foundry-raises-1978m-seriesc,Secured $197.8M (Series C) to accelerate growth,hello@foundry.com,generic,True,30,cold,"{""recent_news"": ""Foundry raised $197.8M in a Series C round in 2024."", ""person_highlights"": ""Imran Aziz is the Head of AI at Foundry and leads its technology and product direction."", ""company_challenge"": ""The company is focused on turning a strong research demo into a reliable production platform."", ""tech_stack"": ""Go microservices with a vector database for retrieval"", ""icebreaker"": ""Congrats on Foundry's $197.8M Series C round earlier in 2024."", ""value_angle"": ""We could automate evaluation so they can ship model updates with confidence.""}",0
e724824dbf6f,Mindstack Labs,Chief Technology Officer,"Paris, France",https://trendingtopics.eu/mindstack-raises-05m-preseed,Closed a $0.5M pre-seed round in 2026,lmichel@mindstack.fr,pattern,False,64,warm,"{""recent_news"": ""Mindstack Labs launched a new product line in 2026 aimed at enterprise customers."", ""person_highlights"": ""Léa Michel co-founded Mindstack Labs and now serves as Chief Technology Officer."", ""company_challenge"": ""The company is focused on expanding from a single-product wedge into a broader platform."", ""tech_stack"": ""Python, pytorch, kubernetes, and a multi-tenant inference layer"", ""icebreaker"": ""Congrats on Mindstack Labs's $0.5M pre-seed round earlier in 2026."", ""value_angle"": ""We could give them observability across model pipelines and dependencies.""}",0
10991edc3e5e,Shiply Supply,EMEA Vice President of Sales,Singapore,https://techcrunch.com/shiply-raises-901m-seriesc,Closed a €90.1M Series C round in 2026,nadia@shiply.ai,scraping,True,53,warm,,1
14b1c9120e07,Vectra.ai,CTO,Singapore,https://reuters.com/vectra-raises-428m-seriesb,Closed a £42.8M Series B round in 2026,,,False,73,warm,"{""recent_news"": ""Vectra.ai expanded into a new market in 2026 following its Series B raise."", ""person_highlights"": ""Hui Wong is the CTO at Vectra.ai and leads its technology and product direction."", ""company_challenge"": ""The company is focused on reducing inference latency while controlling GPU spend."", ""tech_stack"": ""Go microservices with a vector database for retrieval"", ""icebreaker"": ""Congrats on Vectra.ai's £42.8M Series B round earlier in 2026."", ""value_angle"": ""We could help them cut inference costs while keeping latency low at enterprise scale.""}",0
4894a587f1fc,Transit.io,Chief Technology Officer,"Munich, Germany",https://vestbee.com/transit-raises-75m-seed,Secured $7.5M (seed) to accelerate growth,tobias.w@transit.io,google,True,85,hot,"{""recent_news"": ""Transit.io announced a strategic partnership in 2026 to broaden distribution."", ""person_highlights"": ""Tobias Weber joined Transit.io as Chief Technology Officer after senior roles at larger technology firms."", ""company_challenge"": ""The company is focused on optimizing last-mile routing to cut delivery cost."", ""tech_stack"": ""Kafka-based event tracking with a react dashboard"", ""icebreaker"": ""Saw that Transit.io recently shipped a notable product update."", ""value_angle"": ""We could forecast demand so warehouses staff to the right level.""}",1
70d4dcde3d65,Clarity.health,HR Director,Berlin,https://trendingtopics.eu/clarity-raises-227m-seriesa,Closed a £22.7M Series A round in 2025,paul.hoffmann@clarity.de,google,True,6,cold,"{""recent_news"": ""Clarity.health expanded into a new market in 2025 following its Series A raise."", ""person_highlights"": ""Paul Hoffmann, HR Director at Clarity.health, has spoken publicly about scaling engineering teams."", ""company_challenge"": ""The company is focused on meeting strict data-privacy rules while integrating hospital systems."", ""tech_stack"": ""Python services with an hl7 integration layer"", ""icebreaker"": ""Congrats on Clarity.health's £22.7M Series A round earlier in 2025."", ""value_angle"": ""We could make EHR integration faster so onboarding new clinics is painless.""}",0
29302ef9fcdb,Healspan Bio,VP Sales,"Dubai, UAE",https://techcrunch.com/healspan-raises-14m-preseed,Closed a $1.4M pre-seed round in 2024,onasser@healspan.io,google,False,86,hot,"{""recent_news"": ""Healspan Bio raised $1.4M in a pre-seed round in 2024."", ""person_highlights"": ""Omar Nasser is the VP Sales at Healspan Bio and leads its technology and product direction."", ""company_challenge"": ""The company is focused on scaling a telehealth platform to handle peak demand."", ""tech_stack"": ""A data platform on gcp feeding clinical decision support"", ""icebreaker"": ""Saw that Healspan Bio recently shipped a notable product update."", ""value_angle"": ""We could keep patient data compliant while enabling analytics.""}",1
3193bebcf9b1,Nordica Retail,Chief Marketing Officer,Singapore,https://eu-startups.com/nordica-raises-29m-seed,Announced €2.9M seed financing in 2025,,,False,86,hot,"{""recent_news"": ""Nordica Retail expanded into a new market in 2025 following its seed raise."", ""person_highlights"": ""Rachel Iskandar co-founded Nordica Retail and now serves as Chief Marketing Officer."", ""company_challenge"": ""The company is focused on improving e-commerce conversion on mobile."", ""tech_stack"": ""Salesforce commerce cloud and a segment data layer"", ""icebreaker"": ""Saw that Nordica Retail recently shipped a notable product update."", ""value_angle"": ""We could lift mobile conversion with faster, personalized storefront experiences.""}",1
c6606006b127,Nimbus AI,Regional Vice President of Sales,"Munich, Germany",https://tech.eu/nimbus-raises-53m-seed,Closed a £5.3M seed round in 2025,clara@nimbus.io,scraping,False,40,cold,"{""recent_news"": ""Nimbus AI announced a strategic partnership in 2025 to broaden distribution."", ""person_highlights"": ""Clara Neumann joined Nimbus AI as Regional Vice President of Sales after senior roles at larger technology firms."", ""company_challenge"": ""The company is focused on expanding from a single-product wedge into a broader platform."", ""tech_stack"": ""A gpu-accelerated training stack on aws with custom orchestration"", ""icebreaker"": ""Saw that Nimbus AI recently shipped a notable product update."", ""value_angle"": ""We could help them cut inference costs while keeping latency low at enterprise scale.""}",0
5e0692035c99,Aria Retail,CMO,"Lyon, France",https://trendingtopics.eu/aria-raises-1668m-seriesc,Raised €166.8M in Series C funding in 2026,,,False,86,hot,"{""recent_news"": ""Aria Retail raised €166.8M in a Series C round in 2026."", ""person_highlights"": ""Maxime Robert is the CMO at Aria Retail and leads its technology and product direction."", ""company_challenge"": ""The company is focused on growing retail-media revenue from its e-commerce traffic."", ""tech_stack"": ""Sap commerce with a headless react front end"", ""icebreaker"": ""I noticed Aria Retail has been expanding its team this year."", ""value_angle"": ""We could stand up a retail-media offering that monetizes existing traffic.""}",0
e026680dd7a8,Carrefive,CMO,"Hamburg, Germany",https://vestbee.com/carrefive-raises-637m-seriesb,Raised £63.7M in Series B funding in 2023,clara@carrefive.com,pattern,True,23,cold,"{""recent_news"": ""Carrefive launched a new product line in 2023 aimed at enterprise customers."", ""person_highlights"": ""Clara Schneider is the CMO at Carrefive and leads its technology and product direction."", ""company_challenge"": ""The company is focused on personalizing offers without a clean first-party data foundation."", ""tech_stack"": ""A homegrown commerce stack on aws with a snowflake warehouse"", ""icebreaker"": ""Saw that Carrefive recently shipped a notable product update."", ""value_angle"": ""We could lift mobile conversion with faster, personalized storefront experiences.""}",0
b36f9ee6b89b,Modela Cloud,VP of Engineering,"Paris, France",https://businessinsider.com/modela-raises-24m-seed,Closed a £2.4M seed round in 2024,hugo.thomas@modela.com,google,True,87,hot,,0
47a5079982d3,Oncora.health,Chief Technology Officer,"London, UK",https://trendingtopics.eu/oncora-raises-2625m-seriesc,Secured £262.5M (Series C) to accelerate growth,sophie.c@oncora.io,pattern,True,83,warm,"{""recent_news"": ""Oncora.health raised £262.5M in a Series C round in 2025."", ""person_highlights"": ""Sophie Clarke joined Oncora.health as Chief Technology Officer after senior roles at larger technology firms."", ""company_challenge"": ""The company is focused on getting interoperability across legacy EHR systems."", ""tech_stack"": ""A hipaa-compliant stack on azure with fhir apis"", ""icebreaker"": ""Congrats on Oncora.health's £262.5M Series C round earlier in 2025."", ""value_angle"": ""We could keep patient data compliant while enabling analytics.""}",0
df3a6791bcc8,Synth AI,Chief Technology Officer,Italy,https://techfundingnews.com/synth-raises-151m-seriesa,Raised €15.1M in Series A funding in 2026,giorgia.bianchi@synth.ai,pattern,False,89,hot,"{""recent_news"": ""Synth AI raised €15.1M in a Series A round in 2026."", ""person_highlights"": ""Giorgia Bianchi joined Synth AI as Chief Technology Officer after senior roles at larger technology firms."", ""company_challenge"": ""The company is focused on turning a strong research demo into a reliable production platform."", ""tech_stack"": ""A gpu-accelerated training stack on aws with custom orchestration"", ""icebreaker"": ""Saw that Synth AI recently shipped a notable product update."", ""value_angle"": ""We could give them observability across model pipelines and dependencies.""}",0
ad7fcb6cb4d6,Castello & Co,Head of Retail Media (Digital),Basingstoke,https://theverge.com/castello-raises-128m-seriesa,Closed a $12.8M Series A round in 2024,charlie@castello.ai,scraping,False,86,hot,"{""recent_news"": ""Castello & Co expanded into a new market in 2024 following its Series A raise."", ""person_highlights"": ""Charlie Wright joined Castello & Co as Head of Retail Media (Digital) after senior roles at larger technology firms."", ""company_challenge"": ""The company is focused on improving e-commerce conversion on mobile."", ""tech_stack"": ""Sap commerce with a headless react front end"", ""icebreaker"": ""I noticed Castello & Co has been expanding its team this year."", ""value_angle"": ""We could unify their customer data so campaigns target the right shoppers.""}",1
7739652b85d0,Loop.ai,Chief Technology Officer,Singapore,https://trendingtopics.eu/loop-raises-08m-preseed,Closed a $0.8M pre-seed round in 2025,ming@loop.io,hunter,False,71,warm,"{""recent_news"": ""Loop.ai expanded into a new market in 2025 following its pre-seed raise."", ""person_highlights"": ""Ming Lim is the Chief Technology Officer at Loop.ai and leads its technology and product direction."", ""company_challenge"": ""The company is focused on turning a strong research demo into a reliable production platform."", ""tech_stack"": ""Go microservices with a vector database for retrieval"", ""icebreaker"": ""Impressed by Loop.ai's momentum since the pre-seed round."", ""value_angle"": ""We could give them observability across model pipelines and dependencies.""}",0
24f20de53fa2,Cratch.io,Chief Technology Officer,"San Francisco, CA, United States",https://linkedin.com/cratch-raises-96m-seriesa,Closed a €9.6M Series A round in 2023,emily@cratch.co,hunter,True,66,warm,"{""recent_news"": ""Cratch.io launched a new product line in 2023 aimed at enterprise customers."", ""person_highlights"": ""Emily Davis joined Cratch.io as Chief Technology Officer after senior roles at larger technology firms."", ""company_challenge"": ""The company is focused on giving customers real-time visibility into shipments."", ""tech_stack"": ""A route-optimization engine in python with postgis"", ""icebreaker"": ""Impressed by Cratch.io's momentum since the Series A round."", ""value_angle"": ""We could cut last-mile cost with smarter route optimization.""}",1
a529f0de7746,Paytrail Finance,Head of Digital,"New York, New York, United States",https://theverge.com/paytrail-raises-993m-seriesc,Announced €99.3M Series C financing in 2026,,,False,71,warm,"{""recent_news"": ""Paytrail Finance announced a strategic partnership in 2026 to broaden distribution."", ""person_highlights"": ""Hannah Garcia, Head of Digital at Paytrail Finance, has spoken publicly about scaling engineering teams."", ""company_challenge"": ""The company is focused on reducing payment fraud without adding checkout friction."", ""tech_stack"": "".net microservices with a rules engine for compliance"", ""icebreaker"": ""Impressed by Paytrail Finance's momentum since the Series C round."", ""value_angle"": ""We could speed up KYC onboarding so fewer good customers drop off.""}",0
500294291a77,Bottega Retail,Head of Retail Media (Digital),"Lyon, France",https://eu-startups.com/bottega-raises-2462m-seriesc,Closed a £246.2M Series C round in 2024,manon.d@bottega.com,google,True,81,warm,"{""recent_news"": ""Bottega Retail launched a new product line in 2024 aimed at enterprise customers."", ""person_highlights"": ""Manon Dubois co-founded Bottega Retail and now serves as Head of Retail Media (Digital)."", ""company_challenge"": ""The company is focused on unifying online and in-store customer data into one view."", ""tech_stack"": ""Salesforce commerce cloud and a segment data layer"", ""icebreaker"": ""Saw that Bottega Retail recently shipped a notable product update."", ""value_angle"": ""We could tie loyalty data back to media spend for cleaner attribution.""}",0
a42a18bed24b,Payflow Pay,CMO,"London, UK",https://linkedin.com/payflow-raises-2440m-seriesc,Announced $244.0M Series C financing in 2025,,,False,100,hot,"{""recent_news"": ""Payflow Pay launched a new product line in 2025 aimed at enterprise customers."", ""person_highlights"": ""George Wright co-founded Payflow Pay and now serves as CMO."", ""company_challenge"": ""The company is focused on meeting tightening compliance requirements across new markets."", ""tech_stack"": ""Go, grpc, and an event-sourced transaction core"", ""icebreaker"": ""Congrats on Payflow Pay's $244.0M Series C round earlier in 2025."", ""value_angle"": ""We could give compliance teams audit-ready reporting out of the box.""}",0
c8757b692681,Modela.ai,CTO,Singapore,https://linkedin.com/modela-raises-65m-seed,Raised £6.5M in seed funding in 2024,,,False,56,warm,"{""recent_news"": ""Modela.ai launched a new product line in 2024 aimed at enterprise customers."", ""person_highlights"": ""Cheryl Kumar, CTO at Modela.ai, has spoken publicly about scaling engineering teams."", ""company_challenge"": ""The company is focused on turning a strong research demo into a reliable production platform."", ""tech_stack"": ""Go microservices with a vector database for retrieval"", ""icebreaker"": ""Saw that Modela.ai recently shipped a notable product update."", ""value_angle"": ""We could help them cut inference costs while keeping latency low at enterprise scale.""}",0
1315531aefa9,Settle Pay,Head of Digital,"London, UK",https://vestbee.com/settle-raises-2317m-seriesc,Raised £231.7M in Series C funding in 2025,lucy@settle.io,hunter,True,64,warm,"{""recent_news"": ""Settle Pay raised £231.7M in a Series C round in 2025."", ""person_highlights"": ""Lucy Edwards is the Head of Digital at Settle Pay and leads its technology and product direction."", ""company_challenge"": ""The company is focused on reducing payment fraud without adding checkout friction."", ""tech_stack"": ""Java, kafka, and a pci-compliant ledger service"", ""icebreaker"": ""Impressed by Settle Pay's momentum since the Series C round."", ""value_angle"": ""We could give compliance teams audit-ready reporting out of the box.""}",0
cee8cd494447,Fundwise Bank,Head of Sales,"Munich, Germany",https://techcrunch.com/fundwise-raises-04m-preseed,Announced €0.4M pre-seed financing in 2025,magnus@fundwise.io,google,True,57,warm,"{""recent_news"": ""Fundwise Bank raised €0.4M in a pre-seed round in 2025."", ""person_highlights"": ""Magnus Becker is the Head of Sales at Fundwise Bank and leads its technology and product direction."", ""company_challenge"": ""The company is focused on differentiating in a crowded payments market."", ""tech_stack"": ""Java, kafka, and a pci-compliant ledger service"", ""icebreaker"": ""Saw that Fundwise Bank recently shipped a notable product update."", ""value_angle"": ""We could lower their fraud rate while protecting conversion at checkout.""}",0
f33641e99a51,Lumière,CMO,Singapore,https://tech.eu/lumiere-raises-1332m-seriesc,Raised £133.2M in Series C funding in 2025,mkumar@lumiere.sg,google,True,84,warm,"{""recent_news"": ""Lumière raised £133.2M in a Series C round in 2025."", ""person_highlights"": ""Marcus Kumar joined Lumière as CMO after senior roles at larger technology firms."", ""company_challenge"": ""The company is focused on improving e-commerce conversion on mobile."", ""tech_stack"": ""Salesforce commerce cloud and a segment data layer"", ""icebreaker"": ""I noticed Lumière has been expanding its team this year."", ""value_angle"": ""We could unify their customer data so campaigns target the right shoppers.""}",0
c622df4216d6,Mindstack Systems,Chief Technology Officer,"Boston, MA, United States",https://reuters.com/mindstack-raises-311m-seriesb,Announced $31.1M Series B financing in 2024,team@mindstack.ai,generic,True,72,warm,"{""recent_news"": ""Mindstack Systems raised $31.1M in a Series B round in 2024."", ""person_highlights"": ""Jordan Davis is the Chief Technology Officer at Mindstack Systems and leads its technology and product direction."", ""company_challenge"": ""The company is focused on turning a strong research demo into a reliable production platform."", ""tech_stack"": ""A gpu-accelerated training stack on aws with custom orchestration"", ""icebreaker"": ""Congrats on Mindstack Systems's $31.1M Series B round earlier in 2024."", ""value_angle"": ""We could automate evaluation so they can ship model updates with confidence.""}",1
da3a74c77fea,Verde Commerce,Regional Vice President of Sales,"Hamburg, Germany",https://tech.eu/verde-raises-08m-preseed,Raised £0.8M in pre-seed funding in 2025,team@verde.io,generic,True,83,warm,,0
1c9d7aea7684,Lumière Commerce,HR Manager,Germany,https://trendingtopics.eu/lumiere-raises-446m-seriesb,Announced £44.6M Series B financing in 2026,hannah.s@lumiere.com,google,True,93,hot,"{""recent_news"": ""Lumière Commerce expanded into a new market in 2026 following its Series B raise."", ""person_highlights"": ""Hannah Schulz co-founded Lumière Commerce and now serves as HR Manager."", ""company_challenge"": ""The company is focused on unifying online and in-store customer data into one view."", ""tech_stack"": ""A shopify plus storefront with a custom cdp integration"", ""icebreaker"": ""Saw that Lumière Commerce recently shipped a notable product update."", ""value_angle"": ""We could tie loyalty data back to media spend for cleaner attribution.""}",1
9bff8a050132,Bottega,Chief Marketing Officer,London,https://techfundingnews.com/bottega-raises-2489m-seriesc,Closed a £248.9M Series C round in 2025,lsmith@bottega.ai,google,False,56,warm,"{""recent_news"": ""Bottega announced a strategic partnership in 2025 to broaden distribution."", ""person_highlights"": ""Lucy Smith, Chief Marketing Officer at Bottega, has spoken publicly about scaling engineering teams."", ""company_challenge"": ""The company is focused on personalizing offers without a clean first-party data foundation."", ""tech_stack"": ""A shopify plus storefront with a custom cdp integration"", ""icebreaker"": ""Congrats on Bottega's £248.9M Series C round earlier in 2025."", ""value_angle"": ""We could tie loyalty data back to media spend for cleaner attribution.""}",1
8ae8740ab8b3,Tensor,CTO,"Turin, Italy",https://trendingtopics.eu/tensor-raises-2285m-seriesc,Announced $228.5M Series C financing in 2026,info@tensor.io,generic,True,100,hot,"{""recent_news"": ""Tensor expanded into a new market in 2026 following its Series C raise."", ""person_highlights"": ""Luca Romano is the CTO at Tensor and leads its technology and product direction."", ""company_challenge"": ""The company is focused on expanding from a single-product wedge into a broader platform."", ""tech_stack"": ""Go microservices with a vector database for retrieval"", ""icebreaker"": ""Impressed by Tensor's momentum since the Series C round."", ""value_angle"": ""We could automate evaluation so they can ship model updates with confidence.""}",1
b3afb34c9db9,Yield Finance,HR Director,"Dubai, UAE",https://reuters.com/yield-raises-08m-preseed,Announced €0.8M pre-seed financing in 2024,,,False,21,cold,,0
b654d83c0d84,Lumen Systems,CTO,Berlin,https://theverge.com/lumen-raises-2783m-seriesc,Raised £278.3M in Series C funding in 2024,,,False,98,hot,"{""recent_news"": ""Lumen Systems raised £278.3M in a Series C round in 2024."", ""person_highlights"": ""Niklas Becker, CTO at Lumen Systems, has spoken publicly about scaling engineering teams."", ""company_challenge"": ""The company is focused on expanding from a single-product wedge into a broader platform."", ""tech_stack"": ""A gpu-accelerated training stack on aws with custom orchestration"", ""icebreaker"": ""Saw that Lumen Systems recently shipped a notable product update."", ""value_angle"": ""We could help them cut inference costs while keeping latency low at enterprise scale.""}",1
0492512abcdb,Stride Labs,VP of Engineering,"Lyon, France",https://sifted.eu/stride-raises-125m-seriesa,Announced $12.5M Series A financing in 2024,mathis@stride.io,hunter,False,34,cold,"{""recent_news"": ""Stride Labs raised $12.5M in a Series A round in 2024."", ""person_highlights"": ""Mathis Simon is the VP of Engineering at Stride Labs and leads its technology and product direction."", ""company_challenge"": ""The company is focused on turning a strong research demo into a reliable production platform."", ""tech_stack"": ""Go microservices with a vector database for retrieval"", ""icebreaker"": ""Congrats on Stride Labs's $12.5M Series A round earlier in 2024."", ""value_angle"": ""We could automate evaluation so they can ship model updates with confidence.""}",0
1aa098fdc772,Finova.io,Head of Digital,"Manchester, UK",https://sifted.eu/finova-raises-2698m-seriesc,Announced $269.8M Series C financing in 2025,hheller@finova.ai,google,True,90,hot,"{""recent_news"": ""Finova.io announced a strategic partnership in 2025 to broaden distribution."", ""person_highlights"": ""Henry Heller, Head of Digital at Finova.io, has spoken publicly about scaling engineering teams."", ""company_challenge"": ""The company is focused on differentiating in a crowded payments market."", ""tech_stack"": ""Java, kafka, and a pci-compliant ledger service"", ""icebreaker"": ""I noticed Finova.io has been expanding its team this year."", ""value_angle"": ""We could give compliance teams audit-ready reporting out of the box.""}",1
2d090f845a67,Parable Cloud,Head of AI,"Manchester, UK",https://sifted.eu/parable-raises-22m-seed,Raised €2.2M in seed funding in 2024,contact@parable.ai,generic,False,67,warm,"{""recent_news"": ""Parable Cloud launched a new product line in 2024 aimed at enterprise customers."", ""person_highlights"": ""Sophie Taylor co-founded Parable Cloud and now serves as Head of AI."", ""company_challenge"": ""The company is focused on expanding from a single-product wedge into a broader platform."", ""tech_stack"": ""A gpu-accelerated training stack on aws with custom orchestration"", ""icebreaker"": ""Impressed by Parable Cloud's momentum since the seed round."", ""value_angle"": ""We could help them cut inference costs while keeping latency low at enterprise scale.""}",0
9515c8010e2a,Neura,Chief Technology Officer,Singapore,https://sifted.eu/neura-raises-08m-preseed,Closed a €0.8M pre-seed round in 2026,jun.pillai@neura.sg,google,True,78,warm,,0
4c32f71dd60d,Vivora.health,CTO,"Lyon, France",https://vestbee.com/vivora-raises-05m-preseed,Announced $0.5M pre-seed financing in 2024,theo.t@vivora.io,google,False,13,cold,"{""recent_news"": ""Vivora.health raised $0.5M in a pre-seed round in 2024."", ""person_highlights"": ""Théo Thomas co-founded Vivora.health and now serves as CTO."", ""company_challenge"": ""The company is focused on reducing clinician admin burden with better tooling."", ""tech_stack"": ""A hipaa-compliant stack on azure with fhir apis"", ""icebreaker"": ""Saw that Vivora.health recently shipped a notable product update."", ""value_angle"": ""We could keep patient data compliant while enabling analytics.""}",0
5692f4c29059,Inferra Labs,VP of Engineering,"Manchester, UK",https://businessinsider.com/inferra-raises-234m-seriesa,Raised €23.4M in Series A funding in 2026,hello@inferra.co.uk,generic,False,76,warm,"{""recent_news"": ""Inferra Labs announced a strategic partnership in 2026 to broaden distribution."", ""person_highlights"": ""Amelia Smith co-founded Inferra Labs and now serves as VP of Engineering."", ""company_challenge"": ""The company is focused on scaling its model-serving infrastructure to enterprise traffic."", ""tech_stack"": ""A gpu-accelerated training stack on aws with custom orchestration"", ""icebreaker"": ""Saw that Inferra Labs recently shipped a notable product update."", ""value_angle"": ""We could give them observability across model pipelines and dependencies.""}",1
ef44e4daa079,Lastmile Freight,Head of Digital,Singapore,https://tech.eu/lastmile-raises-760m-seriesb,Announced £76.0M Series B financing in 2024,nsharma@lastmile.com,scraping,False,30,cold,"{""recent_news"": ""Lastmile Freight launched a new product line in 2024 aimed at enterprise customers."", ""person_highlights"": ""Nadia Sharma is the Head of Digital at Lastmile Freight and leads its technology and product direction."", ""company_challenge"": ""The company is focused on digitizing a paper-heavy freight-booking process."", ""tech_stack"": ""Go services with a real-time telematics ingestion pipeline"", ""icebreaker"": ""Saw that Lastmile Freight recently shipped a notable product update."", ""value_angle"": ""We could forecast demand so warehouses staff to the right level.""}",0
489e53fa1ec9,Transit.io,Head of Digital,"Abu Dhabi, UAE",https://trendingtopics.eu/transit-raises-686m-seriesb,Announced £68.6M Series B financing in 2024,asaleh@transit.ai,pattern,True,60,warm,"{""recent_news"": ""Transit.io expanded into a new market in 2024 following its Series B raise."", ""person_highlights"": ""Ahmed Saleh, Head of Digital at Transit.io, has spoken publicly about scaling engineering teams."", ""company_challenge"": ""The company is focused on optimizing last-mile routing to cut delivery cost."", ""tech_stack"": ""A .net tms integrated with carrier edi feeds"", ""icebreaker"": ""Saw that Transit.io recently shipped a notable product update."", ""value_angle"": ""We could give shippers real-time tracking that reduces support tickets.""}",1
d3b139d46ea5,Banca Capital,HR Director,Singapore,https://linkedin.com/banca-raises-105m-seriesa,Closed a £10.5M Series A round in 2024,ming@banca.sg,hunter,False,79,warm,,1
100a58e68d27,Fundwise.io,HR Manager,"Abu Dhabi, UAE",https://techcrunch.com/fundwise-raises-42m-seed,Closed a £4.2M seed round in 2025,mohammed.q@fundwise.io,scraping,False,94,hot,"{""recent_news"": ""Fundwise.io launched a new product line in 2025 aimed at enterprise customers."", ""person_highlights"": ""Mohammed Qassimi joined Fundwise.io as HR Manager after senior roles at larger technology firms."", ""company_challenge"": ""The company is focused on differentiating in a crowded payments market."", ""tech_stack"": ""Node.js, postgres, and a real-time fraud-scoring engine"", ""icebreaker"": ""Saw that Fundwise.io recently shipped a notable product update."", ""value_angle"": ""We could sharpen their go-to-market message in a crowded category.""}",1
9b8a08d53981,Monetar.io,CMO,Singapore,https://techcrunch.com/monetar-raises-2867m-seriesc,Raised €286.7M in Series C funding in 2025,,,False,30,cold,"{""recent_news"": ""Monetar.io announced a strategic partnership in 2025 to broaden distribution."", ""person_highlights"": ""Priya Teo, CMO at Monetar.io, has spoken publicly about scaling engineering teams."", ""company_challenge"": ""The company is focused on differentiating in a crowded payments market."", ""tech_stack"": ""Go, grpc, and an event-sourced transaction core"", ""icebreaker"": ""I noticed Monetar.io has been expanding its team this year."", ""value_angle"": ""We could lower their fraud rate while protecting conversion at checkout.""}",0
d8ee61be076b,Cascade.ai,Chief Technology Officer,"Abu Dhabi, UAE",https://linkedin.com/cascade-raises-237m-seriesa,Secured £23.7M (Series A) to accelerate growth,khalid.haddad@cascade.com,google,False,93,hot,"{""recent_news"": ""Cascade.ai launched a new product line in 2024 aimed at enterprise customers."", ""person_highlights"": ""Khalid Haddad, Chief Technology Officer at Cascade.ai, has spoken publicly about scaling engineering teams."", ""company_challenge"": ""The company is focused on expanding from a single-product wedge into a broader platform."", ""tech_stack"": ""Typescript, postgres, and a ray-based training pipeline"", ""icebreaker"": ""Saw that Cascade.ai recently shipped a notable product update."", ""value_angle"": ""We could automate evaluation so they can ship model updates with confidence.""}",0
8e0023c2f6af,Stride Cloud,HR Manager,"Toulouse, France",https://trendingtopics.eu/stride-raises-446m-seriesb,Announced $44.6M Series B financing in 2026,hleroy@stride.ai,google,True,83,warm,"{""recent_news"": ""Stride Cloud expanded into a new market in 2026 following its Series B raise."", ""person_highlights"": ""Hugo Leroy is the HR Manager at Stride Cloud and leads its technology and product direction."", ""company_challenge"": ""The company is focused on turning a strong research demo into a reliable production platform."", ""tech_stack"": ""Python, pytorch, kubernetes, and a multi-tenant inference layer"", ""icebreaker"": ""I noticed Stride Cloud has been expanding its team this year."", ""value_angle"": ""We could give them observability across model pipelines and dependencies.""}",0
632b5e31df50,Cascade,CTO,Singapore,https://reuters.com/cascade-raises-08m-preseed,Raised €0.8M in pre-seed funding in 2025,kai@cascade.com,hunter,False,1,cold,,0
14a5f07e9e75,Portus Supply,CTO,Singapore,https://tech.eu/portus-raises-10m-preseed,Announced $1.0M pre-seed financing in 2025,ethan@portus.com,google,True,95,hot,"{""recent_news"": ""Portus Supply expanded into a new market in 2025 following its pre-seed raise."", ""person_highlights"": ""Ethan Lim joined Portus Supply as CTO after senior roles at larger technology firms."", ""company_challenge"": ""The company is focused on forecasting demand to balance warehouse capacity."", ""tech_stack"": ""A route-optimization engine in python with postgis"", ""icebreaker"": ""Congrats on Portus Supply's $1.0M pre-seed round earlier in 2025."", ""value_angle"": ""We could give shippers real-time tracking that reduces support tickets.""}",1
845ce777026d,Movex.io,Regional Vice President of Sales,Singapore,https://vestbee.com/movex-raises-176m-seriesa,Raised €17.6M in Series A funding in 2025,priya.ong@movex.ai,google,True,97,hot,"{""recent_news"": ""Movex.io expanded into a new market in 2025 following its Series A raise."", ""person_highlights"": ""Priya Ong co-founded Movex.io and now serves as Regional Vice President of Sales."", ""company_challenge"": ""The company is focused on forecasting demand to balance warehouse capacity."", ""tech_stack"": ""A route-optimization engine in python with postgis"", ""icebreaker"": ""Congrats on Movex.io's €17.6M Series A round earlier in 2025."", ""value_angle"": ""We could digitize freight booking to remove manual back-and-forth.""}",0
e0cfe2eeecf6,Bottega Stores,Chief Digital Officer,"New York, New York, United States",https://businessinsider.com/bottega-raises-905m-seriesc,Raised €90.5M in Series C funding in 2023,matthew@bottega.io,google,True,79,warm,,1
09ba1f4d9a59,Stride Cloud,VP of Engineering,"Cambridge, UK",https://crunchbase.com/stride-raises-133m-seriesa,Announced €13.3M Series A financing in 2026,charlotte.t@stride.co.uk,google,True,57,warm,"{""recent_news"": ""Stride Cloud launched a new product line in 2026 aimed at enterprise customers."", ""person_highlights"": ""Charlotte Taylor, VP of Engineering at Stride Cloud, has spoken publicly about scaling engineering teams."", ""company_challenge"": ""The company is focused on reducing inference latency while controlling GPU spend."", ""tech_stack"": ""Typescript, postgres, and a ray-based training pipeline"", ""icebreaker"": ""I noticed Stride Cloud has been expanding its team this year."", ""value_angle"": ""We could help them cut inference costs while keeping latency low at enterprise scale.""}",0
845b07afd196,Lumière Stores,HR Director,"Paris, France",https://theverge.com/lumiere-raises-2589m-seriesc,Secured €258.9M (Series C) to accelerate growth,louis.p@lumiere.com,pattern,False,100,hot,"{""recent_news"": ""Lumière Stores announced a strategic partnership in 2025 to broaden distribution."", ""person_highlights"": ""Louis Petit, HR Director at Lumière Stores, has spoken publicly about scaling engineering teams."", ""company_challenge"": ""The company is focused on unifying online and in-store customer data into one view."", ""tech_stack"": ""Sap commerce with a headless react front end"", ""icebreaker"": ""I noticed Lumière Stores has been expanding its team this year."", ""value_angle"": ""We could unify their customer data so campaigns target the right shoppers.""}",0
abbfca6f1aa6,Palleta Logistics,Head of Digital,Singapore,https://trendingtopics.eu/palleta-raises-780m-seriesb,Raised £78.0M in Series B funding in 2025,rachel.i@palleta.ai,google,True,61,warm,"{""recent_news"": ""Palleta Logistics expanded into a new market in 2025 following its Series B raise."", ""person_highlights"": ""Rachel Iskandar, Head of Digital at Palleta Logistics, has spoken publicly about scaling engineering teams."", ""company_challenge"": ""The company is focused on forecasting demand to balance warehouse capacity."", ""tech_stack"": ""A route-optimization engine in python with postgis"", ""icebreaker"": ""Saw that Palleta Logistics recently shipped a notable product update."", ""value_angle"": ""We could cut last-mile cost with smarter route optimization.""}",0
a0ee2c19bf3d,Stowe Supply,VP of Sales,Singapore,https://trendingtopics.eu/stowe-raises-06m-preseed,Announced £0.6M pre-seed financing in 2026,jun.p@stowe.com,pattern,True,72,warm,,1
ad36dbc0c2fd,Riva Commerce,Country HR Director,"Abu Dhabi, UAE",https://vestbee.com/riva-raises-322m-seriesb,Announced £32.2M Series B financing in 2024,mohammed@riva.io,google,False,45,cold,"{""recent_news"": ""Riva Commerce launched a new product line in 2024 aimed at enterprise customers."", ""person_highlights"": ""Mohammed Sharif co-founded Riva Commerce and now serves as Country HR Director."", ""company_challenge"": ""The company is focused on improving e-commerce conversion on mobile."", ""tech_stack"": ""Sap commerce with a headless react front end"", ""icebreaker"": ""Saw that Riva Commerce recently shipped a notable product update."", ""value_angle"": ""We could unify their customer data so campaigns target the right shoppers.""}",0
f31ff5ce1bca,Mindstack Labs,Head of AI,Dubai,https://vestbee.com/mindstack-raises-870m-seriesc,Secured $87.0M (Series C) to accelerate growth,imran.farsi@mindstack.ai,google,True,62,warm,,1
b4c535d99c5b,Solène Group,Chief Marketing Officer,"Munich, Germany",https://businessinsider.com/solene-raises-15m-preseed,Raised €1.5M in pre-seed funding in 2025,sales@solene.io,generic,True,80,warm,,1
431e694b1d18,Boutiq Group,VP Sales,Singapore,https://trendingtopics.eu/boutiq-raises-783m-seriesb,Closed a $78.3M Series B round in 2023,nadia.chen@boutiq.com,scraping,True,7,cold,"{""recent_news"": ""Boutiq Group expanded into a new market in 2023 following its Series B raise."", ""person_highlights"": ""Nadia Chen is the VP Sales at Boutiq Group and leads its technology and product direction."", ""company_challenge"": ""The company is focused on personalizing offers without a clean first-party data foundation."", ""tech_stack"": ""Salesforce commerce cloud and a segment data layer"", ""icebreaker"": ""Impressed by Boutiq Group's momentum since the Series B round."", ""value_angle"": ""We could stand up a retail-media offering that monetizes existing traffic.""}",0
d39c441f734e,Cascade.ai,Regional Vice President of Sales,"Dubai, UAE",https://techcrunch.com/cascade-raises-134m-seriesa,Announced $13.4M Series A financing in 2024,taziz@cascade.com,hunter,True,87,hot,"{""recent_news"": ""Cascade.ai raised $13.4M in a Series A round in 2024."", ""person_highlights"": ""Tariq Aziz joined Cascade.ai as Regional Vice President of Sales after senior roles at larger technology firms."", ""company_challenge"": ""The company is focused on scaling its model-serving infrastructure to enterprise traffic."", ""tech_stack"": ""Go microservices with a vector database for retrieval"", ""icebreaker"": ""Impressed by Cascade.ai's momentum since the Series A round."", ""value_angle"": ""We could automate evaluation so they can ship model updates with confidence.""}",1
f53b0354f3a3,Verde Commerce,Chief Marketing Officer,"Rome, Italy",https://sifted.eu/verde-raises-231m-seriesa,Announced £23.1M Series A financing in 2026,giulia@verde.com,google,False,99,hot,"{""recent_news"": ""Verde Commerce raised £23.1M in a Series A round in 2026."", ""person_highlights"": ""Giulia Bianchi is the Chief Marketing Officer at Verde Commerce and leads its technology and product direction."", ""company_challenge"": ""The company is focused on personalizing offers without a clean first-party data foundation."", ""tech_stack"": ""A homegrown commerce stack on aws with a snowflake warehouse"", ""icebreaker"": ""I noticed Verde Commerce has been expanding its team this year."", ""value_angle"": ""We could stand up a retail-media offering that monetizes existing traffic.""}",0
4ba116424531,Yield Bank,VP of Finance,Singapore,https://techcrunch.com/yield-raises-187m-seriesa,Raised €18.7M in Series A funding in 2024,wtan@yield.io,google,False,55,warm,"{""recent_news"": ""Yield Bank raised €18.7M in a Series A round in 2024."", ""person_highlights"": ""Wei Tan co-founded Yield Bank and now serves as VP of Finance."", ""company_challenge"": ""The company is focused on scaling KYC onboarding while keeping conversion high."", ""tech_stack"": ""Java, kafka, and a pci-compliant ledger service"", ""icebreaker"": ""Impressed by Yield Bank's momentum since the Series A round."", ""value_angle"": ""We could give compliance teams audit-ready reporting out of the box.""}",1
a6a29fe51743,Cratch Systems,VP of Sales,"San Francisco, CA, United States",https://tech.eu/cratch-raises-05m-preseed,Announced €0.5M pre-seed financing in 2025,brian@cratch.co,pattern,True,75,warm,,1
7936182fb242,Mindstack.ai,Head of AI,London,https://theverge.com/mindstack-raises-24m-seed,Announced €2.4M seed financing in 2024,joseph.h@mindstack.io,pattern,False,46,cold,"{""recent_news"": ""Mindstack.ai raised €2.4M in a seed round in 2024."", ""person_highlights"": ""Joseph Hughes joined Mindstack.ai as Head of AI after senior roles at larger technology firms."", ""company_challenge"": ""The company is focused on expanding from a single-product wedge into a broader platform."", ""tech_stack"": ""A gpu-accelerated training stack on aws with custom orchestration"", ""icebreaker"": ""Congrats on Mindstack.ai's €2.4M seed round earlier in 2024."", ""value_angle"": ""We could accelerate their road from research prototype to production-grade platform.""}",0
f42b044eeaea,Coinbridge Bank,Country HR Director,"Turin, Italy",https://techcrunch.com/coinbridge-raises-24m-seed,Announced $2.4M seed financing in 2025,stefano.greco@coinbridge.it,pattern,False,83,warm,"{""recent_news"": ""Coinbridge Bank launched a new product line in 2025 aimed at enterprise customers."", ""person_highlights"": ""Stefano Greco, Country HR Director at Coinbridge Bank, has spoken publicly about scaling engineering teams."", ""company_challenge"": ""The company is focused on reducing payment fraud without adding checkout friction."", ""tech_stack"": ""Node.js, postgres, and a real-time fraud-scoring engine"", ""icebreaker"": ""Impressed by Coinbridge Bank's momentum since the seed round."", ""value_angle"": ""We could lower their fraud rate while protecting conversion at checkout.""}",0
a14a3f2e35ab,Ledgr Capital,Chief Marketing Officer,Singapore,https://tech.eu/ledgr-raises-332m-seriesb,Secured £33.2M (Series B) to accelerate growth,nadia@ledgr.com,pattern,True,99,hot,"{""recent_news"": ""Ledgr Capital announced a strategic partnership in 2026 to broaden distribution."", ""person_highlights"": ""Nadia Sharma co-founded Ledgr Capital and now serves as Chief Marketing Officer."", ""company_challenge"": ""The company is focused on reducing payment fraud without adding checkout friction."", ""tech_stack"": "".net microservices with a rules engine for compliance"", ""icebreaker"": ""Saw that Ledgr Capital recently shipped a notable product update."", ""value_angle"": ""We could lower their fraud rate while protecting conversion at checkout.""}",1
6ada887e996e,Sanara.health,CTO,"New York, New York, United States",https://tech.eu/sanara-raises-1217m-seriesc,Raised £121.7M in Series C funding in 2025,brian.white@sanara.com,pattern,False,86,hot,"{""recent_news"": ""Sanara.health expanded into a new market in 2025 following its Series C raise."", ""person_highlights"": ""Brian White is the CTO at Sanara.health and leads its technology and product direction."", ""company_challenge"": ""The company is focused on reducing clinician admin burden with better tooling."", ""tech_stack"": ""Python services with an hl7 integration layer"", ""icebreaker"": ""I noticed Sanara.health has been expanding its team this year."", ""value_angle"": ""We could keep patient data compliant while enabling analytics.""}",1
8d9c1c2a7b44,Monetar Capital,CTO,Singapore,https://eu-startups.com/monetar-raises-104m-seriesa,Raised $10.4M in Series A funding in 2024,eiskandar@monetar.ai,google,True,34,cold,"{""recent_news"": ""Monetar Capital announced a strategic partnership in 2024 to broaden distribution."", ""person_highlights"": ""Ethan Iskandar joined Monetar Capital as CTO after senior roles at larger technology firms."", ""company_challenge"": ""The company is focused on meeting tightening compliance requirements across new markets."", ""tech_stack"": ""Go, grpc, and an event-sourced transaction core"", ""icebreaker"": ""I noticed Monetar Capital has been expanding its team this year."", ""value_angle"": ""We could lower their fraud rate while protecting conversion at checkout.""}",0
8dd74dcdb037,Vectra,VP of Engineering,"Dubai, UAE",https://tech.eu/vectra-raises-90m-seriesa,Announced $9.0M Series A financing in 2025,layla@vectra.ae,google,False,97,hot,"{""recent_news"": ""Vectra announced a strategic partnership in 2025 to broaden distribution."", ""person_highlights"": ""Layla Saleh joined Vectra as VP of Engineering after senior roles at larger technology firms."", ""company_challenge"": ""The company is focused on scaling its model-serving infrastructure to enterprise traffic."", ""tech_stack"": ""Go microservices with a vector database for retrieval"", ""icebreaker"": ""Congrats on Vectra's $9.0M Series A round earlier in 2025."", ""value_angle"": ""We could accelerate their road from research prototype to production-grade platform.""}",0
15bce8a763dc,Bottega Group,VP Sales,"Toulouse, France",https://crunchbase.com/bottega-raises-13m-preseed,Secured $1.3M (pre-seed) to accelerate growth,sophie@bottega.ai,google,False,80,warm,"{""recent_news"": ""Bottega Group raised $1.3M in a pre-seed round in 2025."", ""person_highlights"": ""Sophie Durand is the VP Sales at Bottega Group and leads its technology and product direction."", ""company_challenge"": ""The company is focused on growing retail-media revenue from its e-commerce traffic."", ""tech_stack"": ""Salesforce commerce cloud and a segment data layer"", ""icebreaker"": ""Saw that Bottega Group recently shipped a notable product update."", ""value_angle"": ""We could tie loyalty data back to media spend for cleaner attribution.""}",1
b12b6741daa3,Palleta Systems,People Operations Lead,"Austin, TX, United States",https://crunchbase.com/palleta-raises-1911m-seriesc,Secured $191.1M (Series C) to accelerate growth,brian.miller@palleta.io,google,False,27,cold,"{""recent_news"": ""Palleta Systems announced a strategic partnership in 2024 to broaden distribution."", ""person_highlights"": ""Brian Miller, People Operations Lead at Palleta Systems, has spoken publicly about scaling engineering teams."", ""company_challenge"": ""The company is focused on optimizing last-mile routing to cut delivery cost."", ""tech_stack"": ""A .net tms integrated with carrier edi feeds"", ""icebreaker"": ""Saw that Palleta Systems recently shipped a notable product update."", ""value_angle"": ""We could give shippers real-time tracking that reduces support tickets.""}",0
506c67223dbc,Maison Commerce,Chief Marketing Officer,"London, UK",https://businessinsider.com/maison-raises-12m-preseed,Raised £1.2M in pre-seed funding in 2026,olivia@maison.co.uk,hunter,False,97,hot,,0
459a62e072d9,Lumière Group,Head of Digital,"Toulouse, France",https://theverge.com/lumiere-raises-113m-seriesa,Secured €11.3M (Series A) to accelerate growth,epetit@lumiere.fr,google,True,53,warm,"{""recent_news"": ""Lumière Group announced a strategic partnership in 2025 to broaden distribution."", ""person_highlights"": ""Emma Petit, Head of Digital at Lumière Group, has spoken publicly about scaling engineering teams."", ""company_challenge"": ""The company is focused on unifying online and in-store customer data into one view."", ""tech_stack"": ""Salesforce commerce cloud and a segment data layer"", ""icebreaker"": ""Impressed by Lumière Group's momentum since the Series A round."", ""value_angle"": ""We could lift mobile conversion with faster, personalized storefront experiences.""}",1
b8be2c814182,Nuvo Health,HR Director,Singapore,https://sifted.eu/nuvo-raises-239m-seriesa,Secured $23.9M (Series A) to accelerate growth,,,False,56,warm,"{""recent_news"": ""Nuvo Health raised $23.9M in a Series A round in 2024."", ""person_highlights"": ""Marcus Low, HR Director at Nuvo Health, has spoken publicly about scaling engineering teams."", ""company_challenge"": ""The company is focused on getting interoperability across legacy EHR systems."", ""tech_stack"": ""A hipaa-compliant stack on azure with fhir apis"", ""icebreaker"": ""Impressed by Nuvo Health's momentum since the Series A round."", ""value_angle"": ""We could reduce clinician admin time with automated documentation.""}",0
a8768c3b0e3f,Cohera,Head of AI,"Milan, Italy",https://tech.eu/cohera-raises-81m-seriesa,Secured €8.1M (Series A) to accelerate growth,,,False,34,cold,"{""recent_news"": ""Cohera raised €8.1M in a Series A round in 2024."", ""person_highlights"": ""Giorgia Gallo joined Cohera as Head of AI after senior roles at larger technology firms."", ""company_challenge"": ""The company is focused on expanding from a single-product wedge into a broader platform."", ""tech_stack"": ""Python, pytorch, kubernetes, and a multi-tenant inference layer"", ""icebreaker"": ""I noticed Cohera has been expanding its team this year."", ""value_angle"": ""We could accelerate their road from research prototype to production-grade platform.""}",0
3ce0961db406,Replio Cloud,HRBP Lead,Singapore,https://tech.eu/replio-raises-76m-seed,Announced £7.6M seed financing in 2025,wei.s@replio.io,google,True,73,warm,"{""recent_news"": ""Replio Cloud raised £7.6M in a seed round in 2025."", ""person_highlights"": ""Wei Sharma is the HRBP Lead at Replio Cloud and leads its technology and product direction."", ""company_challenge"": ""The company is focused on scaling its model-serving infrastructure to enterprise traffic."", ""tech_stack"": ""Python, pytorch, kubernetes, and a multi-tenant inference layer"", ""icebreaker"": ""Impressed by Replio Cloud's momentum since the seed round."", ""value_angle"": ""We could give them observability across model pipelines and dependencies.""}",1
2d0eaa167025,Bottega,People Operations Lead,"Turin, Italy",https://trendingtopics.eu/bottega-raises-2532m-seriesc,Raised $253.2M in Series C funding in 2025,federico.ferrari@bottega.it,pattern,True,78,warm,"{""recent_news"": ""Bottega announced a strategic partnership in 2025 to broaden distribution."", ""person_highlights"": ""Federico Ferrari is the People Operations Lead at Bottega and leads its technology and product direction."", ""company_challenge"": ""The company is focused on personalizing offers without a clean first-party data foundation."", ""tech_stack"": ""A shopify plus storefront with a custom cdp integration"", ""icebreaker"": ""Impressed by Bottega's momentum since the Series C round."", ""value_angle"": ""We could stand up a retail-media offering that monetizes existing traffic.""}",0
b5049c751b8c,Neura Systems,HR Manager,Dubai,https://techfundingnews.com/neura-raises-35m-seed,Secured $3.5M (seed) to accelerate growth,faisal.k@neura.io,google,True,54,warm,"{""recent_news"": ""Neura Systems expanded into a new market in 2025 following its seed raise."", ""person_highlights"": ""Faisal Khan joined Neura Systems as HR Manager after senior roles at larger technology firms."", ""company_challenge"": ""The company is focused on expanding from a single-product wedge into a broader platform."", ""tech_stack"": ""Go microservices with a vector database for retrieval"", ""icebreaker"": ""Saw that Neura Systems recently shipped a notable product update."", ""value_angle"": ""We could give them observability across model pipelines and dependencies.""}",0
8a46414a7005,Nimbus Cloud,People Operations Lead,Germany,https://linkedin.com/nimbus-raises-632m-seriesb,Secured £63.2M (Series B) to accelerate growth,finn@nimbus.com,google,True,64,warm,"{""recent_news"": ""Nimbus Cloud launched a new product line in 2025 aimed at enterprise customers."", ""person_highlights"": ""Finn Weber, People Operations Lead at Nimbus Cloud, has spoken publicly about scaling engineering teams."", ""company_challenge"": ""The company is focused on expanding from a single-product wedge into a broader platform."", ""tech_stack"": ""Go microservices with a vector database for retrieval"", ""icebreaker"": ""I noticed Nimbus Cloud has been expanding its team this year."", ""value_angle"": ""We could help them cut inference costs while keeping latency low at enterprise scale.""}",0
145f59433b11,Shiply Supply,Head of Digital,"London, UK",https://eu-startups.com/shiply-raises-04m-preseed,Raised €0.4M in pre-seed funding in 2023,egreen@shiply.ai,google,True,52,warm,"{""recent_news"": ""Shiply Supply expanded into a new market in 2023 following its pre-seed raise."", ""person_highlights"": ""Emily Green, Head of Digital at Shiply Supply, has spoken publicly about scaling engineering teams."", ""company_challenge"": ""The company is focused on giving customers real-time visibility into shipments."", ""tech_stack"": ""A route-optimization engine in python with postgis"", ""icebreaker"": ""I noticed Shiply Supply has been expanding its team this year."", ""value_angle"": ""We could give shippers real-time tracking that reduces support tickets.""}",1
a3d02e33ecf4,Inferra Cloud,Chief Technology Officer,Germany,https://trendingtopics.eu/inferra-raises-07m-preseed,Secured £0.7M (pre-seed) to accelerate growth,lschulz@inferra.ai,google,True,97,hot,"{""recent_news"": ""Inferra Cloud launched a new product line in 2024 aimed at enterprise customers."", ""person_highlights"": ""Lukas Schulz joined Inferra Cloud as Chief Technology Officer after senior roles at larger technology firms."", ""company_challenge"": ""The company is focused on expanding from a single-product wedge into a broader platform."", ""tech_stack"": ""Python, pytorch, kubernetes, and a multi-tenant inference layer"", ""icebreaker"": ""Congrats on Inferra Cloud's £0.7M pre-seed round earlier in 2024."", ""value_angle"": ""We could accelerate their road from research prototype to production-grade platform.""}",1
78de6625ec9d,Mindstack Labs,VP of Engineering,"Bologna, Italy",https://sifted.eu/mindstack-raises-228m-seriesa,Announced $22.8M Series A financing in 2025,chiara@mindstack.ai,hunter,True,67,warm,"{""recent_news"": ""Mindstack Labs announced a strategic partnership in 2025 to broaden distribution."", ""person_highlights"": ""Chiara De Luca is the VP of Engineering at Mindstack Labs and leads its technology and product direction."", ""company_challenge"": ""The company is focused on reducing inference latency while controlling GPU spend."", ""tech_stack"": ""A gpu-accelerated training stack on aws with custom orchestration"", ""icebreaker"": ""Saw that Mindstack Labs recently shipped a notable product update."", ""value_angle"": ""We could automate evaluation so they can ship model updates with confidence.""}",0
eba727cacc3c,Foundry,Head of AI,"Cambridge, UK",https://reuters.com/foundry-raises-35m-seed,Closed a €3.5M seed round in 2025,lucy.walker@foundry.com,pattern,False,67,warm,"{""recent_news"": ""Foundry raised €3.5M in a seed round in 2025."", ""person_highlights"": ""Lucy Walker joined Foundry as Head of AI after senior roles at larger technology firms."", ""company_challenge"": ""The company is focused on scaling its model-serving infrastructure to enterprise traffic."", ""tech_stack"": ""Go microservices with a vector database for retrieval"", ""icebreaker"": ""Impressed by Foundry's momentum since the seed round."", ""value_angle"": ""We could give them observability across model pipelines and dependencies.""}",0
a56053b6f93f,Cascade Systems,Head of AI,"Munich, Germany",https://businessinsider.com/cascade-raises-07m-preseed,Secured £0.7M (pre-seed) to accelerate growth,contact@cascade.de,generic,True,68,warm,"{""recent_news"": ""Cascade Systems raised £0.7M in a pre-seed round in 2023."", ""person_highlights"": ""Sophie Neumann, Head of AI at Cascade Systems, has spoken publicly about scaling engineering teams."", ""company_challenge"": ""The company is focused on reducing inference latency while controlling GPU spend."", ""tech_stack"": ""Python, pytorch, kubernetes, and a multi-tenant inference layer"", ""icebreaker"": ""Congrats on Cascade Systems's £0.7M pre-seed round earlier in 2023."", ""value_angle"": ""We could help them cut inference costs while keeping latency low at enterprise scale.""}",1
fd0c75597a22,Nordica Retail,VP Sales,"Munich, Germany",https://trendingtopics.eu/nordica-raises-702m-seriesb,Raised €70.2M in Series B funding in 2026,,,False,74,warm,"{""recent_news"": ""Nordica Retail expanded into a new market in 2026 following its Series B raise."", ""person_highlights"": ""Sebastian Schulz co-founded Nordica Retail and now serves as VP Sales."", ""company_challenge"": ""The company is focused on improving e-commerce conversion on mobile."", ""tech_stack"": ""Sap commerce with a headless react front end"", ""icebreaker"": ""I noticed Nordica Retail has been expanding its team this year."", ""value_angle"": ""We could tie loyalty data back to media spend for cleaner attribution.""}",1
3539b6672a4f,Bazaar Stores,Chief Marketing Officer,"Hamburg, Germany",https://trendingtopics.eu/bazaar-raises-2722m-seriesc,Raised $272.2M in Series C funding in 2024,hannah.s@bazaar.com,scraping,True,96,hot,"{""recent_news"": ""Bazaar Stores launched a new product line in 2024 aimed at enterprise customers."", ""person_highlights"": ""Hannah Schulz, Chief Marketing Officer at Bazaar Stores, has spoken publicly about scaling engineering teams."", ""company_challenge"": ""The company is focused on improving e-commerce conversion on mobile."", ""tech_stack"": ""A homegrown commerce stack on aws with a snowflake warehouse"", ""icebreaker"": ""Impressed by Bazaar Stores's momentum since the Series C round."", ""value_angle"": ""We could tie loyalty data back to media spend for cleaner attribution.""}",1
8f326330adec,Verde Group,Chief Marketing Officer,"Paris, France",https://crunchbase.com/verde-raises-310m-seriesb,Announced $31.0M Series B financing in 2025,antoine.r@verde.io,pattern,True,76,warm,"{""recent_news"": ""Verde Group raised $31.0M in a Series B round in 2025."", ""person_highlights"": ""Antoine Robert joined Verde Group as Chief Marketing Officer after senior roles at larger technology firms."", ""company_challenge"": ""The company is focused on unifying online and in-store customer data into one view."", ""tech_stack"": ""Sap commerce with a headless react front end"", ""icebreaker"": ""Congrats on Verde Group's $31.0M Series B round earlier in 2025."", ""value_angle"": ""We could tie loyalty data back to media spend for cleaner attribution.""}",0
908c7737c35a,Orbital,EMEA Vice President of Sales,Singapore,https://vestbee.com/orbital-raises-50m-seed,Raised $5.0M in seed funding in 2025,li.nair@orbital.sg,google,False,62,warm,"{""recent_news"": ""Orbital expanded into a new market in 2025 following its seed raise."", ""person_highlights"": ""Li Nair joined Orbital as EMEA Vice President of Sales after senior roles at larger technology firms."", ""company_challenge"": ""The company is focused on reducing inference latency while controlling GPU spend."", ""tech_stack"": ""Go microservices with a vector database for retrieval"", ""icebreaker"": ""Impressed by Orbital's momentum since the seed round."", ""value_angle"": ""We could automate evaluation so they can ship model updates with confidence.""}",0
23c1d13a4eb6,Verde & Co,VP Sales,Singapore,https://trendingtopics.eu/verde-raises-235m-seriesa,Announced £23.5M Series A financing in 2025,nadia@verde.ai,google,False,92,hot,"{""recent_news"": ""Verde & Co raised £23.5M in a Series A round in 2025."", ""person_highlights"": ""Nadia Teo, VP Sales at Verde & Co, has spoken publicly about scaling engineering teams."", ""company_challenge"": ""The company is focused on growing retail-media revenue from its e-commerce traffic."", ""tech_stack"": ""Salesforce commerce cloud and a segment data layer"", ""icebreaker"": ""Saw that Verde & Co recently shipped a notable product update."", ""value_angle"": ""We could tie loyalty data back to media spend for cleaner attribution.""}",1
5a96c5333f82,Transit Supply,EMEA Vice President of Sales,"Dubai, UAE",https://crunchbase.com/transit-raises-33m-seed,Secured $3.3M (seed) to accelerate growth,tariq@transit.com,hunter,True,86,hot,"{""recent_news"": ""Transit Supply expanded into a new market in 2026 following its seed raise."", ""person_highlights"": ""Tariq Ali co-founded Transit Supply and now serves as EMEA Vice President of Sales."", ""company_challenge"": ""The company is focused on forecasting demand to balance warehouse capacity."", ""tech_stack"": ""A route-optimization engine in python with postgis"", ""icebreaker"": ""Saw that Transit Supply recently shipped a notable product update."", ""value_angle"": ""We could cut last-mile cost with smarter route optimization.""}",0
a54c652e096f,Monetar Capital,VP of Sales,"Toulouse, France",https://reuters.com/monetar-raises-06m-preseed,Closed a $0.6M pre-seed round in 2026,sophie.b@monetar.com,google,False,25,cold,"{""recent_news"": ""Monetar Capital announced a strategic partnership in 2026 to broaden distribution."", ""person_highlights"": ""Sophie Bernard co-founded Monetar Capital and now serves as VP of Sales."", ""company_challenge"": ""The company is focused on differentiating in a crowded payments market."", ""tech_stack"": ""Java, kafka, and a pci-compliant ledger service"", ""icebreaker"": ""Congrats on Monetar Capital's $0.6M pre-seed round earlier in 2026."", ""value_angle"": ""We could speed up KYC onboarding so fewer good customers drop off.""}",0
9ef8c95f780a,Paytrail Finance,VP Sales,"Dubai, UAE",https://crunchbase.com/paytrail-raises-447m-seriesb,Raised $44.7M in Series B funding in 2024,hamza.r@paytrail.ai,google,False,69,warm,"{""recent_news"": ""Paytrail Finance announced a strategic partnership in 2024 to broaden distribution."", ""person_highlights"": ""Hamza Rahman is the VP Sales at Paytrail Finance and leads its technology and product direction."", ""company_challenge"": ""The company is focused on meeting tightening compliance requirements across new markets."", ""tech_stack"": "".net microservices with a rules engine for compliance"", ""icebreaker"": ""Saw that Paytrail Finance recently shipped a notable product update."", ""value_angle"": ""We could sharpen their go-to-market message in a crowded category.""}",1
80c584abe353,Orbital Labs,Chief Technology Officer,Singapore,https://businessinsider.com/orbital-raises-62m-seed,Announced $6.2M seed financing in 2023,jia.lee@orbital.sg,google,True,92,hot,,1
563fadccdd87,Boutiq & Co,Chief Digital Officer,Germany,https://crunchbase.com/boutiq-raises-45m-seed,Secured €4.5M (seed) to accelerate growth,sbecker@boutiq.io,google,True,85,hot,"{""recent_news"": ""Boutiq & Co raised €4.5M in a seed round in 2023."", ""person_highlights"": ""Sophie Becker is the Chief Digital Officer at Boutiq & Co and leads its technology and product direction."", ""company_challenge"": ""The company is focused on improving e-commerce conversion on mobile."", ""tech_stack"": ""A homegrown commerce stack on aws with a snowflake warehouse"", ""icebreaker"": ""Saw that Boutiq & Co recently shipped a notable product update."", ""value_angle"": ""We could tie loyalty data back to media spend for cleaner attribution.""}",1
df20baa04da1,Forma Systems,CTO,"San Francisco, CA, United States",https://vestbee.com/forma-raises-287m-seriesb,Announced £28.7M Series B financing in 2023,megan@forma.co,pattern,False,20,cold,"{""recent_news"": ""Forma Systems expanded into a new market in 2023 following its Series B raise."", ""person_highlights"": ""Megan Harris is the CTO at Forma Systems and leads its technology and product direction."", ""company_challenge"": ""The company is focused on reducing inference latency while controlling GPU spend."", ""tech_stack"": ""Python, pytorch, kubernetes, and a multi-tenant inference layer"", ""icebreaker"": ""Congrats on Forma Systems's £28.7M Series B round earlier in 2023."", ""value_angle"": ""We could give them observability across model pipelines and dependencies.""}",0
829426766f15,Capita Bank,Country HR Director,Berlin,https://businessinsider.com/capita-raises-103m-seriesa,Raised £10.3M in Series A funding in 2024,johanna@capita.io,google,True,99,hot,"{""recent_news"": ""Capita Bank announced a strategic partnership in 2024 to broaden distribution."", ""person_highlights"": ""Johanna Brandt, Country HR Director at Capita Bank, has spoken publicly about scaling engineering teams."", ""company_challenge"": ""The company is focused on meeting tightening compliance requirements across new markets."", ""tech_stack"": ""Node.js, postgres, and a real-time fraud-scoring engine"", ""icebreaker"": ""Saw that Capita Bank recently shipped a notable product update."", ""value_angle"": ""We could give compliance teams audit-ready reporting out of the box.""}",0
2a55ff905553,Capita.io,CMO,Germany,https://eu-startups.com/capita-raises-76m-seed,Raised $7.6M in seed funding in 2024,,,False,91,hot,"{""recent_news"": ""Capita.io expanded into a new market in 2024 following its seed raise."", ""person_highlights"": ""Mathis Hardenberg joined Capita.io as CMO after senior roles at larger technology firms."", ""company_challenge"": ""The company is focused on meeting tightening compliance requirements across new markets."", ""tech_stack"": "".net microservices with a rules engine for compliance"", ""icebreaker"": ""Impressed by Capita.io's momentum since the seed round."", ""value_angle"": ""We could give compliance teams audit-ready reporting out of the box.""}",0
34b055e0e8ae,Cohera Labs,Head of AI,Singapore,https://vestbee.com/cohera-raises-668m-seriesb,Raised £66.8M in Series B funding in 2025,jteo@cohera.com,google,True,84,warm,"{""recent_news"": ""Cohera Labs raised £66.8M in a Series B round in 2025."", ""person_highlights"": ""Jia Teo, Head of AI at Cohera Labs, has spoken publicly about scaling engineering teams."", ""company_challenge"": ""The company is focused on reducing inference latency while controlling GPU spend."", ""tech_stack"": ""Typescript, postgres, and a ray-based training pipeline"", ""icebreaker"": ""Saw that Cohera Labs recently shipped a notable product update."", ""value_angle"": ""We could automate evaluation so they can ship model updates with confidence.""}",1
ab5013a815be,Banca Bank,Head of Digital,"Cambridge, UK",https://theverge.com/banca-raises-164m-seriesa,Announced £16.4M Series A financing in 2025,,,False,46,cold,"{""recent_news"": ""Banca Bank announced a strategic partnership in 2025 to broaden distribution."", ""person_highlights"": ""Charlie Hall, Head of Digital at Banca Bank, has spoken publicly about scaling engineering teams."", ""company_challenge"": ""The company is focused on meeting tightening compliance requirements across new markets."", ""tech_stack"": "".net microservices with a rules engine for compliance"", ""icebreaker"": ""Congrats on Banca Bank's £16.4M Series A round earlier in 2025."", ""value_angle"": ""We could lower their fraud rate while protecting conversion at checkout.""}",0
a6b455a68a73,Boutiq Stores,VP Sales,"Munich, Germany",https://techfundingnews.com/boutiq-raises-11m-preseed,Closed a €1.1M pre-seed round in 2026,lena.f@boutiq.de,pattern,False,54,warm,"{""recent_news"": ""Boutiq Stores expanded into a new market in 2026 following its pre-seed raise."", ""person_highlights"": ""Lena Frank, VP Sales at Boutiq Stores, has spoken publicly about scaling engineering teams."", ""company_challenge"": ""The company is focused on improving e-commerce conversion on mobile."", ""tech_stack"": ""Sap commerce with a headless react front end"", ""icebreaker"": ""Congrats on Boutiq Stores's €1.1M pre-seed round earlier in 2026."", ""value_angle"": ""We could unify their customer data so campaigns target the right shoppers.""}",0
8ad5d42c9423,Linea Stores,CMO,"Paris, France",https://tech.eu/linea-raises-664m-seriesb,Raised €66.4M in Series B funding in 2026,jpetit@linea.com,google,False,37,cold,"{""recent_news"": ""Linea Stores launched a new product line in 2026 aimed at enterprise customers."", ""person_highlights"": ""Juliette Petit joined Linea Stores as CMO after senior roles at larger technology firms."", ""company_challenge"": ""The company is focused on personalizing offers without a clean first-party data foundation."", ""tech_stack"": ""Sap commerce with a headless react front end"", ""icebreaker"": ""Impressed by Linea Stores's momentum since the Series B round."", ""value_angle"": ""We could stand up a retail-media offering that monetizes existing traffic.""}",0
d7f204429fd4,Brightloop AI,HRBP Lead,Singapore,https://eu-startups.com/brightloop-raises-2887m-seriesc,Closed a $288.7M Series C round in 2025,kai@brightloop.io,scraping,True,83,warm,"{""recent_news"": ""Brightloop AI expanded into a new market in 2025 following its Series C raise."", ""person_highlights"": ""Kai Iskandar joined Brightloop AI as HRBP Lead after senior roles at larger technology firms."", ""company_challenge"": ""The company is focused on turning a strong research demo into a reliable production platform."", ""tech_stack"": ""A gpu-accelerated training stack on aws with custom orchestration"", ""icebreaker"": ""Impressed by Brightloop AI's momentum since the Series C round."", ""value_angle"": ""We could help them cut inference costs while keeping latency low at enterprise scale.""}",0
21d7ff600440,Lumen AI,VP Sales,"Turin, Italy",https://sifted.eu/lumen-raises-2536m-seriesc,Raised £253.6M in Series C funding in 2023,,,False,52,warm,"{""recent_news"": ""Lumen AI raised £253.6M in a Series C round in 2023."", ""person_highlights"": ""Chiara Rossi co-founded Lumen AI and now serves as VP Sales."", ""company_challenge"": ""The company is focused on turning a strong research demo into a reliable production platform."", ""tech_stack"": ""A gpu-accelerated training stack on aws with custom orchestration"", ""icebreaker"": ""Impressed by Lumen AI's momentum since the Series C round."", ""value_angle"": ""We could give them observability across model pipelines and dependencies.""}",0
185778a4a472,Stride,VP of Engineering,"Abu Dhabi, UAE",https://theverge.com/stride-raises-17m-seed,Secured £1.7M (seed) to accelerate growth,ssaleh@stride.ae,hunter,True,25,cold,"{""recent_news"": ""Stride expanded into a new market in 2023 following its seed raise."", ""person_highlights"": ""Sara Saleh, VP of Engineering at Stride, has spoken publicly about scaling engineering teams."", ""company_challenge"": ""The company is focused on expanding from a single-product wedge into a broader platform."", ""tech_stack"": ""A gpu-accelerated training stack on aws with custom orchestration"", ""icebreaker"": ""Impressed by Stride's momentum since the seed round."", ""value_angle"": ""We could accelerate their road from research prototype to production-grade platform.""}",0
47b138e3ce4d,Nordica,VP Sales,Singapore,https://theverge.com/nordica-raises-12m-preseed,Closed a £1.2M pre-seed round in 2024,ethan.n@nordica.ai,pattern,False,82,warm,,1
9cf234d3e029,Castello,Chief Marketing Officer,"London, UK",https://eu-startups.com/castello-raises-04m-preseed,Raised £0.4M in pre-seed funding in 2026,amelia.green@castello.ai,hunter,False,62,warm,"{""recent_news"": ""Castello launched a new product line in 2026 aimed at enterprise customers."", ""person_highlights"": ""Amelia Green co-founded Castello and now serves as Chief Marketing Officer."", ""company_challenge"": ""The company is focused on personalizing offers without a clean first-party data foundation."", ""tech_stack"": ""Sap commerce with a headless react front end"", ""icebreaker"": ""Saw that Castello recently shipped a notable product update."", ""value_angle"": ""We could tie loyalty data back to media spend for cleaner attribution.""}",1
94b570fbe3bd,Bottega & Co,Country HR Director,"Boston, MA, United States",https://tech.eu/bottega-raises-32m-seed,Raised $3.2M in seed funding in 2024,brandon.m@bottega.io,google,False,27,cold,,0
50acabf0ba05,Cura Med,Head of Sales,"Lyon, France",https://tech.eu/cura-raises-49m-seed,Closed a £4.9M seed round in 2025,emma@cura.io,google,False,75,warm,"{""recent_news"": ""Cura Med announced a strategic partnership in 2025 to broaden distribution."", ""person_highlights"": ""Emma Martin, Head of Sales at Cura Med, has spoken publicly about scaling engineering teams."", ""company_challenge"": ""The company is focused on scaling a telehealth platform to handle peak demand."", ""tech_stack"": ""A react native app backed by a node.js care-coordination api"", ""icebreaker"": ""I noticed Cura Med has been expanding its team this year."", ""value_angle"": ""We could keep patient data compliant while enabling analytics.""}",0
e6b6ccef0d9d,Lumen Labs,CTO,Dubai,https://reuters.com/lumen-raises-200m-seriesa,Raised €20.0M in Series A funding in 2025,hamza.haddad@lumen.io,pattern,False,91,hot,,1
a05a5f87da76,Lastmile.io,HR Manager,Dubai,https://techfundingnews.com/lastmile-raises-465m-seriesb,Secured €46.5M (Series B) to accelerate growth,imran@lastmile.io,hunter,False,82,warm,"{""recent_news"": ""Lastmile.io expanded into a new market in 2025 following its Series B raise."", ""person_highlights"": ""Imran Saleh co-founded Lastmile.io and now serves as HR Manager."", ""company_challenge"": ""The company is focused on giving customers real-time visibility into shipments."", ""tech_stack"": ""Kafka-based event tracking with a react dashboard"", ""icebreaker"": ""Saw that Lastmile.io recently shipped a notable product update."", ""value_angle"": ""We could cut last-mile cost with smarter route optimization.""}",1
8d92c46e386c,Riva Commerce,Chief Digital Officer,Italy,https://techcrunch.com/riva-raises-39m-seed,Closed a £3.9M seed round in 2025,giorgia@riva.ai,google,True,88,hot,,0
31abcc379272,Cortex AI,Chief Technology Officer,"Austin, TX, United States",https://trendingtopics.eu/cortex-raises-677m-seriesb,Raised £67.7M in Series B funding in 2026,hannah.a@cortex.com,google,False,41,cold,"{""recent_news"": ""Cortex AI announced a strategic partnership in 2026 to broaden distribution."", ""person_highlights"": ""Hannah Anderson, Chief Technology Officer at Cortex AI, has spoken publicly about scaling engineering teams."", ""company_challenge"": ""The company is focused on expanding from a single-product wedge into a broader platform."", ""tech_stack"": ""Go microservices with a vector database for retrieval"", ""icebreaker"": ""Congrats on Cortex AI's £67.7M Series B round earlier in 2026."", ""value_angle"": ""We could help them cut inference costs while keeping latency low at enterprise scale.""}",0
34de14741d39,Replio Cloud,People Operations Lead,Singapore,https://theverge.com/replio-raises-1076m-seriesc,Raised €107.6M in Series C funding in 2024,yong.pillai@replio.io,pattern,True,98,hot,"{""recent_news"": ""Replio Cloud expanded into a new market in 2024 following its Series C raise."", ""person_highlights"": ""Yong Pillai co-founded Replio Cloud and now serves as People Operations Lead."", ""company_challenge"": ""The company is focused on scaling its model-serving infrastructure to enterprise traffic."", ""tech_stack"": ""A gpu-accelerated training stack on aws with custom orchestration"", ""icebreaker"": ""Impressed by Replio Cloud's momentum since the Series C round."", ""value_angle"": ""We could help them cut inference costs while keeping latency low at enterprise scale.""}",1
c6dc06d47687,Lumière Retail,EMEA Vice President of Sales,London,https://tech.eu/lumiere-raises-1365m-seriesc,Raised $136.5M in Series C funding in 2023,,,False,90,hot,"{""recent_news"": ""Lumière Retail launched a new product line in 2023 aimed at enterprise customers."", ""person_highlights"": ""Jack Smith joined Lumière Retail as EMEA Vice President of Sales after senior roles at larger technology firms."", ""company_challenge"": ""The company is focused on growing retail-media revenue from its e-commerce traffic."", ""tech_stack"": ""A shopify plus storefront with a custom cdp integration"", ""icebreaker"": ""I noticed Lumière Retail has been expanding its team this year."", ""value_angle"": ""We could stand up a retail-media offering that monetizes existing traffic.""}",1
001566a90f6d,Welbe.health,Regional Vice President of Sales,Singapore,https://linkedin.com/welbe-raises-34m-seed,Closed a $3.4M seed round in 2024,ethan@welbe.io,pattern,False,54,warm,"{""recent_news"": ""Welbe.health launched a new product line in 2024 aimed at enterprise customers."", ""person_highlights"": ""Ethan Chen, Regional Vice President of Sales at Welbe.health, has spoken publicly about scaling engineering teams."", ""company_challenge"": ""The company is focused on scaling a telehealth platform to handle peak demand."", ""tech_stack"": ""A data platform on gcp feeding clinical decision support"", ""icebreaker"": ""Congrats on Welbe.health's $3.4M seed round earlier in 2024."", ""value_angle"": ""We could scale their telehealth platform to handle demand spikes.""}",0
f3f312c1a797,Mercato Stores,Country HR Director,"Hamburg, Germany",https://reuters.com/mercato-raises-2131m-seriesc,Closed a £213.1M Series C round in 2025,swagner@mercato.io,google,False,75,warm,"{""recent_news"": ""Mercato Stores announced a strategic partnership in 2025 to broaden distribution."", ""person_highlights"": ""Sophie Wagner co-founded Mercato Stores and now serves as Country HR Director."", ""company_challenge"": ""The company is focused on unifying online and in-store customer data into one view."", ""tech_stack"": ""Sap commerce with a headless react front end"", ""icebreaker"": ""Congrats on Mercato Stores's £213.1M Series C round earlier in 2025."", ""value_angle"": ""We could stand up a retail-media offering that monetizes existing traffic.""}",0
e9311d2eea46,Forma.ai,CTO,Singapore,https://businessinsider.com/forma-raises-12m-preseed,Closed a €1.2M pre-seed round in 2023,ravi@forma.io,google,True,14,cold,"{""recent_news"": ""Forma.ai launched a new product line in 2023 aimed at enterprise customers."", ""person_highlights"": ""Ravi Sharma co-founded Forma.ai and now serves as CTO."", ""company_challenge"": ""The company is focused on scaling its model-serving infrastructure to enterprise traffic."", ""tech_stack"": ""Go microservices with a vector database for retrieval"", ""icebreaker"": ""Saw that Forma.ai recently shipped a notable product update."", ""value_angle"": ""We could give them observability across model pipelines and dependencies.""}",0
fe41ed03c817,Pulse Care,EMEA Vice President of Sales,"Abu Dhabi, UAE",https://techcrunch.com/pulse-raises-24m-seed,Secured £2.4M (seed) to accelerate growth,,,False,89,hot,"{""recent_news"": ""Pulse Care launched a new product line in 2025 aimed at enterprise customers."", ""person_highlights"": ""Mariam Saleh joined Pulse Care as EMEA Vice President of Sales after senior roles at larger technology firms."", ""company_challenge"": ""The company is focused on getting interoperability across legacy EHR systems."", ""tech_stack"": ""A data platform on gcp feeding clinical decision support"", ""icebreaker"": ""I noticed Pulse Care has been expanding its team this year."", ""value_angle"": ""We could keep patient data compliant while enabling analytics.""}",0
d2f7668ae1d7,Trackr Freight,Head of Digital,"Austin, TX, United States",https://businessinsider.com/trackr-raises-52m-seed,Secured $5.2M (seed) to accelerate growth,amiller@trackr.io,google,False,67,warm,"{""recent_news"": ""Trackr Freight raised $5.2M in a seed round in 2023."", ""person_highlights"": ""Ashley Miller co-founded Trackr Freight and now serves as Head of Digital."", ""company_challenge"": ""The company is focused on optimizing last-mile routing to cut delivery cost."", ""tech_stack"": ""Go services with a real-time telematics ingestion pipeline"", ""icebreaker"": ""Impressed by Trackr Freight's momentum since the seed round."", ""value_angle"": ""We could cut last-mile cost with smarter route optimization.""}",0
41b7d9db8cc2,Maison Commerce,VP Sales,"Hamburg, Germany",https://techcrunch.com/maison-raises-07m-preseed,Secured $0.7M (pre-seed) to accelerate growth,lena@maison.ai,pattern,False,92,hot,"{""recent_news"": ""Maison Commerce announced a strategic partnership in 2024 to broaden distribution."", ""person_highlights"": ""Lena Lehmann joined Maison Commerce as VP Sales after senior roles at larger technology firms."", ""company_challenge"": ""The company is focused on personalizing offers without a clean first-party data foundation."", ""tech_stack"": ""A shopify plus storefront with a custom cdp integration"", ""icebreaker"": ""Saw that Maison Commerce recently shipped a notable product update."", ""value_angle"": ""We could lift mobile conversion with faster, personalized storefront experiences.""}",1
2d79df88f37f,Freightly Freight,VP of Sales,"Lyon, France",https://techcrunch.com/freightly-raises-2666m-seriesc,Secured €266.6M (Series C) to accelerate growth,nmartin@freightly.com,google,False,86,hot,"{""recent_news"": ""Freightly Freight launched a new product line in 2023 aimed at enterprise customers."", ""person_highlights"": ""Nathan Martin, VP of Sales at Freightly Freight, has spoken publicly about scaling engineering teams."", ""company_challenge"": ""The company is focused on digitizing a paper-heavy freight-booking process."", ""tech_stack"": ""A route-optimization engine in python with postgis"", ""icebreaker"": ""Congrats on Freightly Freight's €266.6M Series C round earlier in 2023."", ""value_angle"": ""We could digitize freight booking to remove manual back-and-forth.""}",0
3bf1879dfb00,Glide AI,Chief Technology Officer,"Milan, Italy",https://vestbee.com/glide-raises-467m-seriesb,Secured $46.7M (Series B) to accelerate growth,,,False,93,hot,"{""recent_news"": ""Glide AI launched a new product line in 2024 aimed at enterprise customers."", ""person_highlights"": ""Matteo Bianchi is the Chief Technology Officer at Glide AI and leads its technology and product direction."", ""company_challenge"": ""The company is focused on expanding from a single-product wedge into a broader platform."", ""tech_stack"": ""A gpu-accelerated training stack on aws with custom orchestration"", ""icebreaker"": ""I noticed Glide AI has been expanding its team this year."", ""value_angle"": ""We could accelerate their road from research prototype to production-grade platform.""}",0
a383f80fcdf4,Clearpay.io,Country HR Director,Germany,https://crunchbase.com/clearpay-raises-100m-seriesa,Announced £10.0M Series A financing in 2025,lwagner@clearpay.com,google,True,82,warm,"{""recent_news"": ""Clearpay.io launched a new product line in 2025 aimed at enterprise customers."", ""person_highlights"": ""Lennart Wagner co-founded Clearpay.io and now serves as Country HR Director."", ""company_challenge"": ""The company is focused on differentiating in a crowded payments market."", ""tech_stack"": ""Node.js, postgres, and a real-time fraud-scoring engine"", ""icebreaker"": ""Congrats on Clearpay.io's £10.0M Series A round earlier in 2025."", ""value_angle"": ""We could lower their fraud rate while protecting conversion at checkout.""}",0
d7f95f3fe1ac,Glide Systems,Chief Technology Officer,"Paris, France",https://sifted.eu/glide-raises-1135m-seriesc,Closed a $113.5M Series C round in 2025,hugo.laurent@glide.com,hunter,True,98,hot,"{""recent_news"": ""Glide Systems raised $113.5M in a Series C round in 2025."", ""person_highlights"": ""Hugo Laurent, Chief Technology Officer at Glide Systems, has spoken publicly about scaling engineering teams."", ""company_challenge"": ""The company is focused on reducing inference latency while controlling GPU spend."", ""tech_stack"": ""A gpu-accelerated training stack on aws with custom orchestration"", ""icebreaker"": ""I noticed Glide Systems has been expanding its team this year."", ""value_angle"": ""We could automate evaluation so they can ship model updates with confidence.""}",1
0bcec868fcdf,Trackr Systems,EMEA Vice President of Sales,"Dubai, UAE",https://vestbee.com/trackr-raises-21m-seed,Announced £2.1M seed financing in 2023,hassan.mansoori@trackr.ae,google,True,53,warm,"{""recent_news"": ""Trackr Systems expanded into a new market in 2023 following its seed raise."", ""person_highlights"": ""Hassan Mansoori joined Trackr Systems as EMEA Vice President of Sales after senior roles at larger technology firms."", ""company_challenge"": ""The company is focused on digitizing a paper-heavy freight-booking process."", ""tech_stack"": ""Go services with a real-time telematics ingestion pipeline"", ""icebreaker"": ""Impressed by Trackr Systems's momentum since the seed round."", ""value_angle"": ""We could cut last-mile cost with smarter route optimization.""}",1
8174a93a067f,Verde,Head of Digital,"Manchester, UK",https://vestbee.com/verde-raises-160m-seriesa,Raised $16.0M in Series A funding in 2025,,,False,72,warm,"{""recent_news"": ""Verde announced a strategic partnership in 2025 to broaden distribution."", ""person_highlights"": ""Henry Roberts, Head of Digital at Verde, has spoken publicly about scaling engineering teams."", ""company_challenge"": ""The company is focused on personalizing offers without a clean first-party data foundation."", ""tech_stack"": ""Salesforce commerce cloud and a segment data layer"", ""icebreaker"": ""Congrats on Verde's $16.0M Series A round earlier in 2025."", ""value_angle"": ""We could unify their customer data so campaigns target the right shoppers.""}",1
b67af835aae4,Bottega Group,Head of Digital,"Abu Dhabi, UAE",https://sifted.eu/bottega-raises-2930m-seriesc,Closed a $293.0M Series C round in 2026,faisal@bottega.ai,pattern,True,59,warm,"{""recent_news"": ""Bottega Group raised $293.0M in a Series C round in 2026."", ""person_highlights"": ""Faisal Nasser is the Head of Digital at Bottega Group and leads its technology and product direction."", ""company_challenge"": ""The company is focused on personalizing offers without a clean first-party data foundation."", ""tech_stack"": ""Salesforce commerce cloud and a segment data layer"", ""icebreaker"": ""Impressed by Bottega Group's momentum since the Series C round."", ""value_angle"": ""We could lift mobile conversion with faster, personalized storefront experiences.""}",1
25f6fcc22e8d,Loop Labs,VP of Engineering,Basingstoke,https://techfundingnews.com/loop-raises-54m-seed,Closed a $5.4M seed round in 2026,alexander.clarke@loop.io,google,True,84,warm,,1
f935d8967d4b,Palleta.io,CTO,Basingstoke,https://businessinsider.com/palleta-raises-53m-seed,Announced £5.3M seed financing in 2023,jack.g@palleta.com,pattern,True,62,warm,"{""recent_news"": ""Palleta.io launched a new product line in 2023 aimed at enterprise customers."", ""person_highlights"": ""Jack Green, CTO at Palleta.io, has spoken publicly about scaling engineering teams."", ""company_challenge"": ""The company is focused on optimizing last-mile routing to cut delivery cost."", ""tech_stack"": ""A .net tms integrated with carrier edi feeds"", ""icebreaker"": ""Saw that Palleta.io recently shipped a notable product update."", ""value_angle"": ""We could cut last-mile cost with smarter route optimization.""}",0
791e727cfd71,Datapilot,VP of Engineering,Singapore,https://theverge.com/datapilot-raises-2939m-seriesc,Raised £293.9M in Series C funding in 2024,aaron@datapilot.sg,pattern,True,74,warm,"{""recent_news"": ""Datapilot launched a new product line in 2024 aimed at enterprise customers."", ""person_highlights"": ""Aaron Teo joined Datapilot as VP of Engineering after senior roles at larger technology firms."", ""company_challenge"": ""The company is focused on expanding from a single-product wedge into a broader platform."", ""tech_stack"": ""Go microservices with a vector database for retrieval"", ""icebreaker"": ""Saw that Datapilot recently shipped a notable product update."", ""value_angle"": ""We could help them cut inference costs while keeping latency low at enterprise scale.""}",0
c176b1434496,Glide Labs,Chief Technology Officer,Dubai,https://eu-startups.com/glide-raises-36m-seed,Announced €3.6M seed financing in 2024,layla.a@glide.ae,scraping,True,91,hot,"{""recent_news"": ""Glide Labs announced a strategic partnership in 2024 to broaden distribution."", ""person_highlights"": ""Layla Al Maktoum, Chief Technology Officer at Glide Labs, has spoken publicly about scaling engineering teams."", ""company_challenge"": ""The company is focused on reducing inference latency while controlling GPU spend."", ""tech_stack"": ""A gpu-accelerated training stack on aws with custom orchestration"", ""icebreaker"": ""Congrats on Glide Labs's €3.6M seed round earlier in 2024."", ""value_angle"": ""We could automate evaluation so they can ship model updates with confidence.""}",1
82a27347264d,Quantal Labs,Chief Technology Officer,Singapore,https://tech.eu/quantal-raises-385m-seriesb,Announced $38.5M Series B financing in 2026,daniel@quantal.io,google,False,61,warm,"{""recent_news"": ""Quantal Labs expanded into a new market in 2026 following its Series B raise."", ""person_highlights"": ""Daniel Tan is the Chief Technology Officer at Quantal Labs and leads its technology and product direction."", ""company_challenge"": ""The company is focused on scaling its model-serving infrastructure to enterprise traffic."", ""tech_stack"": ""A gpu-accelerated training stack on aws with custom orchestration"", ""icebreaker"": ""Impressed by Quantal Labs's momentum since the Series B round."", ""value_angle"": ""We could help them cut inference costs while keeping latency low at enterprise scale.""}",1
65c1d1038b60,Replio AI,CTO,Singapore,https://eu-startups.com/replio-raises-05m-preseed,Announced £0.5M pre-seed financing in 2025,hello@replio.sg,generic,True,95,hot,"{""recent_news"": ""Replio AI announced a strategic partnership in 2025 to broaden distribution."", ""person_highlights"": ""Cheryl Ng joined Replio AI as CTO after senior roles at larger technology firms."", ""company_challenge"": ""The company is focused on reducing inference latency while controlling GPU spend."", ""tech_stack"": ""Python, pytorch, kubernetes, and a multi-tenant inference layer"", ""icebreaker"": ""Saw that Replio AI recently shipped a notable product update."", ""value_angle"": ""We could help them cut inference costs while keeping latency low at enterprise scale.""}",0
f8c9d7b34173,Forma,Head of AI,Singapore,https://tech.eu/forma-raises-09m-preseed,Closed a £0.9M pre-seed round in 2023,aaron.t@forma.ai,google,True,76,warm,"{""recent_news"": ""Forma launched a new product line in 2023 aimed at enterprise customers."", ""person_highlights"": ""Aaron Tan, Head of AI at Forma, has spoken publicly about scaling engineering teams."", ""company_challenge"": ""The company is focused on scaling its model-serving infrastructure to enterprise traffic."", ""tech_stack"": ""Go microservices with a vector database for retrieval"", ""icebreaker"": ""Congrats on Forma's £0.9M pre-seed round earlier in 2023."", ""value_angle"": ""We could give them observability across model pipelines and dependencies.""}",1
c6a77a37d9a1,Caretrack Med,EMEA Vice President of Sales,Italy,https://techcrunch.com/caretrack-raises-239m-seriesa,Raised €23.9M in Series A funding in 2026,cromano@caretrack.com,google,True,17,cold,"{""recent_news"": ""Caretrack Med expanded into a new market in 2026 following its Series A raise."", ""person_highlights"": ""Chiara Romano joined Caretrack Med as EMEA Vice President of Sales after senior roles at larger technology firms."", ""company_challenge"": ""The company is focused on reducing clinician admin burden with better tooling."", ""tech_stack"": ""Python services with an hl7 integration layer"", ""icebreaker"": ""Impressed by Caretrack Med's momentum since the Series A round."", ""value_angle"": ""We could keep patient data compliant while enabling analytics.""}",0
d19d429ef466,Portus Logistics,VP of Sales,"Paris, France",https://eu-startups.com/portus-raises-581m-seriesb,Secured £58.1M (Series B) to accelerate growth,antoine@portus.io,hunter,True,100,hot,"{""recent_news"": ""Portus Logistics expanded into a new market in 2026 following its Series B raise."", ""person_highlights"": ""Antoine Dubois co-founded Portus Logistics and now serves as VP of Sales."", ""company_challenge"": ""The company is focused on forecasting demand to balance warehouse capacity."", ""tech_stack"": ""Go services with a real-time telematics ingestion pipeline"", ""icebreaker"": ""Impressed by Portus Logistics's momentum since the Series B round."", ""value_angle"": ""We could give shippers real-time tracking that reduces support tickets.""}",1
68587a4e47b3,Mode & Co,CMO,Germany,https://trendingtopics.eu/mode-raises-141m-seriesa,Secured $14.1M (Series A) to accelerate growth,lena.schneider@mode.io,hunter,True,59,warm,,0
c67c499e4f15,Carepoint,CTO,Italy,https://techcrunch.com/carepoint-raises-962m-seriesc,Closed a £96.2M Series C round in 2025,francesco.esposito@carepoint.ai,google,True,58,warm,,1
cdf83b7af6e3,Neura Systems,VP of Sales,Singapore,https://businessinsider.com/neura-raises-14m-preseed,Closed a $1.4M pre-seed round in 2023,fng@neura.io,pattern,False,59,warm,,0
0420ae292582,Fundwise Bank,Chief Marketing Officer,"Munich, Germany",https://vestbee.com/fundwise-raises-41m-seed,Closed a £4.1M seed round in 2023,nlehmann@fundwise.com,hunter,False,8,cold,"{""recent_news"": ""Fundwise Bank raised £4.1M in a seed round in 2023."", ""person_highlights"": ""Niklas Lehmann co-founded Fundwise Bank and now serves as Chief Marketing Officer."", ""company_challenge"": ""The company is focused on differentiating in a crowded payments market."", ""tech_stack"": ""Go, grpc, and an event-sourced transaction core"", ""icebreaker"": ""Impressed by Fundwise Bank's momentum since the seed round."", ""value_angle"": ""We could sharpen their go-to-market message in a crowded category.""}",0
f987e57395da,Stowe,HR Director,Singapore,https://techfundingnews.com/stowe-raises-1244m-seriesc,Closed a $124.4M Series C round in 2023,ravi@stowe.sg,google,True,94,hot,,0
0b7b7b7331bb,Brightloop AI,VP of Engineering,London,https://businessinsider.com/brightloop-raises-07m-preseed,Raised £0.7M in pre-seed funding in 2026,james@brightloop.io,hunter,True,60,warm,"{""recent_news"": ""Brightloop AI expanded into a new market in 2026 following its pre-seed raise."", ""person_highlights"": ""James Clarke is the VP of Engineering at Brightloop AI and leads its technology and product direction."", ""company_challenge"": ""The company is focused on expanding from a single-product wedge into a broader platform."", ""tech_stack"": ""A gpu-accelerated training stack on aws with custom orchestration"", ""icebreaker"": ""Congrats on Brightloop AI's £0.7M pre-seed round earlier in 2026."", ""value_angle"": ""We could give them observability across model pipelines and dependencies.""}",1
c36c2f8e1e13,Carrefive Commerce,CMO,Singapore,https://eu-startups.com/carrefive-raises-382m-seriesb,Raised $38.2M in Series B funding in 2025,jng@carrefive.ai,hunter,True,79,warm,"{""recent_news"": ""Carrefive Commerce announced a strategic partnership in 2025 to broaden distribution."", ""person_highlights"": ""Jia Ng is the CMO at Carrefive Commerce and leads its technology and product direction."", ""company_challenge"": ""The company is focused on unifying online and in-store customer data into one view."", ""tech_stack"": ""Sap commerce with a headless react front end"", ""icebreaker"": ""Saw that Carrefive Commerce recently shipped a notable product update."", ""value_angle"": ""We could unify their customer data so campaigns target the right shoppers.""}",1
54b7da68dc14,Vaulta Finance,People Operations Lead,"London, UK",https://techcrunch.com/vaulta-raises-76m-seed,Announced £7.6M seed financing in 2025,grace.c@vaulta.co.uk,google,True,80,warm,"{""recent_news"": ""Vaulta Finance launched a new product line in 2025 aimed at enterprise customers."", ""person_highlights"": ""Grace Clarke co-founded Vaulta Finance and now serves as People Operations Lead."", ""company_challenge"": ""The company is focused on differentiating in a crowded payments market."", ""tech_stack"": ""Node.js, postgres, and a real-time fraud-scoring engine"", ""icebreaker"": ""Impressed by Vaulta Finance's momentum since the seed round."", ""value_angle"": ""We could give compliance teams audit-ready reporting out of the box.""}",0
fec601169baf,Nordica Group,Head of Retail Media (Digital),London,https://tech.eu/nordica-raises-06m-preseed,Announced $0.6M pre-seed financing in 2024,daniel.walker@nordica.co.uk,pattern,True,0,cold,"{""recent_news"": ""Nordica Group announced a strategic partnership in 2024 to broaden distribution."", ""person_highlights"": ""Daniel Walker is the Head of Retail Media (Digital) at Nordica Group and leads its technology and product direction."", ""company_challenge"": ""The company is focused on personalizing offers without a clean first-party data foundation."", ""tech_stack"": ""A homegrown commerce stack on aws with a snowflake warehouse"", ""icebreaker"": ""Impressed by Nordica Group's momentum since the pre-seed round."", ""value_angle"": ""We could tie loyalty data back to media spend for cleaner attribution.""}",0
6ded1b3de65c,Vectra.ai,Head of Sales,Singapore,https://crunchbase.com/vectra-raises-1143m-seriesc,Closed a $114.3M Series C round in 2025,li.s@vectra.io,hunter,False,81,warm,"{""recent_news"": ""Vectra.ai raised $114.3M in a Series C round in 2025."", ""person_highlights"": ""Li Sharma co-founded Vectra.ai and now serves as Head of Sales."", ""company_challenge"": ""The company is focused on scaling its model-serving infrastructure to enterprise traffic."", ""tech_stack"": ""Go microservices with a vector database for retrieval"", ""icebreaker"": ""Impressed by Vectra.ai's momentum since the Series C round."", ""value_angle"": ""We could automate evaluation so they can ship model updates with confidence.""}",1
a8dbcde003d9,Neura Cloud,Chief Technology Officer,Singapore,https://vestbee.com/neura-raises-111m-seriesa,Raised $11.1M in Series A funding in 2023,li.ng@neura.sg,google,False,33,cold,"{""recent_news"": ""Neura Cloud launched a new product line in 2023 aimed at enterprise customers."", ""person_highlights"": ""Li Ng joined Neura Cloud as Chief Technology Officer after senior roles at larger technology firms."", ""company_challenge"": ""The company is focused on reducing inference latency while controlling GPU spend."", ""tech_stack"": ""Go microservices with a vector database for retrieval"", ""icebreaker"": ""Impressed by Neura Cloud's momentum since the Series A round."", ""value_angle"": ""We could automate evaluation so they can ship model updates with confidence.""}",0
afed2de0aebf,Mercato Commerce,VP Sales,Basingstoke,https://trendingtopics.eu/mercato-raises-82m-seriesa,Closed a €8.2M Series A round in 2025,,,False,89,hot,"{""recent_news"": ""Mercato Commerce raised €8.2M in a Series A round in 2025."", ""person_highlights"": ""Joseph Hughes co-founded Mercato Commerce and now serves as VP Sales."", ""company_challenge"": ""The company is focused on personalizing offers without a clean first-party data foundation."", ""tech_stack"": ""A shopify plus storefront with a custom cdp integration"", ""icebreaker"": ""Impressed by Mercato Commerce's momentum since the Series A round."", ""value_angle"": ""We could lift mobile conversion with faster, personalized storefront experiences.""}",0
67ac426ea5b6,Étoile,VP of Sales,"Dubai, UAE",https://theverge.com/etoile-raises-83m-seriesa,Raised €8.3M in Series A funding in 2024,tariq@etoile.com,google,False,85,hot,"{""recent_news"": ""Étoile announced a strategic partnership in 2024 to broaden distribution."", ""person_highlights"": ""Tariq Abdullah co-founded Étoile and now serves as VP of Sales."", ""company_challenge"": ""The company is focused on growing retail-media revenue from its e-commerce traffic."", ""tech_stack"": ""Salesforce commerce cloud and a segment data layer"", ""icebreaker"": ""Saw that Étoile recently shipped a notable product update."", ""value_angle"": ""We could tie loyalty data back to media spend for cleaner attribution.""}",1
725323858d6b,Freightly,Head of Digital,Basingstoke,https://tech.eu/freightly-raises-04m-preseed,Announced $0.4M pre-seed financing in 2023,alexander.e@freightly.com,google,False,6,cold,"{""recent_news"": ""Freightly raised $0.4M in a pre-seed round in 2023."", ""person_highlights"": ""Alexander Evans co-founded Freightly and now serves as Head of Digital."", ""company_challenge"": ""The company is focused on giving customers real-time visibility into shipments."", ""tech_stack"": ""A .net tms integrated with carrier edi feeds"", ""icebreaker"": ""Impressed by Freightly's momentum since the pre-seed round."", ""value_angle"": ""We could give shippers real-time tracking that reduces support tickets.""}",0
612e08be1cce,Banca Pay,CTO,Germany,https://techfundingnews.com/banca-raises-125m-seriesa,Secured £12.5M (Series A) to accelerate growth,,,False,66,warm,"{""recent_news"": ""Banca Pay announced a strategic partnership in 2026 to broaden distribution."", ""person_highlights"": ""Lena Köhler joined Banca Pay as CTO after senior roles at larger technology firms."", ""company_challenge"": ""The company is focused on meeting tightening compliance requirements across new markets."", ""tech_stack"": "".net microservices with a rules engine for compliance"", ""icebreaker"": ""Congrats on Banca Pay's £12.5M Series A round earlier in 2026."", ""value_angle"": ""We could lower their fraud rate while protecting conversion at checkout.""}",0
fa711c2bd0de,Trackr.io,Chief Technology Officer,Singapore,https://reuters.com/trackr-raises-788m-seriesb,Announced £78.8M Series B financing in 2024,rachel.l@trackr.com,google,False,89,hot,"{""recent_news"": ""Trackr.io announced a strategic partnership in 2024 to broaden distribution."", ""person_highlights"": ""Rachel Low joined Trackr.io as Chief Technology Officer after senior roles at larger technology firms."", ""company_challenge"": ""The company is focused on giving customers real-time visibility into shipments."", ""tech_stack"": ""Kafka-based event tracking with a react dashboard"", ""icebreaker"": ""Congrats on Trackr.io's £78.8M Series B round earlier in 2024."", ""value_angle"": ""We could forecast demand so warehouses staff to the right level.""}",0
04cd1c6daaad,Atelier & Co,CMO,Italy,https://trendingtopics.eu/atelier-raises-264m-seriesb,Closed a £26.4M Series B round in 2026,,,False,87,hot,"{""recent_news"": ""Atelier & Co launched a new product line in 2026 aimed at enterprise customers."", ""person_highlights"": ""Matteo Ferrari joined Atelier & Co as CMO after senior roles at larger technology firms."", ""company_challenge"": ""The company is focused on improving e-commerce conversion on mobile."", ""tech_stack"": ""Sap commerce with a headless react front end"", ""icebreaker"": ""Saw that Atelier & Co recently shipped a notable product update."", ""value_angle"": ""We could lift mobile conversion with faster, personalized storefront experiences.""}",1
751bd29084b7,Orbital,Chief Technology Officer,London,https://tech.eu/orbital-raises-715m-seriesb,Announced $71.5M Series B financing in 2024,james.brown@orbital.co.uk,pattern,True,5,cold,"{""recent_news"": ""Orbital raised $71.5M in a Series B round in 2024."", ""person_highlights"": ""James Brown co-founded Orbital and now serves as Chief Technology Officer."", ""company_challenge"": ""The company is focused on scaling its model-serving infrastructure to enterprise traffic."", ""tech_stack"": ""A gpu-accelerated training stack on aws with custom orchestration"", ""icebreaker"": ""Congrats on Orbital's $71.5M Series B round earlier in 2024."", ""value_angle"": ""We could accelerate their road from research prototype to production-grade platform.""}",0
606bbc52d883,Monetar.io,VP of Finance,"Abu Dhabi, UAE",https://linkedin.com/monetar-raises-2432m-seriesc,Closed a $243.2M Series C round in 2023,fatima.almaktoum@monetar.ai,pattern,True,52,warm,,0
cb4b015001de,Settle,HR Manager,Singapore,https://vestbee.com/settle-raises-2234m-seriesc,Announced £223.4M Series C financing in 2025,wei@settle.ai,google,True,22,cold,"{""recent_news"": ""Settle announced a strategic partnership in 2025 to broaden distribution."", ""person_highlights"": ""Wei Sharma joined Settle as HR Manager after senior roles at larger technology firms."", ""company_challenge"": ""The company is focused on scaling KYC onboarding while keeping conversion high."", ""tech_stack"": ""Node.js, postgres, and a real-time fraud-scoring engine"", ""icebreaker"": ""I noticed Settle has been expanding its team this year."", ""value_angle"": ""We could give compliance teams audit-ready reporting out of the box.""}",0
e9afdcb0e8fd,Nimbus,Head of AI,"San Francisco, CA, United States",https://trendingtopics.eu/nimbus-raises-1576m-seriesc,Raised $157.6M in Series C funding in 2026,twalker@nimbus.co,pattern,False,98,hot,,0
7d219c97d5ff,Tally Capital,Chief Marketing Officer,Singapore,https://techcrunch.com/tally-raises-143m-seriesa,Raised £14.3M in Series A funding in 2024,rrahman@tally.sg,google,True,65,warm,"{""recent_news"": ""Tally Capital raised £14.3M in a Series A round in 2024."", ""person_highlights"": ""Ravi Rahman, Chief Marketing Officer at Tally Capital, has spoken publicly about scaling engineering teams."", ""company_challenge"": ""The company is focused on reducing payment fraud without adding checkout friction."", ""tech_stack"": "".net microservices with a rules engine for compliance"", ""icebreaker"": ""Saw that Tally Capital recently shipped a notable product update."", ""value_angle"": ""We could speed up KYC onboarding so fewer good customers drop off.""}",0
226eac5ebb95,Northpay,EMEA Vice President of Sales,"Cambridge, UK",https://tech.eu/northpay-raises-15m-preseed,Raised €1.5M in pre-seed funding in 2025,charlotte.t@northpay.com,pattern,True,83,warm,"{""recent_news"": ""Northpay launched a new product line in 2025 aimed at enterprise customers."", ""person_highlights"": ""Charlotte Taylor co-founded Northpay and now serves as EMEA Vice President of Sales."", ""company_challenge"": ""The company is focused on reducing payment fraud without adding checkout friction."", ""tech_stack"": ""Java, kafka, and a pci-compliant ledger service"", ""icebreaker"": ""Saw that Northpay recently shipped a notable product update."", ""value_angle"": ""We could lower their fraud rate while protecting conversion at checkout.""}",1
f0397ea88d84,Cargopath Supply,Regional Vice President of Sales,"Abu Dhabi, UAE",https://businessinsider.com/cargopath-raises-208m-seriesa,Raised €20.8M in Series A funding in 2025,omar.alnahyan@cargopath.io,pattern,False,71,warm,"{""recent_news"": ""Cargopath Supply announced a strategic partnership in 2025 to broaden distribution."", ""person_highlights"": ""Omar Al Nahyan is the Regional Vice President of Sales at Cargopath Supply and leads its technology and product direction."", ""company_challenge"": ""The company is focused on forecasting demand to balance warehouse capacity."", ""tech_stack"": ""A .net tms integrated with carrier edi feeds"", ""icebreaker"": ""Impressed by Cargopath Supply's momentum since the Series A round."", ""value_angle"": ""We could forecast demand so warehouses staff to the right level.""}",0
8e5fdb28ff15,Cura Care,HR Manager,"Bologna, Italy",https://theverge.com/cura-raises-219m-seriesa,Raised $21.9M in Series A funding in 2025,lrossi@cura.ai,google,False,57,warm,"{""recent_news"": ""Cura Care launched a new product line in 2025 aimed at enterprise customers."", ""person_highlights"": ""Luca Rossi is the HR Manager at Cura Care and leads its technology and product direction."", ""company_challenge"": ""The company is focused on meeting strict data-privacy rules while integrating hospital systems."", ""tech_stack"": ""A hipaa-compliant stack on azure with fhir apis"", ""icebreaker"": ""Saw that Cura Care recently shipped a notable product update."", ""value_angle"": ""We could reduce clinician admin time with automated documentation.""}",0
9bda2d04a4ef,Linea Group,Head of Retail Media (Digital),Germany,https://linkedin.com/linea-raises-618m-seriesb,Closed a £61.8M Series B round in 2025,clara@linea.io,google,False,26,cold,"{""recent_news"": ""Linea Group announced a strategic partnership in 2025 to broaden distribution."", ""person_highlights"": ""Clara Becker, Head of Retail Media (Digital) at Linea Group, has spoken publicly about scaling engineering teams."", ""company_challenge"": ""The company is focused on personalizing offers without a clean first-party data foundation."", ""tech_stack"": ""A homegrown commerce stack on aws with a snowflake warehouse"", ""icebreaker"": ""I noticed Linea Group has been expanding its team this year."", ""value_angle"": ""We could unify their customer data so campaigns target the right shoppers.""}",0
162b691a2ea3,Synth,Chief Technology Officer,Germany,https://techfundingnews.com/synth-raises-115m-seriesa,Secured $11.5M (Series A) to accelerate growth,moritz.hoffmann@synth.com,google,True,83,warm,"{""recent_news"": ""Synth expanded into a new market in 2025 following its Series A raise."", ""person_highlights"": ""Moritz Hoffmann is the Chief Technology Officer at Synth and leads its technology and product direction."", ""company_challenge"": ""The company is focused on reducing inference latency while controlling GPU spend."", ""tech_stack"": ""Typescript, postgres, and a ray-based training pipeline"", ""icebreaker"": ""Saw that Synth recently shipped a notable product update."", ""value_angle"": ""We could automate evaluation so they can ship model updates with confidence.""}",0
a34e13d4f191,Trackr,Head of Sales,"Boston, MA, United States",https://crunchbase.com/trackr-raises-353m-seriesb,Announced $35.3M Series B financing in 2023,taylor.rodriguez@trackr.io,hunter,False,92,hot,"{""recent_news"": ""Trackr launched a new product line in 2023 aimed at enterprise customers."", ""person_highlights"": ""Taylor Rodriguez, Head of Sales at Trackr, has spoken publicly about scaling engineering teams."", ""company_challenge"": ""The company is focused on giving customers real-time visibility into shipments."", ""tech_stack"": ""A route-optimization engine in python with postgis"", ""icebreaker"": ""Saw that Trackr recently shipped a notable product update."", ""value_angle"": ""We could forecast demand so warehouses staff to the right level.""}",1
0459df0a1b67,Trustline Bank,Country HR Director,Singapore,https://crunchbase.com/trustline-raises-1886m-seriesc,Raised £188.6M in Series C funding in 2025,ravi.w@trustline.sg,pattern,True,69,warm,,0
d6bb5d3d045f,Vectra AI,Chief Technology Officer,Berlin,https://crunchbase.com/vectra-raises-26m-seed,Secured €2.6M (seed) to accelerate growth,moritz.b@vectra.de,google,True,93,hot,"{""recent_news"": ""Vectra AI launched a new product line in 2024 aimed at enterprise customers."", ""person_highlights"": ""Moritz Becker is the Chief Technology Officer at Vectra AI and leads its technology and product direction."", ""company_challenge"": ""The company is focused on scaling its model-serving infrastructure to enterprise traffic."", ""tech_stack"": ""Typescript, postgres, and a ray-based training pipeline"", ""icebreaker"": ""Impressed by Vectra AI's momentum since the seed round."", ""value_angle"": ""We could give them observability across model pipelines and dependencies.""}",0
c529042e7d15,Mercato Group,Head of Sales,"Milan, Italy",https://trendingtopics.eu/mercato-raises-10m-preseed,Raised $1.0M in pre-seed funding in 2025,simone.b@mercato.it,pattern,True,56,warm,"{""recent_news"": ""Mercato Group announced a strategic partnership in 2025 to broaden distribution."", ""person_highlights"": ""Simone Bianchi is the Head of Sales at Mercato Group and leads its technology and product direction."", ""company_challenge"": ""The company is focused on unifying online and in-store customer data into one view."", ""tech_stack"": ""A shopify plus storefront with a custom cdp integration"", ""icebreaker"": ""Saw that Mercato Group recently shipped a notable product update."", ""value_angle"": ""We could lift mobile conversion with faster, personalized storefront experiences.""}",1
7382ecd7145e,Loop AI,VP of Engineering,London,https://tech.eu/loop-raises-232m-seriesa,Announced €23.2M Series A financing in 2026,dhall@loop.io,hunter,True,74,warm,"{""recent_news"": ""Loop AI raised €23.2M in a Series A round in 2026."", ""person_highlights"": ""Daniel Hall joined Loop AI as VP of Engineering after senior roles at larger technology firms."", ""company_challenge"": ""The company is focused on expanding from a single-product wedge into a broader platform."", ""tech_stack"": ""Typescript, postgres, and a ray-based training pipeline"", ""icebreaker"": ""I noticed Loop AI has been expanding its team this year."", ""value_angle"": ""We could give them observability across model pipelines and dependencies.""}",0
63f91fa31bc6,Parable Cloud,CTO,Basingstoke,https://sifted.eu/parable-raises-574m-seriesb,Secured €57.4M (Series B) to accelerate growth,thomas.h@parable.co.uk,hunter,False,74,warm,,1
7f0b12d428bd,Northpay Pay,Chief Marketing Officer,Basingstoke,https://techfundingnews.com/northpay-raises-2262m-seriesc,Announced £226.2M Series C financing in 2024,grace.w@northpay.co.uk,hunter,True,94,hot,,0
742cfd778018,Remitly Finance,Country HR Director,Berlin,https://eu-startups.com/remitly-raises-1141m-seriesc,Secured £114.1M (Series C) to accelerate growth,,,False,70,warm,"{""recent_news"": ""Remitly Finance expanded into a new market in 2023 following its Series C raise."", ""person_highlights"": ""Magnus Neumann co-founded Remitly Finance and now serves as Country HR Director."", ""company_challenge"": ""The company is focused on meeting tightening compliance requirements across new markets."", ""tech_stack"": ""Go, grpc, and an event-sourced transaction core"", ""icebreaker"": ""I noticed Remitly Finance has been expanding its team this year."", ""value_angle"": ""We could lower their fraud rate while protecting conversion at checkout.""}",0
5debf1bd1eba,Banca Capital,CTO,Basingstoke,https://techfundingnews.com/banca-raises-42m-seed,Secured €4.2M (seed) to accelerate growth,charlotte.w@banca.io,google,True,91,hot,,0
5b54381bf45b,Bazaar Retail,Chief Digital Officer,Basingstoke,https://tech.eu/bazaar-raises-14m-preseed,Announced €1.4M pre-seed financing in 2023,gwilson@bazaar.com,pattern,True,78,warm,"{""recent_news"": ""Bazaar Retail launched a new product line in 2023 aimed at enterprise customers."", ""person_highlights"": ""George Wilson joined Bazaar Retail as Chief Digital Officer after senior roles at larger technology firms."", ""company_challenge"": ""The company is focused on personalizing offers without a clean first-party data foundation."", ""tech_stack"": ""Sap commerce with a headless react front end"", ""icebreaker"": ""Saw that Bazaar Retail recently shipped a notable product update."", ""value_angle"": ""We could unify their customer data so campaigns target the right shoppers.""}",1
c629b7418b0e,Banca.io,Chief Marketing Officer,"Paris, France",https://theverge.com/banca-raises-227m-seriesa,Raised £22.7M in Series A funding in 2023,pierre.bernard@banca.fr,google,True,82,warm,"{""recent_news"": ""Banca.io expanded into a new market in 2023 following its Series A raise."", ""person_highlights"": ""Pierre Bernard co-founded Banca.io and now serves as Chief Marketing Officer."", ""company_challenge"": ""The company is focused on reducing payment fraud without adding checkout friction."", ""tech_stack"": ""Node.js, postgres, and a real-time fraud-scoring engine"", ""icebreaker"": ""I noticed Banca.io has been expanding its team this year."", ""value_angle"": ""We could give compliance teams audit-ready reporting out of the box.""}",0
7c66a4f4f656,Maison Stores,Chief Marketing Officer,Dubai,https://vestbee.com/maison-raises-465m-seriesb,Secured £46.5M (Series B) to accelerate growth,khalid.almaktoum@maison.ai,pattern,True,53,warm,"{""recent_news"": ""Maison Stores expanded into a new market in 2023 following its Series B raise."", ""person_highlights"": ""Khalid Al Maktoum joined Maison Stores as Chief Marketing Officer after senior roles at larger technology firms."", ""company_challenge"": ""The company is focused on personalizing offers without a clean first-party data foundation."", ""tech_stack"": ""A homegrown commerce stack on aws with a snowflake warehouse"", ""icebreaker"": ""Congrats on Maison Stores's £46.5M Series B round earlier in 2023."", ""value_angle"": ""We could tie loyalty data back to media spend for cleaner attribution.""}",0
59ea67c8f83e,Loop Cloud,EMEA Vice President of Sales,Singapore,https://techcrunch.com/loop-raises-09m-preseed,Closed a €0.9M pre-seed round in 2025,jia.pillai@loop.com,google,True,97,hot,"{""recent_news"": ""Loop Cloud raised €0.9M in a pre-seed round in 2025."", ""person_highlights"": ""Jia Pillai co-founded Loop Cloud and now serves as EMEA Vice President of Sales."", ""company_challenge"": ""The company is focused on scaling its model-serving infrastructure to enterprise traffic."", ""tech_stack"": ""Go microservices with a vector database for retrieval"", ""icebreaker"": ""Congrats on Loop Cloud's €0.9M pre-seed round earlier in 2025."", ""value_angle"": ""We could automate evaluation so they can ship model updates with confidence.""}",1
1f37f3fb5c01,Helix Bio,Chief Technology Officer,Singapore,https://vestbee.com/helix-raises-33m-seed,Secured €3.3M (seed) to accelerate growth,ravi.c@helix.ai,google,True,73,warm,,0
dc42fb715b54,Paytrail Bank,Chief Marketing Officer,France,https://trendingtopics.eu/paytrail-raises-30m-seed,Raised £3.0M in seed funding in 2026,smoreau@paytrail.ai,pattern,False,53,warm,"{""recent_news"": ""Paytrail Bank announced a strategic partnership in 2026 to broaden distribution."", ""person_highlights"": ""Sophie Moreau, Chief Marketing Officer at Paytrail Bank, has spoken publicly about scaling engineering teams."", ""company_challenge"": ""The company is focused on reducing payment fraud without adding checkout friction."", ""tech_stack"": ""Node.js, postgres, and a real-time fraud-scoring engine"", ""icebreaker"": ""Congrats on Paytrail Bank's £3.0M seed round earlier in 2026."", ""value_angle"": ""We could speed up KYC onboarding so fewer good customers drop off.""}",0
7f965eb59f43,Trustline Pay,CTO,"Paris, France",https://trendingtopics.eu/trustline-raises-2024m-seriesc,Secured $202.4M (Series C) to accelerate growth,hugo.dubois@trustline.com,scraping,True,97,hot,"{""recent_news"": ""Trustline Pay launched a new product line in 2024 aimed at enterprise customers."", ""person_highlights"": ""Hugo Dubois joined Trustline Pay as CTO after senior roles at larger technology firms."", ""company_challenge"": ""The company is focused on reducing payment fraud without adding checkout friction."", ""tech_stack"": ""Node.js, postgres, and a real-time fraud-scoring engine"", ""icebreaker"": ""Impressed by Trustline Pay's momentum since the Series C round."", ""value_angle"": ""We could speed up KYC onboarding so fewer good customers drop off.""}",1
4c2f19ee3822,Stride AI,HR Manager,Singapore,https://businessinsider.com/stride-raises-1892m-seriesc,Announced £189.2M Series C financing in 2024,wei.kumar@stride.com,pattern,False,46,cold,"{""recent_news"": ""Stride AI expanded into a new market in 2024 following its Series C raise."", ""person_highlights"": ""Wei Kumar is the HR Manager at Stride AI and leads its technology and product direction."", ""company_challenge"": ""The company is focused on expanding from a single-product wedge into a broader platform."", ""tech_stack"": ""A gpu-accelerated training stack on aws with custom orchestration"", ""icebreaker"": ""Impressed by Stride AI's momentum since the Series C round."", ""value_angle"": ""We could help them cut inference costs while keeping latency low at enterprise scale.""}",0
36de2cf3087b,Cascade,HR Manager,London,https://businessinsider.com/cascade-raises-93m-seriesa,Closed a $9.3M Series A round in 2025,oheller@cascade.co.uk,google,True,87,hot,"{""recent_news"": ""Cascade launched a new product line in 2025 aimed at enterprise customers."", ""person_highlights"": ""Oliver Heller co-founded Cascade and now serves as HR Manager."", ""company_challenge"": ""The company is focused on scaling its model-serving infrastructure to enterprise traffic."", ""tech_stack"": ""Python, pytorch, kubernetes, and a multi-tenant inference layer"", ""icebreaker"": ""Impressed by Cascade's momentum since the Series A round."", ""value_angle"": ""We could give them observability across model pipelines and dependencies.""}",0
8caf83cb6a5d,Cohera,CTO,"Dubai, UAE",https://linkedin.com/cohera-raises-07m-preseed,Announced £0.7M pre-seed financing in 2023,hassan.alsuwaidi@cohera.io,hunter,True,39,cold,"{""recent_news"": ""Cohera raised £0.7M in a pre-seed round in 2023."", ""person_highlights"": ""Hassan Al Suwaidi co-founded Cohera and now serves as CTO."", ""company_challenge"": ""The company is focused on reducing inference latency while controlling GPU spend."", ""tech_stack"": ""Go microservices with a vector database for retrieval"", ""icebreaker"": ""Congrats on Cohera's £0.7M pre-seed round earlier in 2023."", ""value_angle"": ""We could help them cut inference costs while keeping latency low at enterprise scale.""}",0
efb3c2aa3f8b,Clearpay Capital,VP of Finance,Singapore,https://vestbee.com/clearpay-raises-279m-seriesb,Closed a £27.9M Series B round in 2025,wei@clearpay.sg,scraping,False,85,hot,"{""recent_news"": ""Clearpay Capital expanded into a new market in 2025 following its Series B raise."", ""person_highlights"": ""Wei Lim is the VP of Finance at Clearpay Capital and leads its technology and product direction."", ""company_challenge"": ""The company is focused on differentiating in a crowded payments market."", ""tech_stack"": ""Java, kafka, and a pci-compliant ledger service"", ""icebreaker"": ""Saw that Clearpay Capital recently shipped a notable product update."", ""value_angle"": ""We could give compliance teams audit-ready reporting out of the box.""}",1
e74723ccb7b7,Ledgr,HR Director,Singapore,https://reuters.com/ledgr-raises-349m-seriesb,Secured $34.9M (Series B) to accelerate growth,rachel.iskandar@ledgr.sg,hunter,True,55,warm,"{""recent_news"": ""Ledgr expanded into a new market in 2023 following its Series B raise."", ""person_highlights"": ""Rachel Iskandar, HR Director at Ledgr, has spoken publicly about scaling engineering teams."", ""company_challenge"": ""The company is focused on reducing payment fraud without adding checkout friction."", ""tech_stack"": "".net microservices with a rules engine for compliance"", ""icebreaker"": ""Impressed by Ledgr's momentum since the Series B round."", ""value_angle"": ""We could lower their fraud rate while protecting conversion at checkout.""}",1
20193f2b6026,Forma Labs,VP of Engineering,"Abu Dhabi, UAE",https://vestbee.com/forma-raises-1908m-seriesc,Secured £190.8M (Series C) to accelerate growth,rali@forma.io,hunter,True,20,cold,"{""recent_news"": ""Forma Labs announced a strategic partnership in 2023 to broaden distribution."", ""person_highlights"": ""Rashid Ali, VP of Engineering at Forma Labs, has spoken publicly about scaling engineering teams."", ""company_challenge"": ""The company is focused on scaling its model-serving infrastructure to enterprise traffic."", ""tech_stack"": ""Typescript, postgres, and a ray-based training pipeline"", ""icebreaker"": ""I noticed Forma Labs has been expanding its team this year."", ""value_angle"": ""We could accelerate their road from research prototype to production-grade platform.""}",0
fe82bfe4793b,Lumière Group,HR Manager,Germany,https://techcrunch.com/lumiere-raises-225m-seriesa,Announced $22.5M Series A financing in 2025,clara.kohler@lumiere.ai,google,False,57,warm,"{""recent_news"": ""Lumière Group announced a strategic partnership in 2025 to broaden distribution."", ""person_highlights"": ""Clara Köhler co-founded Lumière Group and now serves as HR Manager."", ""company_challenge"": ""The company is focused on unifying online and in-store customer data into one view."", ""tech_stack"": ""Sap commerce with a headless react front end"", ""icebreaker"": ""I noticed Lumière Group has been expanding its team this year."", ""value_angle"": ""We could tie loyalty data back to media spend for cleaner attribution.""}",0
21986251cbd9,Ledgr.io,Country HR Director,Singapore,https://theverge.com/ledgr-raises-13m-preseed,Announced €1.3M pre-seed financing in 2025,sales@ledgr.io,generic,True,98,hot,"{""recent_news"": ""Ledgr.io launched a new product line in 2025 aimed at enterprise customers."", ""person_highlights"": ""Wei Sharma co-founded Ledgr.io and now serves as Country HR Director."", ""company_challenge"": ""The company is focused on differentiating in a crowded payments market."", ""tech_stack"": ""Go, grpc, and an event-sourced transaction core"", ""icebreaker"": ""I noticed Ledgr.io has been expanding its team this year."", ""value_angle"": ""We could sharpen their go-to-market message in a crowded category.""}",0
f79f2b5d6113,Clinova,Head of Digital,London,https://tech.eu/clinova-raises-213m-seriesa,Raised £21.3M in Series A funding in 2025,,,False,69,warm,"{""recent_news"": ""Clinova launched a new product line in 2025 aimed at enterprise customers."", ""person_highlights"": ""Harry Roberts, Head of Digital at Clinova, has spoken publicly about scaling engineering teams."", ""company_challenge"": ""The company is focused on scaling a telehealth platform to handle peak demand."", ""tech_stack"": ""A data platform on gcp feeding clinical decision support"", ""icebreaker"": ""Impressed by Clinova's momentum since the Series A round."", ""value_angle"": ""We could reduce clinician admin time with automated documentation.""}",1
ca3e01c705b7,Clearpay Capital,VP Sales,"Cambridge, UK",https://eu-startups.com/clearpay-raises-320m-seriesb,Closed a €32.0M Series B round in 2026,jtaylor@clearpay.io,hunter,True,69,warm,"{""recent_news"": ""Clearpay Capital raised €32.0M in a Series B round in 2026."", ""person_highlights"": ""Joseph Taylor joined Clearpay Capital as VP Sales after senior roles at larger technology firms."", ""company_challenge"": ""The company is focused on meeting tightening compliance requirements across new markets."", ""tech_stack"": ""Java, kafka, and a pci-compliant ledger service"", ""icebreaker"": ""I noticed Clearpay Capital has been expanding its team this year."", ""value_angle"": ""We could sharpen their go-to-market message in a crowded category.""}",0
06644ccb736f,Foundry Labs,VP of Engineering,London,https://linkedin.com/foundry-raises-970m-seriesc,Secured $97.0M (Series C) to accelerate growth,charlotte.smith@foundry.io,pattern,True,80,warm,"{""recent_news"": ""Foundry Labs announced a strategic partnership in 2024 to broaden distribution."", ""person_highlights"": ""Charlotte Smith is the VP of Engineering at Foundry Labs and leads its technology and product direction."", ""company_challenge"": ""The company is focused on expanding from a single-product wedge into a broader platform."", ""tech_stack"": ""Go microservices with a vector database for retrieval"", ""icebreaker"": ""I noticed Foundry Labs has been expanding its team this year."", ""value_angle"": ""We could help them cut inference costs while keeping latency low at enterprise scale.""}",1
6f719903d8f6,Haulr Supply,VP of Sales,"Munich, Germany",https://sifted.eu/haulr-raises-2375m-seriesc,Secured €237.5M (Series C) to accelerate growth,pschneider@haulr.io,google,False,65,warm,"{""recent_news"": ""Haulr Supply raised €237.5M in a Series C round in 2026."", ""person_highlights"": ""Paul Schneider joined Haulr Supply as VP of Sales after senior roles at larger technology firms."", ""company_challenge"": ""The company is focused on forecasting demand to balance warehouse capacity."", ""tech_stack"": ""A route-optimization engine in python with postgis"", ""icebreaker"": ""Congrats on Haulr Supply's €237.5M Series C round earlier in 2026."", ""value_angle"": ""We could give shippers real-time tracking that reduces support tickets.""}",0
38a92836cbea,Medbridge.health,CTO,Basingstoke,https://trendingtopics.eu/medbridge-raises-67m-seed,Closed a €6.7M seed round in 2024,freya.j@medbridge.com,pattern,True,92,hot,"{""recent_news"": ""Medbridge.health raised €6.7M in a seed round in 2024."", ""person_highlights"": ""Freya Jones joined Medbridge.health as CTO after senior roles at larger technology firms."", ""company_challenge"": ""The company is focused on getting interoperability across legacy EHR systems."", ""tech_stack"": ""A data platform on gcp feeding clinical decision support"", ""icebreaker"": ""Saw that Medbridge.health recently shipped a notable product update."", ""value_angle"": ""We could reduce clinician admin time with automated documentation.""}",0
c0c9f4d69e37,Clearpay.io,CMO,"Hamburg, Germany",https://tech.eu/clearpay-raises-215m-seriesa,Secured £21.5M (Series A) to accelerate growth,sophie@clearpay.io,hunter,True,89,hot,,1
76decc7c0416,Oncora Bio,HR Director,"London, UK",https://vestbee.com/oncora-raises-79m-seed,Announced $7.9M seed financing in 2024,james.e@oncora.co.uk,google,True,79,warm,"{""recent_news"": ""Oncora Bio announced a strategic partnership in 2024 to broaden distribution."", ""person_highlights"": ""James Evans joined Oncora Bio as HR Director after senior roles at larger technology firms."", ""company_challenge"": ""The company is focused on reducing clinician admin burden with better tooling."", ""tech_stack"": ""A hipaa-compliant stack on azure with fhir apis"", ""icebreaker"": ""Saw that Oncora Bio recently shipped a notable product update."", ""value_angle"": ""We could scale their telehealth platform to handle demand spikes.""}",1
761c0b8617f8,Vesta,Chief Digital Officer,Dubai,https://vestbee.com/vesta-raises-10m-preseed,Announced $1.0M pre-seed financing in 2024,tariq.a@vesta.com,google,False,87,hot,"{""recent_news"": ""Vesta expanded into a new market in 2024 following its pre-seed raise."", ""person_highlights"": ""Tariq Ali, Chief Digital Officer at Vesta, has spoken publicly about scaling engineering teams."", ""company_challenge"": ""The company is focused on unifying online and in-store customer data into one view."", ""tech_stack"": ""Sap commerce with a headless react front end"", ""icebreaker"": ""Saw that Vesta recently shipped a notable product update."", ""value_angle"": ""We could tie loyalty data back to media spend for cleaner attribution.""}",0
db37ab455d47,Castello & Co,Chief Digital Officer,"Hamburg, Germany",https://techfundingnews.com/castello-raises-128m-seriesa,Secured $12.8M (Series A) to accelerate growth,hannah@castello.io,google,True,20,cold,"{""recent_news"": ""Castello & Co expanded into a new market in 2023 following its Series A raise."", ""person_highlights"": ""Hannah Krause joined Castello & Co as Chief Digital Officer after senior roles at larger technology firms."", ""company_challenge"": ""The company is focused on personalizing offers without a clean first-party data foundation."", ""tech_stack"": ""Salesforce commerce cloud and a segment data layer"", ""icebreaker"": ""Congrats on Castello & Co's $12.8M Series A round earlier in 2023."", ""value_angle"": ""We could lift mobile conversion with faster, personalized storefront experiences.""}",0
bd32ab4b8aa6,Mindstack Systems,CTO,Dubai,https://tech.eu/mindstack-raises-536m-seriesb,Secured £53.6M (Series B) to accelerate growth,hamza.alnahyan@mindstack.ai,google,True,27,cold,"{""recent_news"": ""Mindstack Systems raised £53.6M in a Series B round in 2025."", ""person_highlights"": ""Hamza Al Nahyan co-founded Mindstack Systems and now serves as CTO."", ""company_challenge"": ""The company is focused on expanding from a single-product wedge into a broader platform."", ""tech_stack"": ""A gpu-accelerated training stack on aws with custom orchestration"", ""icebreaker"": ""Saw that Mindstack Systems recently shipped a notable product update."", ""value_angle"": ""We could help them cut inference costs while keeping latency low at enterprise scale.""}",0
30437e3fce44,Cura Care,Chief Technology Officer,"Milan, Italy",https://tech.eu/cura-raises-232m-seriesa,Announced £23.2M Series A financing in 2023,mbruno@cura.ai,pattern,False,87,hot,"{""recent_news"": ""Cura Care launched a new product line in 2023 aimed at enterprise customers."", ""person_highlights"": ""Matteo Bruno joined Cura Care as Chief Technology Officer after senior roles at larger technology firms."", ""company_challenge"": ""The company is focused on meeting strict data-privacy rules while integrating hospital systems."", ""tech_stack"": ""A hipaa-compliant stack on azure with fhir apis"", ""icebreaker"": ""I noticed Cura Care has been expanding its team this year."", ""value_angle"": ""We could make EHR integration faster so onboarding new clinics is painless.""}",0
45874744aba9,Clinova.health,Chief Technology Officer,"Dubai, UAE",https://theverge.com/clinova-raises-287m-seriesb,Closed a $28.7M Series B round in 2025,imran@clinova.com,google,True,91,hot,,0
8b9ca4b1d6c8,Orbital Cloud,Head of AI,Germany,https://techfundingnews.com/orbital-raises-412m-seriesb,Raised £41.2M in Series B funding in 2024,contact@orbital.de,generic,True,96,hot,"{""recent_news"": ""Orbital Cloud announced a strategic partnership in 2024 to broaden distribution."", ""person_highlights"": ""Mathis Krause, Head of AI at Orbital Cloud, has spoken publicly about scaling engineering teams."", ""company_challenge"": ""The company is focused on reducing inference latency while controlling GPU spend."", ""tech_stack"": ""A gpu-accelerated training stack on aws with custom orchestration"", ""icebreaker"": ""Congrats on Orbital Cloud's £41.2M Series B round earlier in 2024."", ""value_angle"": ""We could accelerate their road from research prototype to production-grade platform.""}",0
0673ba6ebb8f,Vectra,Head of AI,Basingstoke,https://vestbee.com/vectra-raises-124m-seriesa,Announced £12.4M Series A financing in 2024,ledwards@vectra.ai,google,False,3,cold,"{""recent_news"": ""Vectra announced a strategic partnership in 2024 to broaden distribution."", ""person_highlights"": ""Lucy Edwards co-founded Vectra and now serves as Head of AI."", ""company_challenge"": ""The company is focused on turning a strong research demo into a reliable production platform."", ""tech_stack"": ""Python, pytorch, kubernetes, and a multi-tenant inference layer"", ""icebreaker"": ""Saw that Vectra recently shipped a notable product update."", ""value_angle"": ""We could automate evaluation so they can ship model updates with confidence.""}",0
6212e2cef0db,Cortex,Chief Technology Officer,"Toulouse, France",https://businessinsider.com/cortex-raises-12m-preseed,Secured €1.2M (pre-seed) to accelerate growth,cdurand@cortex.fr,hunter,False,1,cold,,0
1b8ebc0482b0,Forma Labs,Head of AI,Singapore,https://businessinsider.com/forma-raises-12m-preseed,Raised $1.2M in pre-seed funding in 2025,rong@forma.ai,hunter,False,52,warm,"{""recent_news"": ""Forma Labs announced a strategic partnership in 2025 to broaden distribution."", ""person_highlights"": ""Rachel Ong is the Head of AI at Forma Labs and leads its technology and product direction."", ""company_challenge"": ""The company is focused on reducing inference latency while controlling GPU spend."", ""tech_stack"": ""Go microservices with a vector database for retrieval"", ""icebreaker"": ""Saw that Forma Labs recently shipped a notable product update."", ""value_angle"": ""We could help them cut inference costs while keeping latency low at enterprise scale.""}",1
f16a8278c61a,Lastmile Logistics,Chief Technology Officer,"Munich, Germany",https://tech.eu/lastmile-raises-12m-preseed,Closed a $1.2M pre-seed round in 2025,,,False,98,hot,"{""recent_news"": ""Lastmile Logistics announced a strategic partnership in 2025 to broaden distribution."", ""person_highlights"": ""Anna Wagner joined Lastmile Logistics as Chief Technology Officer after senior roles at larger technology firms."", ""company_challenge"": ""The company is focused on digitizing a paper-heavy freight-booking process."", ""tech_stack"": ""A .net tms integrated with carrier edi feeds"", ""icebreaker"": ""Impressed by Lastmile Logistics's momentum since the pre-seed round."", ""value_angle"": ""We could cut last-mile cost with smarter route optimization.""}",0
98687157a765,Coinbridge Finance,CMO,"Hamburg, Germany",https://trendingtopics.eu/coinbridge-raises-650m-seriesb,Raised $65.0M in Series B funding in 2024,moritz.l@coinbridge.com,pattern,False,97,hot,"{""recent_news"": ""Coinbridge Finance raised $65.0M in a Series B round in 2024."", ""person_highlights"": ""Moritz Lehmann co-founded Coinbridge Finance and now serves as CMO."", ""company_challenge"": ""The company is focused on reducing payment fraud without adding checkout friction."", ""tech_stack"": "".net microservices with a rules engine for compliance"", ""icebreaker"": ""Saw that Coinbridge Finance recently shipped a notable product update."", ""value_angle"": ""We could sharpen their go-to-market message in a crowded category.""}",0
76596968a1b3,Nordica Retail,HR Manager,London,https://eu-startups.com/nordica-raises-389m-seriesb,Secured $38.9M (Series B) to accelerate growth,thomas.h@nordica.ai,google,True,92,hot,,0
addb6fffa72f,Maison Group,EMEA Vice President of Sales,Dubai,https://techcrunch.com/maison-raises-635m-seriesb,Closed a $63.5M Series B round in 2025,imran@maison.io,hunter,False,87,hot,,0
c29b8b904b32,Tensor AI,Head of AI,"Paris, France",https://linkedin.com/tensor-raises-169m-seriesa,Secured £16.9M (Series A) to accelerate growth,mathis.f@tensor.ai,scraping,True,70,warm,"{""recent_news"": ""Tensor AI expanded into a new market in 2025 following its Series A raise."", ""person_highlights"": ""Mathis Fontaine, Head of AI at Tensor AI, has spoken publicly about scaling engineering teams."", ""company_challenge"": ""The company is focused on reducing inference latency while controlling GPU spend."", ""tech_stack"": ""Go microservices with a vector database for retrieval"", ""icebreaker"": ""Saw that Tensor AI recently shipped a notable product update."", ""value_angle"": ""We could automate evaluation so they can ship model updates with confidence.""}",0
ef15ebdd049f,Helix,HR Director,"Cambridge, UK",https://reuters.com/helix-raises-28m-seed,Announced £2.8M seed financing in 2023,,,False,19,cold,,0
a900401603a2,Carrefive Group,CMO,Dubai,https://tech.eu/carrefive-raises-1990m-seriesc,Closed a €199.0M Series C round in 2026,noura.a@carrefive.ai,google,True,97,hot,"{""recent_news"": ""Carrefive Group raised €199.0M in a Series C round in 2026."", ""person_highlights"": ""Noura Al Maktoum joined Carrefive Group as CMO after senior roles at larger technology firms."", ""company_challenge"": ""The company is focused on personalizing offers without a clean first-party data foundation."", ""tech_stack"": ""Sap commerce with a headless react front end"", ""icebreaker"": ""Saw that Carrefive Group recently shipped a notable product update."", ""value_angle"": ""We could unify their customer data so campaigns target the right shoppers.""}",1
85d5142bb186,Banca Finance,Chief Marketing Officer,Singapore,https://tech.eu/banca-raises-46m-seed,Secured $4.6M (seed) to accelerate growth,faizal@banca.ai,google,True,9,cold,"{""recent_news"": ""Banca Finance raised $4.6M in a seed round in 2023."", ""person_highlights"": ""Faizal Chua joined Banca Finance as Chief Marketing Officer after senior roles at larger technology firms."", ""company_challenge"": ""The company is focused on differentiating in a crowded payments market."", ""tech_stack"": "".net microservices with a rules engine for compliance"", ""icebreaker"": ""Impressed by Banca Finance's momentum since the seed round."", ""value_angle"": ""We could give compliance teams audit-ready reporting out of the box.""}",0
de07072723aa,Lastmile Systems,Chief Technology Officer,"Hamburg, Germany",https://trendingtopics.eu/lastmile-raises-201m-seriesa,Announced £20.1M Series A financing in 2025,contact@lastmile.de,generic,False,10,cold,"{""recent_news"": ""Lastmile Systems launched a new product line in 2025 aimed at enterprise customers."", ""person_highlights"": ""Johanna Langanke is the Chief Technology Officer at Lastmile Systems and leads its technology and product direction."", ""company_challenge"": ""The company is focused on forecasting demand to balance warehouse capacity."", ""tech_stack"": ""A .net tms integrated with carrier edi feeds"", ""icebreaker"": ""I noticed Lastmile Systems has been expanding its team this year."", ""value_angle"": ""We could cut last-mile cost with smarter route optimization.""}",0
97681aa26e2b,Conveyo.io,EMEA Vice President of Sales,"Turin, Italy",https://linkedin.com/conveyo-raises-14m-preseed,Raised €1.4M in pre-seed funding in 2024,andrea.conti@conveyo.io,google,True,71,warm,"{""recent_news"": ""Conveyo.io launched a new product line in 2024 aimed at enterprise customers."", ""person_highlights"": ""Andrea Conti co-founded Conveyo.io and now serves as EMEA Vice President of Sales."", ""company_challenge"": ""The company is focused on forecasting demand to balance warehouse capacity."", ""tech_stack"": ""A route-optimization engine in python with postgis"", ""icebreaker"": ""Saw that Conveyo.io recently shipped a notable product update."", ""value_angle"": ""We could digitize freight booking to remove manual back-and-forth.""}",1
240468b4252e,Medly.health,HR Director,"Abu Dhabi, UAE",https://vestbee.com/medly-raises-72m-seed,Raised £7.2M in seed funding in 2024,,,False,61,warm,"{""recent_news"": ""Medly.health raised £7.2M in a seed round in 2024."", ""person_highlights"": ""Imran Abdullah is the HR Director at Medly.health and leads its technology and product direction."", ""company_challenge"": ""The company is focused on getting interoperability across legacy EHR systems."", ""tech_stack"": ""A hipaa-compliant stack on azure with fhir apis"", ""icebreaker"": ""Saw that Medly.health recently shipped a notable product update."", ""value_angle"": ""We could reduce clinician admin time with automated documentation.""}",1
6aa1d4d1f31b,Mindstack Cloud,VP of Engineering,"Bologna, Italy",https://trendingtopics.eu/mindstack-raises-62m-seed,Closed a £6.2M seed round in 2023,chiara.r@mindstack.io,pattern,False,64,warm,,0
7f1b14978ee1,Mode Retail,Chief Marketing Officer,Dubai,https://eu-startups.com/mode-raises-14m-preseed,Raised $1.4M in pre-seed funding in 2024,fatima.q@mode.io,google,False,99,hot,"{""recent_news"": ""Mode Retail raised $1.4M in a pre-seed round in 2024."", ""person_highlights"": ""Fatima Qassimi joined Mode Retail as Chief Marketing Officer after senior roles at larger technology firms."", ""company_challenge"": ""The company is focused on unifying online and in-store customer data into one view."", ""tech_stack"": ""Sap commerce with a headless react front end"", ""icebreaker"": ""Saw that Mode Retail recently shipped a notable product update."", ""value_angle"": ""We could tie loyalty data back to media spend for cleaner attribution.""}",0
a5f6dc07f217,Aria Group,VP Sales,Singapore,https://techfundingnews.com/aria-raises-230m-seriesa,Secured $23.0M (Series A) to accelerate growth,aong@aria.sg,google,True,66,warm,"{""recent_news"": ""Aria Group launched a new product line in 2024 aimed at enterprise customers."", ""person_highlights"": ""Aaron Ong is the VP Sales at Aria Group and leads its technology and product direction."", ""company_challenge"": ""The company is focused on growing retail-media revenue from its e-commerce traffic."", ""tech_stack"": ""Salesforce commerce cloud and a segment data layer"", ""icebreaker"": ""Saw that Aria Group recently shipped a notable product update."", ""value_angle"": ""We could stand up a retail-media offering that monetizes existing traffic.""}",0
88547d448edf,Vaulta Pay,EMEA Vice President of Sales,"Toulouse, France",https://trendingtopics.eu/vaulta-raises-2501m-seriesc,Closed a $250.1M Series C round in 2024,ngarcia@vaulta.io,pattern,False,93,hot,"{""recent_news"": ""Vaulta Pay raised $250.1M in a Series C round in 2024."", ""person_highlights"": ""Nathan Garcia joined Vaulta Pay as EMEA Vice President of Sales after senior roles at larger technology firms."", ""company_challenge"": ""The company is focused on differentiating in a crowded payments market."", ""tech_stack"": ""Node.js, postgres, and a real-time fraud-scoring engine"", ""icebreaker"": ""Impressed by Vaulta Pay's momentum since the Series C round."", ""value_angle"": ""We could give compliance teams audit-ready reporting out of the box.""}",1
244f39e101cb,Tally Pay,Head of Digital,"Munich, Germany",https://linkedin.com/tally-raises-551m-seriesb,Announced $55.1M Series B financing in 2023,mkrause@tally.com,pattern,True,19,cold,"{""recent_news"": ""Tally Pay announced a strategic partnership in 2023 to broaden distribution."", ""person_highlights"": ""Magnus Krause co-founded Tally Pay and now serves as Head of Digital."", ""company_challenge"": ""The company is focused on differentiating in a crowded payments market."", ""tech_stack"": ""Node.js, postgres, and a real-time fraud-scoring engine"", ""icebreaker"": ""Saw that Tally Pay recently shipped a notable product update."", ""value_angle"": ""We could give compliance teams audit-ready reporting out of the box.""}",0
1933756e57b5,Banca Finance,VP of Finance,"Dubai, UAE",https://linkedin.com/banca-raises-231m-seriesa,Closed a $23.1M Series A round in 2026,zrahman@banca.com,google,True,84,warm,"{""recent_news"": ""Banca Finance expanded into a new market in 2026 following its Series A raise."", ""person_highlights"": ""Zainab Rahman, VP of Finance at Banca Finance, has spoken publicly about scaling engineering teams."", ""company_challenge"": ""The company is focused on meeting tightening compliance requirements across new markets."", ""tech_stack"": ""Java, kafka, and a pci-compliant ledger service"", ""icebreaker"": ""Saw that Banca Finance recently shipped a notable product update."", ""value_angle"": ""We could speed up KYC onboarding so fewer good customers drop off.""}",0
57b6a5818df3,Vaulta Capital,VP of Finance,"Paris, France",https://trendingtopics.eu/vaulta-raises-2660m-seriesc,Raised £266.0M in Series C funding in 2024,mathis@vaulta.io,google,True,89,hot,,1
3244624606f2,Linea Commerce,VP Sales,Singapore,https://linkedin.com/linea-raises-219m-seriesa,Announced €21.9M Series A financing in 2026,arjun.nair@linea.ai,scraping,True,25,cold,"{""recent_news"": ""Linea Commerce raised €21.9M in a Series A round in 2026."", ""person_highlights"": ""Arjun Nair, VP Sales at Linea Commerce, has spoken publicly about scaling engineering teams."", ""company_challenge"": ""The company is focused on growing retail-media revenue from its e-commerce traffic."", ""tech_stack"": ""A shopify plus storefront with a custom cdp integration"", ""icebreaker"": ""I noticed Linea Commerce has been expanding its team this year."", ""value_angle"": ""We could lift mobile conversion with faster, personalized storefront experiences.""}",0
a082f7be74b2,Monetar Bank,CMO,"Paris, France",https://techcrunch.com/monetar-raises-34m-seed,Announced €3.4M seed financing in 2025,lucas.leroy@monetar.ai,pattern,True,63,warm,"{""recent_news"": ""Monetar Bank announced a strategic partnership in 2025 to broaden distribution."", ""person_highlights"": ""Lucas Leroy joined Monetar Bank as CMO after senior roles at larger technology firms."", ""company_challenge"": ""The company is focused on reducing payment fraud without adding checkout friction."", ""tech_stack"": "".net microservices with a rules engine for compliance"", ""icebreaker"": ""Congrats on Monetar Bank's €3.4M seed round earlier in 2025."", ""value_angle"": ""We could sharpen their go-to-market message in a crowded category.""}",0
0bcc6068be5e,Coinbridge.io,CTO,"Toulouse, France",https://linkedin.com/coinbridge-raises-07m-preseed,Raised €0.7M in pre-seed funding in 2024,mathis.l@coinbridge.ai,pattern,True,97,hot,"{""recent_news"": ""Coinbridge.io announced a strategic partnership in 2024 to broaden distribution."", ""person_highlights"": ""Mathis Laurent, CTO at Coinbridge.io, has spoken publicly about scaling engineering teams."", ""company_challenge"": ""The company is focused on differentiating in a crowded payments market."", ""tech_stack"": ""Go, grpc, and an event-sourced transaction core"", ""icebreaker"": ""Saw that Coinbridge.io recently shipped a notable product update."", ""value_angle"": ""We could lower their fraud rate while protecting conversion at checkout.""}",0
f87357f6819e,Medbridge Bio,Head of Sales,"Paris, France",https://techfundingnews.com/medbridge-raises-89m-seriesa,Secured €8.9M (Series A) to accelerate growth,maxime.m@medbridge.ai,pattern,True,83,warm,"{""recent_news"": ""Medbridge Bio launched a new product line in 2025 aimed at enterprise customers."", ""person_highlights"": ""Maxime Moreau is the Head of Sales at Medbridge Bio and leads its technology and product direction."", ""company_challenge"": ""The company is focused on reducing clinician admin burden with better tooling."", ""tech_stack"": ""Python services with an hl7 integration layer"", ""icebreaker"": ""Saw that Medbridge Bio recently shipped a notable product update."", ""value_angle"": ""We could scale their telehealth platform to handle demand spikes.""}",1
51d1b45d44b9,Yield.io,Head of Digital,Berlin,https://techcrunch.com/yield-raises-629m-seriesb,Announced €62.9M Series B financing in 2024,lennart.richter@yield.io,google,True,93,hot,,1
ff5343217ae6,Parable Cloud,CTO,Berlin,https://techfundingnews.com/parable-raises-13m-preseed,Secured €1.3M (pre-seed) to accelerate growth,hannah@parable.com,google,True,87,hot,"{""recent_news"": ""Parable Cloud expanded into a new market in 2025 following its pre-seed raise."", ""person_highlights"": ""Hannah Brandt is the CTO at Parable Cloud and leads its technology and product direction."", ""company_challenge"": ""The company is focused on turning a strong research demo into a reliable production platform."", ""tech_stack"": ""A gpu-accelerated training stack on aws with custom orchestration"", ""icebreaker"": ""I noticed Parable Cloud has been expanding its team this year."", ""value_angle"": ""We could automate evaluation so they can ship model updates with confidence.""}",1
02a9e5c2ed9d,Mercato Group,CMO,Berlin,https://theverge.com/mercato-raises-97m-seriesa,Raised £9.7M in Series A funding in 2024,niklas.vogel@mercato.ai,google,False,81,warm,"{""recent_news"": ""Mercato Group raised £9.7M in a Series A round in 2024."", ""person_highlights"": ""Niklas Vogel, CMO at Mercato Group, has spoken publicly about scaling engineering teams."", ""company_challenge"": ""The company is focused on growing retail-media revenue from its e-commerce traffic."", ""tech_stack"": ""A homegrown commerce stack on aws with a snowflake warehouse"", ""icebreaker"": ""Saw that Mercato Group recently shipped a notable product update."", ""value_angle"": ""We could tie loyalty data back to media spend for cleaner attribution.""}",1
a948de96ee84,Nordica Group,Chief Digital Officer,"Manchester, UK",https://sifted.eu/nordica-raises-559m-seriesb,Raised £55.9M in Series B funding in 2024,charlie@nordica.com,google,True,57,warm,"{""recent_news"": ""Nordica Group launched a new product line in 2024 aimed at enterprise customers."", ""person_highlights"": ""Charlie Green, Chief Digital Officer at Nordica Group, has spoken publicly about scaling engineering teams."", ""company_challenge"": ""The company is focused on personalizing offers without a clean first-party data foundation."", ""tech_stack"": ""Salesforce commerce cloud and a segment data layer"", ""icebreaker"": ""Impressed by Nordica Group's momentum since the Series B round."", ""value_angle"": ""We could tie loyalty data back to media spend for cleaner attribution.""}",1
5eadbbcb698b,Mercato & Co,Chief Digital Officer,Singapore,https://eu-startups.com/mercato-raises-370m-seriesb,Secured $37.0M (Series B) to accelerate growth,wei.o@mercato.com,hunter,True,88,hot,"{""recent_news"": ""Mercato & Co announced a strategic partnership in 2023 to broaden distribution."", ""person_highlights"": ""Wei Ong co-founded Mercato & Co and now serves as Chief Digital Officer."", ""company_challenge"": ""The company is focused on personalizing offers without a clean first-party data foundation."", ""tech_stack"": ""Sap commerce with a headless react front end"", ""icebreaker"": ""Impressed by Mercato & Co's momentum since the Series B round."", ""value_angle"": ""We could stand up a retail-media offering that monetizes existing traffic.""}",1
bdd937e525d1,Coinbridge.io,Chief Marketing Officer,"Munich, Germany",https://crunchbase.com/coinbridge-raises-81m-seriesa,Announced €8.1M Series A financing in 2024,anna.l@coinbridge.com,pattern,False,63,warm,,1
88b6fce1b0aa,Trustline Capital,VP Sales,"Turin, Italy",https://crunchbase.com/trustline-raises-26m-seed,Announced £2.6M seed financing in 2026,alice.ricci@trustline.ai,pattern,False,20,cold,,0
035a02279d9f,Logix Systems,Head of Digital,Germany,https://sifted.eu/logix-raises-503m-seriesb,Announced £50.3M Series B financing in 2026,clara@logix.io,google,True,13,cold,"{""recent_news"": ""Logix Systems announced a strategic partnership in 2026 to broaden distribution."", ""person_highlights"": ""Clara Langanke is the Head of Digital at Logix Systems and leads its technology and product direction."", ""company_challenge"": ""The company is focused on digitizing a paper-heavy freight-booking process."", ""tech_stack"": ""Kafka-based event tracking with a react dashboard"", ""icebreaker"": ""I noticed Logix Systems has been expanding its team this year."", ""value_angle"": ""We could forecast demand so warehouses staff to the right level.""}",0
560e0af8c1c4,Parable AI,Head of AI,"Toulouse, France",https://techfundingnews.com/parable-raises-514m-seriesb,Raised $51.4M in Series B funding in 2026,emma.dubois@parable.com,hunter,False,45,cold,"{""recent_news"": ""Parable AI raised $51.4M in a Series B round in 2026."", ""person_highlights"": ""Emma Dubois, Head of AI at Parable AI, has spoken publicly about scaling engineering teams."", ""company_challenge"": ""The company is focused on expanding from a single-product wedge into a broader platform."", ""tech_stack"": ""A gpu-accelerated training stack on aws with custom orchestration"", ""icebreaker"": ""Impressed by Parable AI's momentum since the Series B round."", ""value_angle"": ""We could help them cut inference costs while keeping latency low at enterprise scale.""}",0
5712bc10746f,Cratch Logistics,VP of Sales,Singapore,https://reuters.com/cratch-raises-138m-seriesa,Announced $13.8M Series A financing in 2026,aaron.koh@cratch.com,google,False,83,warm,"{""recent_news"": ""Cratch Logistics launched a new product line in 2026 aimed at enterprise customers."", ""person_highlights"": ""Aaron Koh, VP of Sales at Cratch Logistics, has spoken publicly about scaling engineering teams."", ""company_challenge"": ""The company is focused on giving customers real-time visibility into shipments."", ""tech_stack"": ""Kafka-based event tracking with a react dashboard"", ""icebreaker"": ""I noticed Cratch Logistics has been expanding its team this year."", ""value_angle"": ""We could digitize freight booking to remove manual back-and-forth.""}",0
d2fab070dd61,Oncora Care,Chief Technology Officer,Singapore,https://linkedin.com/oncora-raises-188m-seriesa,Closed a €18.8M Series A round in 2023,yong@oncora.com,pattern,False,70,warm,"{""recent_news"": ""Oncora Care raised €18.8M in a Series A round in 2023."", ""person_highlights"": ""Yong Ong, Chief Technology Officer at Oncora Care, has spoken publicly about scaling engineering teams."", ""company_challenge"": ""The company is focused on reducing clinician admin burden with better tooling."", ""tech_stack"": ""A data platform on gcp feeding clinical decision support"", ""icebreaker"": ""Impressed by Oncora Care's momentum since the Series A round."", ""value_angle"": ""We could make EHR integration faster so onboarding new clinics is painless.""}",1
8df64918b9c0,Étoile & Co,Chief Digital Officer,"Austin, TX, United States",https://linkedin.com/etoile-raises-115m-seriesa,Secured $11.5M (Series A) to accelerate growth,,,False,21,cold,"{""recent_news"": ""Étoile & Co raised $11.5M in a Series A round in 2024."", ""person_highlights"": ""Morgan Rodriguez joined Étoile & Co as Chief Digital Officer after senior roles at larger technology firms."", ""company_challenge"": ""The company is focused on personalizing offers without a clean first-party data foundation."", ""tech_stack"": ""A homegrown commerce stack on aws with a snowflake warehouse"", ""icebreaker"": ""Impressed by Étoile & Co's momentum since the Series A round."", ""value_angle"": ""We could unify their customer data so campaigns target the right shoppers.""}",0
8fd85498b927,Trackr,CTO,France,https://techfundingnews.com/trackr-raises-562m-seriesb,Closed a $56.2M Series B round in 2024,ethomas@trackr.io,pattern,False,87,hot,"{""recent_news"": ""Trackr expanded into a new market in 2024 following its Series B raise."", ""person_highlights"": ""Emma Thomas joined Trackr as CTO after senior roles at larger technology firms."", ""company_challenge"": ""The company is focused on optimizing last-mile routing to cut delivery cost."", ""tech_stack"": ""Go services with a real-time telematics ingestion pipeline"", ""icebreaker"": ""I noticed Trackr has been expanding its team this year."", ""value_angle"": ""We could cut last-mile cost with smarter route optimization.""}",0
c16c1edb2fd4,Inferra AI,CTO,"San Francisco, CA, United States",https://tech.eu/inferra-raises-05m-preseed,Announced €0.5M pre-seed financing in 2023,andrew@inferra.com,google,False,86,hot,"{""recent_news"": ""Inferra AI raised €0.5M in a pre-seed round in 2023."", ""person_highlights"": ""Andrew White joined Inferra AI as CTO after senior roles at larger technology firms."", ""company_challenge"": ""The company is focused on expanding from a single-product wedge into a broader platform."", ""tech_stack"": ""Go microservices with a vector database for retrieval"", ""icebreaker"": ""Congrats on Inferra AI's €0.5M pre-seed round earlier in 2023."", ""value_angle"": ""We could automate evaluation so they can ship model updates with confidence.""}",1
9cf9e4b95d6f,Tensor Cloud,Head of AI,Italy,https://reuters.com/tensor-raises-125m-seriesa,Closed a £12.5M Series A round in 2025,marco.m@tensor.com,pattern,True,94,hot,"{""recent_news"": ""Tensor Cloud launched a new product line in 2025 aimed at enterprise customers."", ""person_highlights"": ""Marco Marino co-founded Tensor Cloud and now serves as Head of AI."", ""company_challenge"": ""The company is focused on scaling its model-serving infrastructure to enterprise traffic."", ""tech_stack"": ""Typescript, postgres, and a ray-based training pipeline"", ""icebreaker"": ""Impressed by Tensor Cloud's momentum since the Series A round."", ""value_angle"": ""We could help them cut inference costs while keeping latency low at enterprise scale.""}",0
fbfa9761b972,Healspan Bio,Regional Vice President of Sales,Germany,https://tech.eu/healspan-raises-134m-seriesa,Announced £13.4M Series A financing in 2025,niklas@healspan.com,google,True,71,warm,"{""recent_news"": ""Healspan Bio expanded into a new market in 2025 following its Series A raise."", ""person_highlights"": ""Niklas Becker joined Healspan Bio as Regional Vice President of Sales after senior roles at larger technology firms."", ""company_challenge"": ""The company is focused on reducing clinician admin burden with better tooling."", ""tech_stack"": ""Python services with an hl7 integration layer"", ""icebreaker"": ""I noticed Healspan Bio has been expanding its team this year."", ""value_angle"": ""We could keep patient data compliant while enabling analytics.""}",0
a0c2745fc4d3,Nimbo.io,Chief Technology Officer,France,https://trendingtopics.eu/nimbo-raises-204m-seriesa,Secured €20.4M (Series A) to accelerate growth,igarcia@nimbo.io,google,False,61,warm,"{""recent_news"": ""Nimbo.io announced a strategic partnership in 2026 to broaden distribution."", ""person_highlights"": ""Inès Garcia co-founded Nimbo.io and now serves as Chief Technology Officer."", ""company_challenge"": ""The company is focused on giving customers real-time visibility into shipments."", ""tech_stack"": ""Go services with a real-time telematics ingestion pipeline"", ""icebreaker"": ""Congrats on Nimbo.io's €20.4M Series A round earlier in 2026."", ""value_angle"": ""We could forecast demand so warehouses staff to the right level.""}",1
a3985e88f0b1,Fleetly Freight,Head of Digital,Berlin,https://tech.eu/fleetly-raises-1906m-seriesc,Raised $190.6M in Series C funding in 2024,hello@fleetly.de,generic,False,64,warm,"{""recent_news"": ""Fleetly Freight launched a new product line in 2024 aimed at enterprise customers."", ""person_highlights"": ""Maximilian Vogel co-founded Fleetly Freight and now serves as Head of Digital."", ""company_challenge"": ""The company is focused on forecasting demand to balance warehouse capacity."", ""tech_stack"": ""A route-optimization engine in python with postgis"", ""icebreaker"": ""Impressed by Fleetly Freight's momentum since the Series C round."", ""value_angle"": ""We could forecast demand so warehouses staff to the right level.""}",0
7d3951239630,Oncora Bio,Country HR Director,Berlin,https://businessinsider.com/oncora-raises-53m-seed,Closed a $5.3M seed round in 2025,sebastian.langanke@oncora.com,hunter,False,78,warm,,0
3263dbe60d4b,Atelier & Co,CMO,"Munich, Germany",https://techfundingnews.com/atelier-raises-137m-seriesa,Secured €13.7M (Series A) to accelerate growth,moritz.h@atelier.de,hunter,True,66,warm,"{""recent_news"": ""Atelier & Co raised €13.7M in a Series A round in 2026."", ""person_highlights"": ""Moritz Hardenberg joined Atelier & Co as CMO after senior roles at larger technology firms."", ""company_challenge"": ""The company is focused on unifying online and in-store customer data into one view."", ""tech_stack"": ""A homegrown commerce stack on aws with a snowflake warehouse"", ""icebreaker"": ""Impressed by Atelier & Co's momentum since the Series A round."", ""value_angle"": ""We could tie loyalty data back to media spend for cleaner attribution.""}",1
04ba68cdec7c,Trackr Logistics,HRBP Lead,"Lyon, France",https://linkedin.com/trackr-raises-67m-seed,Announced £6.7M seed financing in 2023,hlaurent@trackr.com,google,False,88,hot,"{""recent_news"": ""Trackr Logistics expanded into a new market in 2023 following its seed raise."", ""person_highlights"": ""Hugo Laurent is the HRBP Lead at Trackr Logistics and leads its technology and product direction."", ""company_challenge"": ""The company is focused on forecasting demand to balance warehouse capacity."", ""tech_stack"": ""A .net tms integrated with carrier edi feeds"", ""icebreaker"": ""Impressed by Trackr Logistics's momentum since the seed round."", ""value_angle"": ""We could forecast demand so warehouses staff to the right level.""}",1
7ff43e6d28c9,Helix.health,People Operations Lead,"Rome, Italy",https://sifted.eu/helix-raises-36m-seed,Secured $3.6M (seed) to accelerate growth,team@helix.com,generic,True,1,cold,"{""recent_news"": ""Helix.health launched a new product line in 2024 aimed at enterprise customers."", ""person_highlights"": ""Chiara Costa co-founded Helix.health and now serves as People Operations Lead."", ""company_challenge"": ""The company is focused on scaling a telehealth platform to handle peak demand."", ""tech_stack"": ""A react native app backed by a node.js care-coordination api"", ""icebreaker"": ""I noticed Helix.health has been expanding its team this year."", ""value_angle"": ""We could make EHR integration faster so onboarding new clinics is painless.""}",0
ed23b2e1da1a,Quantal AI,CTO,"Paris, France",https://techcrunch.com/quantal-raises-120m-seriesa,Secured €12.0M (Series A) to accelerate growth,alefebvre@quantal.fr,google,False,62,warm,,0
ce12e1ec3ea4,Banca Pay,VP of Finance,"Turin, Italy",https://eu-startups.com/banca-raises-2809m-seriesc,Raised $280.9M in Series C funding in 2026,elena@banca.com,google,True,5,cold,"{""recent_news"": ""Banca Pay raised $280.9M in a Series C round in 2026."", ""person_highlights"": ""Elena Russo co-founded Banca Pay and now serves as VP of Finance."", ""company_challenge"": ""The company is focused on scaling KYC onboarding while keeping conversion high."", ""tech_stack"": ""Go, grpc, and an event-sourced transaction core"", ""icebreaker"": ""Impressed by Banca Pay's momentum since the Series C round."", ""value_angle"": ""We could speed up KYC onboarding so fewer good customers drop off.""}",0
e8c9346f92af,Cascade,CTO,Singapore,https://sifted.eu/cascade-raises-770m-seriesb,Secured $77.0M (Series B) to accelerate growth,nadia.t@cascade.sg,google,False,71,warm,"{""recent_news"": ""Cascade raised $77.0M in a Series B round in 2026."", ""person_highlights"": ""Nadia Tan co-founded Cascade and now serves as CTO."", ""company_challenge"": ""The company is focused on expanding from a single-product wedge into a broader platform."", ""tech_stack"": ""Python, pytorch, kubernetes, and a multi-tenant inference layer"", ""icebreaker"": ""Saw that Cascade recently shipped a notable product update."", ""value_angle"": ""We could give them observability across model pipelines and dependencies.""}",1
cdf257573d07,Transit Systems,VP of Sales,Singapore,https://theverge.com/transit-raises-345m-seriesb,Closed a $34.5M Series B round in 2025,aaron@transit.sg,google,False,78,warm,"{""recent_news"": ""Transit Systems expanded into a new market in 2025 following its Series B raise."", ""person_highlights"": ""Aaron Pillai, VP of Sales at Transit Systems, has spoken publicly about scaling engineering teams."", ""company_challenge"": ""The company is focused on giving customers real-time visibility into shipments."", ""tech_stack"": ""Kafka-based event tracking with a react dashboard"", ""icebreaker"": ""Congrats on Transit Systems's $34.5M Series B round earlier in 2025."", ""value_angle"": ""We could forecast demand so warehouses staff to the right level.""}",1
a733fcdbbe55,Clearpay Finance,HR Director,Singapore,https://vestbee.com/clearpay-raises-03m-preseed,Raised $0.3M in pre-seed funding in 2024,ethan@clearpay.com,google,True,62,warm,"{""recent_news"": ""Clearpay Finance raised $0.3M in a pre-seed round in 2024."", ""person_highlights"": ""Ethan Tan co-founded Clearpay Finance and now serves as HR Director."", ""company_challenge"": ""The company is focused on differentiating in a crowded payments market."", ""tech_stack"": "".net microservices with a rules engine for compliance"", ""icebreaker"": ""Impressed by Clearpay Finance's momentum since the pre-seed round."", ""value_angle"": ""We could speed up KYC onboarding so fewer good customers drop off.""}",1
8b75ad224830,Cargopath Freight,VP of Sales,"Turin, Italy",https://crunchbase.com/cargopath-raises-48m-seed,Closed a $4.8M seed round in 2024,francesco.bruno@cargopath.io,hunter,False,12,cold,,0
ebd37b720161,Northpay Pay,VP of Sales,Singapore,https://sifted.eu/northpay-raises-12m-preseed,Raised £1.2M in pre-seed funding in 2025,dsharma@northpay.com,pattern,True,61,warm,"{""recent_news"": ""Northpay Pay raised £1.2M in a pre-seed round in 2025."", ""person_highlights"": ""Daniel Sharma joined Northpay Pay as VP of Sales after senior roles at larger technology firms."", ""company_challenge"": ""The company is focused on meeting tightening compliance requirements across new markets."", ""tech_stack"": ""Node.js, postgres, and a real-time fraud-scoring engine"", ""icebreaker"": ""I noticed Northpay Pay has been expanding its team this year."", ""value_angle"": ""We could sharpen their go-to-market message in a crowded category.""}",1
5b4bb9c51f74,Solène Group,Head of Retail Media (Digital),Germany,https://reuters.com/solene-raises-249m-seriesa,Secured €24.9M (Series A) to accelerate growth,akohler@solene.io,pattern,True,84,warm,"{""recent_news"": ""Solène Group announced a strategic partnership in 2024 to broaden distribution."", ""person_highlights"": ""Anna Köhler co-founded Solène Group and now serves as Head of Retail Media (Digital)."", ""company_challenge"": ""The company is focused on unifying online and in-store customer data into one view."", ""tech_stack"": ""Salesforce commerce cloud and a segment data layer"", ""icebreaker"": ""Saw that Solène Group recently shipped a notable product update."", ""value_angle"": ""We could unify their customer data so campaigns target the right shoppers.""}",1
da0f2fbeed76,Payflow Bank,HRBP Lead,France,https://eu-startups.com/payflow-raises-41m-seed,Closed a £4.1M seed round in 2025,gthomas@payflow.io,google,True,5,cold,"{""recent_news"": ""Payflow Bank expanded into a new market in 2025 following its seed raise."", ""person_highlights"": ""Gabriel Thomas is the HRBP Lead at Payflow Bank and leads its technology and product direction."", ""company_challenge"": ""The company is focused on reducing payment fraud without adding checkout friction."", ""tech_stack"": ""Go, grpc, and an event-sourced transaction core"", ""icebreaker"": ""I noticed Payflow Bank has been expanding its team this year."", ""value_angle"": ""We could lower their fraud rate while protecting conversion at checkout.""}",0
dc01757eca2a,Capita.io,CTO,France,https://trendingtopics.eu/capita-raises-746m-seriesb,Announced €74.6M Series B financing in 2025,mathis.l@capita.ai,pattern,True,25,cold,"{""recent_news"": ""Capita.io launched a new product line in 2025 aimed at enterprise customers."", ""person_highlights"": ""Mathis Leroy is the CTO at Capita.io and leads its technology and product direction."", ""company_challenge"": ""The company is focused on meeting tightening compliance requirements across new markets."", ""tech_stack"": ""Go, grpc, and an event-sourced transaction core"", ""icebreaker"": ""Saw that Capita.io recently shipped a notable product update."", ""value_angle"": ""We could speed up KYC onboarding so fewer good customers drop off.""}",0
b95ddad7bec6,Carrefive,Regional Vice President of Sales,"Turin, Italy",https://theverge.com/carrefive-raises-104m-seriesa,Raised $10.4M in Series A funding in 2025,lorenzo.r@carrefive.com,scraping,True,4,cold,"{""recent_news"": ""Carrefive expanded into a new market in 2025 following its Series A raise."", ""person_highlights"": ""Lorenzo Ricci joined Carrefive as Regional Vice President of Sales after senior roles at larger technology firms."", ""company_challenge"": ""The company is focused on growing retail-media revenue from its e-commerce traffic."", ""tech_stack"": ""Sap commerce with a headless react front end"", ""icebreaker"": ""Saw that Carrefive recently shipped a notable product update."", ""value_angle"": ""We could stand up a retail-media offering that monetizes existing traffic.""}",0
210aebf78987,Lumen Systems,Head of AI,Singapore,https://crunchbase.com/lumen-raises-08m-preseed,Raised €0.8M in pre-seed funding in 2024,sales@lumen.io,generic,True,73,warm,"{""recent_news"": ""Lumen Systems expanded into a new market in 2024 following its pre-seed raise."", ""person_highlights"": ""Rachel Nair co-founded Lumen Systems and now serves as Head of AI."", ""company_challenge"": ""The company is focused on turning a strong research demo into a reliable production platform."", ""tech_stack"": ""Typescript, postgres, and a ray-based training pipeline"", ""icebreaker"": ""Congrats on Lumen Systems's €0.8M pre-seed round earlier in 2024."", ""value_angle"": ""We could help them cut inference costs while keeping latency low at enterprise scale.""}",0
a02ec4eec922,Marqo Group,VP Sales,"San Francisco, CA, United States",https://reuters.com/marqo-raises-1523m-seriesc,Secured €152.3M (Series C) to accelerate growth,morgan.robinson@marqo.co,google,True,93,hot,,1
66eedf45ef86,Lastmile Systems,Regional Vice President of Sales,Singapore,https://linkedin.com/lastmile-raises-10m-preseed,Raised £1.0M in pre-seed funding in 2026,cheryl.w@lastmile.com,pattern,False,86,hot,,0
823fcb253645,Nimbus Cloud,CTO,"Boston, MA, United States",https://crunchbase.com/nimbus-raises-06m-preseed,Raised £0.6M in pre-seed funding in 2024,sarah.walker@nimbus.co,pattern,False,98,hot,"{""recent_news"": ""Nimbus Cloud raised £0.6M in a pre-seed round in 2024."", ""person_highlights"": ""Sarah Walker, CTO at Nimbus Cloud, has spoken publicly about scaling engineering teams."", ""company_challenge"": ""The company is focused on expanding from a single-product wedge into a broader platform."", ""tech_stack"": ""Python, pytorch, kubernetes, and a multi-tenant inference layer"", ""icebreaker"": ""Impressed by Nimbus Cloud's momentum since the pre-seed round."", ""value_angle"": ""We could give them observability across model pipelines and dependencies.""}",0
9a7909887210,Saffron Retail,Chief Marketing Officer,"Munich, Germany",https://tech.eu/saffron-raises-664m-seriesb,Announced £66.4M Series B financing in 2024,hannah@saffron.de,scraping,False,95,hot,"{""recent_news"": ""Saffron Retail expanded into a new market in 2024 following its Series B raise."", ""person_highlights"": ""Hannah Köhler, Chief Marketing Officer at Saffron Retail, has spoken publicly about scaling engineering teams."", ""company_challenge"": ""The company is focused on personalizing offers without a clean first-party data foundation."", ""tech_stack"": ""A shopify plus storefront with a custom cdp integration"", ""icebreaker"": ""Congrats on Saffron Retail's £66.4M Series B round earlier in 2024."", ""value_angle"": ""We could tie loyalty data back to media spend for cleaner attribution.""}",1
c93d09663014,Vaulta Capital,CMO,Germany,https://vestbee.com/vaulta-raises-1452m-seriesc,Closed a £145.2M Series C round in 2025,lena@vaulta.com,hunter,True,71,warm,"{""recent_news"": ""Vaulta Capital raised £145.2M in a Series C round in 2025."", ""person_highlights"": ""Lena Hardenberg joined Vaulta Capital as CMO after senior roles at larger technology firms."", ""company_challenge"": ""The company is focused on meeting tightening compliance requirements across new markets."", ""tech_stack"": ""Java, kafka, and a pci-compliant ledger service"", ""icebreaker"": ""Impressed by Vaulta Capital's momentum since the Series C round."", ""value_angle"": ""We could give compliance teams audit-ready reporting out of the box.""}",1
f5e6b67e9421,Clearpay Capital,CTO,Singapore,https://sifted.eu/clearpay-raises-373m-seriesb,Closed a $37.3M Series B round in 2026,daniel.l@clearpay.io,hunter,True,69,warm,"{""recent_news"": ""Clearpay Capital announced a strategic partnership in 2026 to broaden distribution."", ""person_highlights"": ""Daniel Lee joined Clearpay Capital as CTO after senior roles at larger technology firms."", ""company_challenge"": ""The company is focused on reducing payment fraud without adding checkout friction."", ""tech_stack"": ""Java, kafka, and a pci-compliant ledger service"", ""icebreaker"": ""Saw that Clearpay Capital recently shipped a notable product update."", ""value_angle"": ""We could speed up KYC onboarding so fewer good customers drop off.""}",0
7a3fd7ef67c8,Portus Supply,Head of Digital,"Boston, MA, United States",https://businessinsider.com/portus-raises-142m-seriesa,Secured €14.2M (Series A) to accelerate growth,taylor.r@portus.co,pattern,False,16,cold,"{""recent_news"": ""Portus Supply expanded into a new market in 2024 following its Series A raise."", ""person_highlights"": ""Taylor Rodriguez, Head of Digital at Portus Supply, has spoken publicly about scaling engineering teams."", ""company_challenge"": ""The company is focused on optimizing last-mile routing to cut delivery cost."", ""tech_stack"": ""Kafka-based event tracking with a react dashboard"", ""icebreaker"": ""Congrats on Portus Supply's €14.2M Series A round earlier in 2024."", ""value_angle"": ""We could forecast demand so warehouses staff to the right level.""}",0
6bfe30ad0b5b,Axion Labs,Chief Technology Officer,"Manchester, UK",https://reuters.com/axion-raises-1787m-seriesc,Raised $178.7M in Series C funding in 2026,daniel.w@axion.co.uk,pattern,True,10,cold,"{""recent_news"": ""Axion Labs expanded into a new market in 2026 following its Series C raise."", ""person_highlights"": ""Daniel Walker is the Chief Technology Officer at Axion Labs and leads its technology and product direction."", ""company_challenge"": ""The company is focused on turning a strong research demo into a reliable production platform."", ""tech_stack"": ""Python, pytorch, kubernetes, and a multi-tenant inference layer"", ""icebreaker"": ""Saw that Axion Labs recently shipped a notable product update."", ""value_angle"": ""We could give them observability across model pipelines and dependencies.""}",0
92a8e7da009c,Marqo Stores,CMO,"Turin, Italy",https://techcrunch.com/marqo-raises-2956m-seriesc,Secured $295.6M (Series C) to accelerate growth,ecolombo@marqo.com,google,False,26,cold,"{""recent_news"": ""Marqo Stores raised $295.6M in a Series C round in 2025."", ""person_highlights"": ""Elena Colombo, CMO at Marqo Stores, has spoken publicly about scaling engineering teams."", ""company_challenge"": ""The company is focused on unifying online and in-store customer data into one view."", ""tech_stack"": ""A shopify plus storefront with a custom cdp integration"", ""icebreaker"": ""Congrats on Marqo Stores's $295.6M Series C round earlier in 2025."", ""value_angle"": ""We could tie loyalty data back to media spend for cleaner attribution.""}",0
d61953450afc,Aria & Co,Chief Marketing Officer,France,https://tech.eu/aria-raises-326m-seriesb,Closed a €32.6M Series B round in 2024,julien.t@aria.io,google,False,78,warm,"{""recent_news"": ""Aria & Co expanded into a new market in 2024 following its Series B raise."", ""person_highlights"": ""Julien Thomas co-founded Aria & Co and now serves as Chief Marketing Officer."", ""company_challenge"": ""The company is focused on personalizing offers without a clean first-party data foundation."", ""tech_stack"": ""A homegrown commerce stack on aws with a snowflake warehouse"", ""icebreaker"": ""Congrats on Aria & Co's €32.6M Series B round earlier in 2024."", ""value_angle"": ""We could lift mobile conversion with faster, personalized storefront experiences.""}",0
2a5cba2b686b,Glide Cloud,CTO,Berlin,https://techfundingnews.com/glide-raises-828m-seriesc,Announced $82.8M Series C financing in 2024,hello@glide.ai,generic,True,62,warm,,0
4bc92d8254ac,Carrefive Retail,Chief Digital Officer,Italy,https://linkedin.com/carrefive-raises-1127m-seriesc,Raised $112.7M in Series C funding in 2025,lorenzo@carrefive.io,google,False,45,cold,,0
ad2bf45d6569,Cura Care,HR Manager,"Manchester, UK",https://reuters.com/cura-raises-681m-seriesb,Raised £68.1M in Series B funding in 2023,joseph@cura.co.uk,pattern,False,42,cold,"{""recent_news"": ""Cura Care expanded into a new market in 2023 following its Series B raise."", ""person_highlights"": ""Joseph Evans joined Cura Care as HR Manager after senior roles at larger technology firms."", ""company_challenge"": ""The company is focused on getting interoperability across legacy EHR systems."", ""tech_stack"": ""Python services with an hl7 integration layer"", ""icebreaker"": ""Impressed by Cura Care's momentum since the Series B round."", ""value_angle"": ""We could reduce clinician admin time with automated documentation.""}",0
fdfd7b340ca6,Healspan.health,CTO,Berlin,https://trendingtopics.eu/healspan-raises-457m-seriesb,Raised €45.7M in Series B funding in 2025,hannah@healspan.io,google,True,27,cold,,0
7d3d1321dea5,Verde Stores,VP Sales,"Manchester, UK",https://techcrunch.com/verde-raises-206m-seriesa,Raised £20.6M in Series A funding in 2025,ojones@verde.ai,hunter,False,90,hot,"{""recent_news"": ""Verde Stores announced a strategic partnership in 2025 to broaden distribution."", ""person_highlights"": ""Oliver Jones joined Verde Stores as VP Sales after senior roles at larger technology firms."", ""company_challenge"": ""The company is focused on personalizing offers without a clean first-party data foundation."", ""tech_stack"": ""A shopify plus storefront with a custom cdp integration"", ""icebreaker"": ""Impressed by Verde Stores's momentum since the Series A round."", ""value_angle"": ""We could lift mobile conversion with faster, personalized storefront experiences.""}",1
51e198894ac1,Vesta Retail,CMO,London,https://crunchbase.com/vesta-raises-14m-preseed,Closed a $1.4M pre-seed round in 2023,emily.h@vesta.co.uk,pattern,False,76,warm,"{""recent_news"": ""Vesta Retail launched a new product line in 2023 aimed at enterprise customers."", ""person_highlights"": ""Emily Heller joined Vesta Retail as CMO after senior roles at larger technology firms."", ""company_challenge"": ""The company is focused on growing retail-media revenue from its e-commerce traffic."", ""tech_stack"": ""Sap commerce with a headless react front end"", ""icebreaker"": ""Saw that Vesta Retail recently shipped a notable product update."", ""value_angle"": ""We could tie loyalty data back to media spend for cleaner attribution.""}",0
9f850ca8a816,Datapilot Systems,Head of AI,Singapore,https://linkedin.com/datapilot-raises-68m-seed,Secured €6.8M (seed) to accelerate growth,yong@datapilot.ai,hunter,True,24,cold,,0
456999cdbede,Tensor Labs,CTO,Dubai,https://techfundingnews.com/tensor-raises-242m-seriesa,Announced £24.2M Series A financing in 2026,,,False,90,hot,"{""recent_news"": ""Tensor Labs launched a new product line in 2026 aimed at enterprise customers."", ""person_highlights"": ""Yousef Rahman, CTO at Tensor Labs, has spoken publicly about scaling engineering teams."", ""company_challenge"": ""The company is focused on scaling its model-serving infrastructure to enterprise traffic."", ""tech_stack"": ""Python, pytorch, kubernetes, and a multi-tenant inference layer"", ""icebreaker"": ""Impressed by Tensor Labs's momentum since the Series A round."", ""value_angle"": ""We could accelerate their road from research prototype to production-grade platform.""}",1
a92fc16bd907,Solène Retail,Chief Marketing Officer,"San Francisco, CA, United States",https://trendingtopics.eu/solene-raises-588m-seriesb,Closed a $58.8M Series B round in 2025,morgan.young@solene.com,google,True,87,hot,"{""recent_news"": ""Solène Retail raised $58.8M in a Series B round in 2025."", ""person_highlights"": ""Morgan Young joined Solène Retail as Chief Marketing Officer after senior roles at larger technology firms."", ""company_challenge"": ""The company is focused on improving e-commerce conversion on mobile."", ""tech_stack"": ""Salesforce commerce cloud and a segment data layer"", ""icebreaker"": ""Congrats on Solène Retail's $58.8M Series B round earlier in 2025."", ""value_angle"": ""We could unify their customer data so campaigns target the right shoppers.""}",1
6b68bc7bafee,Tendr,CTO,"Rome, Italy",https://businessinsider.com/tendr-raises-288m-seriesb,Secured $28.8M (Series B) to accelerate growth,elena.conti@tendr.ai,hunter,False,80,warm,,1
ff1c5f9c84ec,Vectra Cloud,CTO,London,https://sifted.eu/vectra-raises-13m-preseed,Raised £1.3M in pre-seed funding in 2025,olivia@vectra.io,google,False,52,warm,"{""recent_news"": ""Vectra Cloud raised £1.3M in a pre-seed round in 2025."", ""person_highlights"": ""Olivia Evans is the CTO at Vectra Cloud and leads its technology and product direction."", ""company_challenge"": ""The company is focused on scaling its model-serving infrastructure to enterprise traffic."", ""tech_stack"": ""A gpu-accelerated training stack on aws with custom orchestration"", ""icebreaker"": ""Impressed by Vectra Cloud's momentum since the pre-seed round."", ""value_angle"": ""We could give them observability across model pipelines and dependencies.""}",1
fbd5eec6fbdb,Capita.io,Head of Digital,"Abu Dhabi, UAE",https://techfundingnews.com/capita-raises-39m-seed,Announced €3.9M seed financing in 2023,bsharif@capita.ai,pattern,True,97,hot,,1
30d4f714d347,Bazaar Retail,Head of Sales,Basingstoke,https://sifted.eu/bazaar-raises-193m-seriesa,Closed a €19.3M Series A round in 2024,team@bazaar.com,generic,True,75,warm,"{""recent_news"": ""Bazaar Retail expanded into a new market in 2024 following its Series A raise."", ""person_highlights"": ""Thomas Hughes joined Bazaar Retail as Head of Sales after senior roles at larger technology firms."", ""company_challenge"": ""The company is focused on personalizing offers without a clean first-party data foundation."", ""tech_stack"": ""A homegrown commerce stack on aws with a snowflake warehouse"", ""icebreaker"": ""Impressed by Bazaar Retail's momentum since the Series A round."", ""value_angle"": ""We could stand up a retail-media offering that monetizes existing traffic.""}",0
69209b44c4ee,Loop.ai,Head of AI,"Dubai, UAE",https://linkedin.com/loop-raises-263m-seriesb,Announced $26.3M Series B financing in 2024,faziz@loop.ae,google,True,79,warm,"{""recent_news"": ""Loop.ai launched a new product line in 2024 aimed at enterprise customers."", ""person_highlights"": ""Fatima Aziz joined Loop.ai as Head of AI after senior roles at larger technology firms."", ""company_challenge"": ""The company is focused on expanding from a single-product wedge into a broader platform."", ""tech_stack"": ""Typescript, postgres, and a ray-based training pipeline"", ""icebreaker"": ""I noticed Loop.ai has been expanding its team this year."", ""value_angle"": ""We could automate evaluation so they can ship model updates with confidence.""}",1
99493d696b8a,Parable Labs,CTO,"Hamburg, Germany",https://reuters.com/parable-raises-77m-seed,Raised $7.7M in seed funding in 2024,jonas.hoffmann@parable.ai,google,True,22,cold,"{""recent_news"": ""Parable Labs launched a new product line in 2024 aimed at enterprise customers."", ""person_highlights"": ""Jonas Hoffmann co-founded Parable Labs and now serves as CTO."", ""company_challenge"": ""The company is focused on expanding from a single-product wedge into a broader platform."", ""tech_stack"": ""Go microservices with a vector database for retrieval"", ""icebreaker"": ""I noticed Parable Labs has been expanding its team this year."", ""value_angle"": ""We could give them observability across model pipelines and dependencies.""}",0
0fe931050f81,Transit,Chief Technology Officer,Germany,https://vestbee.com/transit-raises-05m-preseed,Announced $0.5M pre-seed financing in 2025,lukas@transit.de,pattern,False,80,warm,"{""recent_news"": ""Transit raised $0.5M in a pre-seed round in 2025."", ""person_highlights"": ""Lukas Frank, Chief Technology Officer at Transit, has spoken publicly about scaling engineering teams."", ""company_challenge"": ""The company is focused on forecasting demand to balance warehouse capacity."", ""tech_stack"": ""Kafka-based event tracking with a react dashboard"", ""icebreaker"": ""Impressed by Transit's momentum since the pre-seed round."", ""value_angle"": ""We could cut last-mile cost with smarter route optimization.""}",0
6ba40a7e2fc3,Oncora Care,Head of Digital,"Austin, TX, United States",https://linkedin.com/oncora-raises-130m-seriesa,Secured $13.0M (Series A) to accelerate growth,matthew.r@oncora.ai,pattern,True,42,cold,"{""recent_news"": ""Oncora Care announced a strategic partnership in 2023 to broaden distribution."", ""person_highlights"": ""Matthew Rodriguez is the Head of Digital at Oncora Care and leads its technology and product direction."", ""company_challenge"": ""The company is focused on getting interoperability across legacy EHR systems."", ""tech_stack"": ""Python services with an hl7 integration layer"", ""icebreaker"": ""Saw that Oncora Care recently shipped a notable product update."", ""value_angle"": ""We could scale their telehealth platform to handle demand spikes.""}",0
35d675c71605,Cascade AI,Chief Technology Officer,Singapore,https://linkedin.com/cascade-raises-07m-preseed,Closed a €0.7M pre-seed round in 2023,jun.k@cascade.io,google,True,42,cold,,0
595918bc245a,Mindstack.ai,VP of Engineering,Basingstoke,https://tech.eu/mindstack-raises-1224m-seriesc,Secured €122.4M (Series C) to accelerate growth,team@mindstack.io,generic,True,46,cold,"{""recent_news"": ""Mindstack.ai raised €122.4M in a Series C round in 2024."", ""person_highlights"": ""William Heller, VP of Engineering at Mindstack.ai, has spoken publicly about scaling engineering teams."", ""company_challenge"": ""The company is focused on scaling its model-serving infrastructure to enterprise traffic."", ""tech_stack"": ""Python, pytorch, kubernetes, and a multi-tenant inference layer"", ""icebreaker"": ""I noticed Mindstack.ai has been expanding its team this year."", ""value_angle"": ""We could help them cut inference costs while keeping latency low at enterprise scale.""}",0
d3430969134b,Synth Labs,CTO,Germany,https://techcrunch.com/synth-raises-214m-seriesa,Raised £21.4M in Series A funding in 2023,,,False,99,hot,"{""recent_news"": ""Synth Labs expanded into a new market in 2023 following its Series A raise."", ""person_highlights"": ""Magnus Schneider is the CTO at Synth Labs and leads its technology and product direction."", ""company_challenge"": ""The company is focused on reducing inference latency while controlling GPU spend."", ""tech_stack"": ""Python, pytorch, kubernetes, and a multi-tenant inference layer"", ""icebreaker"": ""Congrats on Synth Labs's £21.4M Series A round earlier in 2023."", ""value_angle"": ""We could help them cut inference costs while keeping latency low at enterprise scale.""}",0
2f1d0435c83d,Boutiq,VP Sales,London,https://sifted.eu/boutiq-raises-48m-seed,Closed a €4.8M seed round in 2023,team@boutiq.com,generic,True,55,warm,"{""recent_news"": ""Boutiq expanded into a new market in 2023 following its seed raise."", ""person_highlights"": ""Freya Thomas is the VP Sales at Boutiq and leads its technology and product direction."", ""company_challenge"": ""The company is focused on unifying online and in-store customer data into one view."", ""tech_stack"": ""Sap commerce with a headless react front end"", ""icebreaker"": ""I noticed Boutiq has been expanding its team this year."", ""value_angle"": ""We could stand up a retail-media offering that monetizes existing traffic.""}",0
f955eb1c79b9,Orbital Cloud,VP of Engineering,"Lyon, France",https://reuters.com/orbital-raises-19m-seed,Announced €1.9M seed financing in 2023,info@orbital.io,generic,False,16,cold,"{""recent_news"": ""Orbital Cloud raised €1.9M in a seed round in 2023."", ""person_highlights"": ""Nathan Garcia co-founded Orbital Cloud and now serves as VP of Engineering."", ""company_challenge"": ""The company is focused on scaling its model-serving infrastructure to enterprise traffic."", ""tech_stack"": ""A gpu-accelerated training stack on aws with custom orchestration"", ""icebreaker"": ""Congrats on Orbital Cloud's €1.9M seed round earlier in 2023."", ""value_angle"": ""We could help them cut inference costs while keeping latency low at enterprise scale.""}",0
77aefdd2e7f9,Conveyo.io,VP of Sales,Berlin,https://vestbee.com/conveyo-raises-1175m-seriesc,Secured $117.5M (Series C) to accelerate growth,clanganke@conveyo.com,google,True,12,cold,"{""recent_news"": ""Conveyo.io announced a strategic partnership in 2026 to broaden distribution."", ""person_highlights"": ""Clara Langanke, VP of Sales at Conveyo.io, has spoken publicly about scaling engineering teams."", ""company_challenge"": ""The company is focused on forecasting demand to balance warehouse capacity."", ""tech_stack"": ""Go services with a real-time telematics ingestion pipeline"", ""icebreaker"": ""Impressed by Conveyo.io's momentum since the Series C round."", ""value_angle"": ""We could forecast demand so warehouses staff to the right level.""}",0
811b72c7cb8d,Linea Stores,Head of Digital,Singapore,https://techfundingnews.com/linea-raises-03m-preseed,Closed a $0.3M pre-seed round in 2025,arjun.n@linea.com,google,False,63,warm,"{""recent_news"": ""Linea Stores raised $0.3M in a pre-seed round in 2025."", ""person_highlights"": ""Arjun Ng co-founded Linea Stores and now serves as Head of Digital."", ""company_challenge"": ""The company is focused on growing retail-media revenue from its e-commerce traffic."", ""tech_stack"": ""Sap commerce with a headless react front end"", ""icebreaker"": ""Saw that Linea Stores recently shipped a notable product update."", ""value_angle"": ""We could stand up a retail-media offering that monetizes existing traffic.""}",1
cc66c882c5a0,Paytrail Capital,VP of Finance,"Hamburg, Germany",https://trendingtopics.eu/paytrail-raises-2875m-seriesc,Announced $287.5M Series C financing in 2024,johanna.weber@paytrail.de,hunter,False,89,hot,,0
4c21e4f009de,Replio,Chief Technology Officer,"Hamburg, Germany",https://reuters.com/replio-raises-385m-seriesb,Closed a €38.5M Series B round in 2024,mathis@replio.de,scraping,False,80,warm,"{""recent_news"": ""Replio announced a strategic partnership in 2024 to broaden distribution."", ""person_highlights"": ""Mathis Brandt, Chief Technology Officer at Replio, has spoken publicly about scaling engineering teams."", ""company_challenge"": ""The company is focused on turning a strong research demo into a reliable production platform."", ""tech_stack"": ""Go microservices with a vector database for retrieval"", ""icebreaker"": ""I noticed Replio has been expanding its team this year."", ""value_angle"": ""We could accelerate their road from research prototype to production-grade platform.""}",1
26b10e731bf6,Cratch,Head of Digital,"San Francisco, CA, United States",https://tech.eu/cratch-raises-2781m-seriesc,Secured €278.1M (Series C) to accelerate growth,morgan.young@cratch.com,google,True,83,warm,"{""recent_news"": ""Cratch expanded into a new market in 2026 following its Series C raise."", ""person_highlights"": ""Morgan Young, Head of Digital at Cratch, has spoken publicly about scaling engineering teams."", ""company_challenge"": ""The company is focused on optimizing last-mile routing to cut delivery cost."", ""tech_stack"": ""A .net tms integrated with carrier edi feeds"", ""icebreaker"": ""Congrats on Cratch's €278.1M Series C round earlier in 2026."", ""value_angle"": ""We could forecast demand so warehouses staff to the right level.""}",0
face773eaf06,Nordica Group,Head of Digital,"Hamburg, Germany",https://businessinsider.com/nordica-raises-07m-preseed,Closed a £0.7M pre-seed round in 2023,hannah@nordica.de,pattern,False,38,cold,"{""recent_news"": ""Nordica Group launched a new product line in 2023 aimed at enterprise customers."", ""person_highlights"": ""Hannah Frank joined Nordica Group as Head of Digital after senior roles at larger technology firms."", ""company_challenge"": ""The company is focused on growing retail-media revenue from its e-commerce traffic."", ""tech_stack"": ""A homegrown commerce stack on aws with a snowflake warehouse"", ""icebreaker"": ""Congrats on Nordica Group's £0.7M pre-seed round earlier in 2023."", ""value_angle"": ""We could stand up a retail-media offering that monetizes existing traffic.""}",0
d91c1b049e4e,Neura AI,HRBP Lead,"Hamburg, Germany",https://reuters.com/neura-raises-1797m-seriesc,Closed a $179.7M Series C round in 2024,felix.k@neura.com,pattern,True,69,warm,"{""recent_news"": ""Neura AI raised $179.7M in a Series C round in 2024."", ""person_highlights"": ""Felix Köhler is the HRBP Lead at Neura AI and leads its technology and product direction."", ""company_challenge"": ""The company is focused on turning a strong research demo into a reliable production platform."", ""tech_stack"": ""A gpu-accelerated training stack on aws with custom orchestration"", ""icebreaker"": ""Saw that Neura AI recently shipped a notable product update."", ""value_angle"": ""We could accelerate their road from research prototype to production-grade platform.""}",1
3af30ed2d24e,Bazaar,Chief Digital Officer,"Hamburg, Germany",https://eu-startups.com/bazaar-raises-47m-seed,Closed a £4.7M seed round in 2023,lhardenberg@bazaar.ai,pattern,False,3,cold,,0
9443d2383a39,Carrefive Group,Chief Digital Officer,Singapore,https://tech.eu/carrefive-raises-13m-preseed,Closed a £1.3M pre-seed round in 2025,ethan.lee@carrefive.com,google,False,61,warm,"{""recent_news"": ""Carrefive Group launched a new product line in 2025 aimed at enterprise customers."", ""person_highlights"": ""Ethan Lee joined Carrefive Group as Chief Digital Officer after senior roles at larger technology firms."", ""company_challenge"": ""The company is focused on improving e-commerce conversion on mobile."", ""tech_stack"": ""A shopify plus storefront with a custom cdp integration"", ""icebreaker"": ""Congrats on Carrefive Group's £1.3M pre-seed round earlier in 2025."", ""value_angle"": ""We could unify their customer data so campaigns target the right shoppers.""}",1
05915e47d6e0,Solène,VP of Sales,"Dubai, UAE",https://linkedin.com/solene-raises-553m-seriesb,Closed a $55.3M Series B round in 2023,,,False,100,hot,,1
2b8eb71db09a,Clearpay.io,Head of Digital,Berlin,https://reuters.com/clearpay-raises-338m-seriesb,Secured £33.8M (Series B) to accelerate growth,mathis.krause@clearpay.com,google,False,75,warm,"{""recent_news"": ""Clearpay.io launched a new product line in 2024 aimed at enterprise customers."", ""person_highlights"": ""Mathis Krause co-founded Clearpay.io and now serves as Head of Digital."", ""company_challenge"": ""The company is focused on meeting tightening compliance requirements across new markets."", ""tech_stack"": ""Go, grpc, and an event-sourced transaction core"", ""icebreaker"": ""Impressed by Clearpay.io's momentum since the Series B round."", ""value_angle"": ""We could lower their fraud rate while protecting conversion at checkout.""}",1
5ae9104f4ac3,Vivora Bio,VP Sales,"London, UK",https://linkedin.com/vivora-raises-280m-seriesb,Closed a €28.0M Series B round in 2026,wbrown@vivora.ai,google,False,19,cold,"{""recent_news"": ""Vivora Bio launched a new product line in 2026 aimed at enterprise customers."", ""person_highlights"": ""William Brown joined Vivora Bio as VP Sales after senior roles at larger technology firms."", ""company_challenge"": ""The company is focused on meeting strict data-privacy rules while integrating hospital systems."", ""tech_stack"": ""A react native app backed by a node.js care-coordination api"", ""icebreaker"": ""Congrats on Vivora Bio's €28.0M Series B round earlier in 2026."", ""value_angle"": ""We could make EHR integration faster so onboarding new clinics is painless.""}",0
be6fe02afe9b,Palleta Supply,Chief Technology Officer,"Toulouse, France",https://techcrunch.com/palleta-raises-14m-preseed,Raised £1.4M in pre-seed funding in 2023,epetit@palleta.com,pattern,False,4,cold,"{""recent_news"": ""Palleta Supply raised £1.4M in a pre-seed round in 2023."", ""person_highlights"": ""Emma Petit, Chief Technology Officer at Palleta Supply, has spoken publicly about scaling engineering teams."", ""company_challenge"": ""The company is focused on forecasting demand to balance warehouse capacity."", ""tech_stack"": ""Go services with a real-time telematics ingestion pipeline"", ""icebreaker"": ""I noticed Palleta Supply has been expanding its team this year."", ""value_angle"": ""We could cut last-mile cost with smarter route optimization.""}",0
51de6976d5dc,Mindstack.ai,HRBP Lead,Singapore,https://techcrunch.com/mindstack-raises-14m-preseed,Closed a $1.4M pre-seed round in 2025,wong@mindstack.sg,hunter,True,13,cold,,0
3ad41ed1839e,Tally.io,Chief Marketing Officer,"Lyon, France",https://crunchbase.com/tally-raises-78m-seed,Raised €7.8M in seed funding in 2025,julien.d@tally.ai,google,True,99,hot,,1
189bd0ee9899,Lumen Cloud,Head of Sales,"Toulouse, France",https://techfundingnews.com/lumen-raises-686m-seriesb,Raised £68.6M in Series B funding in 2026,louis.m@lumen.ai,google,False,79,warm,"{""recent_news"": ""Lumen Cloud launched a new product line in 2026 aimed at enterprise customers."", ""person_highlights"": ""Louis Moreau co-founded Lumen Cloud and now serves as Head of Sales."", ""company_challenge"": ""The company is focused on expanding from a single-product wedge into a broader platform."", ""tech_stack"": ""Typescript, postgres, and a ray-based training pipeline"", ""icebreaker"": ""Saw that Lumen Cloud recently shipped a notable product update."", ""value_angle"": ""We could give them observability across model pipelines and dependencies.""}",0
401ac60bfa9f,Nordica Commerce,Head of Retail Media (Digital),"Lyon, France",https://linkedin.com/nordica-raises-448m-seriesb,Raised £44.8M in Series B funding in 2025,elefebvre@nordica.com,hunter,False,43,cold,"{""recent_news"": ""Nordica Commerce expanded into a new market in 2025 following its Series B raise."", ""person_highlights"": ""Emma Lefebvre, Head of Retail Media (Digital) at Nordica Commerce, has spoken publicly about scaling engineering teams."", ""company_challenge"": ""The company is focused on personalizing offers without a clean first-party data foundation."", ""tech_stack"": ""A homegrown commerce stack on aws with a snowflake warehouse"", ""icebreaker"": ""Impressed by Nordica Commerce's momentum since the Series B round."", ""value_angle"": ""We could lift mobile conversion with faster, personalized storefront experiences.""}",0
bdbc7e705f60,Settle Bank,VP of Finance,"Rome, Italy",https://techfundingnews.com/settle-raises-09m-preseed,Raised £0.9M in pre-seed funding in 2025,team@settle.ai,generic,True,84,warm,"{""recent_news"": ""Settle Bank expanded into a new market in 2025 following its pre-seed raise."", ""person_highlights"": ""Stefano Bianchi joined Settle Bank as VP of Finance after senior roles at larger technology firms."", ""company_challenge"": ""The company is focused on scaling KYC onboarding while keeping conversion high."", ""tech_stack"": "".net microservices with a rules engine for compliance"", ""icebreaker"": ""Congrats on Settle Bank's £0.9M pre-seed round earlier in 2025."", ""value_angle"": ""We could give compliance teams audit-ready reporting out of the box.""}",0
1ee9d0a18184,Velo Supply,Head of Sales,"Toulouse, France",https://sifted.eu/velo-raises-09m-preseed,Secured £0.9M (pre-seed) to accelerate growth,juliette.t@velo.ai,pattern,False,85,hot,"{""recent_news"": ""Velo Supply launched a new product line in 2023 aimed at enterprise customers."", ""person_highlights"": ""Juliette Thomas joined Velo Supply as Head of Sales after senior roles at larger technology firms."", ""company_challenge"": ""The company is focused on giving customers real-time visibility into shipments."", ""tech_stack"": ""Kafka-based event tracking with a react dashboard"", ""icebreaker"": ""Congrats on Velo Supply's £0.9M pre-seed round earlier in 2023."", ""value_angle"": ""We could cut last-mile cost with smarter route optimization.""}",0
99ee33dccf41,Quantal Cloud,HRBP Lead,Singapore,https://crunchbase.com/quantal-raises-591m-seriesb,Raised €59.1M in Series B funding in 2025,hui.iskandar@quantal.io,pattern,True,65,warm,"{""recent_news"": ""Quantal Cloud raised €59.1M in a Series B round in 2025."", ""person_highlights"": ""Hui Iskandar co-founded Quantal Cloud and now serves as HRBP Lead."", ""company_challenge"": ""The company is focused on turning a strong research demo into a reliable production platform."", ""tech_stack"": ""Go microservices with a vector database for retrieval"", ""icebreaker"": ""Congrats on Quantal Cloud's €59.1M Series B round earlier in 2025."", ""value_angle"": ""We could give them observability across model pipelines and dependencies.""}",1
c9561e65ec6b,Logix Systems,VP of Sales,"Dubai, UAE",https://trendingtopics.eu/logix-raises-62m-seed,Raised $6.2M in seed funding in 2026,imran.a@logix.com,google,True,57,warm,"{""recent_news"": ""Logix Systems launched a new product line in 2026 aimed at enterprise customers."", ""person_highlights"": ""Imran Al Maktoum joined Logix Systems as VP of Sales after senior roles at larger technology firms."", ""company_challenge"": ""The company is focused on forecasting demand to balance warehouse capacity."", ""tech_stack"": ""A route-optimization engine in python with postgis"", ""icebreaker"": ""Saw that Logix Systems recently shipped a notable product update."", ""value_angle"": ""We could digitize freight booking to remove manual back-and-forth.""}",0
91d694686a58,Riva Retail,Chief Marketing Officer,"Cambridge, UK",https://eu-startups.com/riva-raises-1059m-seriesc,Announced €105.9M Series C financing in 2025,charlie@riva.com,google,False,55,warm,"{""recent_news"": ""Riva Retail launched a new product line in 2025 aimed at enterprise customers."", ""person_highlights"": ""Charlie Smith joined Riva Retail as Chief Marketing Officer after senior roles at larger technology firms."", ""company_challenge"": ""The company is focused on unifying online and in-store customer data into one view."", ""tech_stack"": ""Salesforce commerce cloud and a segment data layer"", ""icebreaker"": ""Saw that Riva Retail recently shipped a notable product update."", ""value_angle"": ""We could tie loyalty data back to media spend for cleaner attribution.""}",1
201bfa3e4417,Synth Labs,CTO,Singapore,https://eu-startups.com/synth-raises-695m-seriesb,Raised $69.5M in Series B funding in 2023,arjun@synth.com,google,False,100,hot,,1
d43dec843ef1,Oncora Health,HR Director,"Toulouse, France",https://trendingtopics.eu/oncora-raises-229m-seriesa,Secured $22.9M (Series A) to accelerate growth,louis.lefebvre@oncora.fr,google,False,56,warm,"{""recent_news"": ""Oncora Health expanded into a new market in 2026 following its Series A raise."", ""person_highlights"": ""Louis Lefebvre joined Oncora Health as HR Director after senior roles at larger technology firms."", ""company_challenge"": ""The company is focused on meeting strict data-privacy rules while integrating hospital systems."", ""tech_stack"": ""A hipaa-compliant stack on azure with fhir apis"", ""icebreaker"": ""I noticed Oncora Health has been expanding its team this year."", ""value_angle"": ""We could reduce clinician admin time with automated documentation.""}",1
5fce2d7cb546,Riva Commerce,Head of Digital,"Cambridge, UK",https://tech.eu/riva-raises-256m-seriesb,Raised £25.6M in Series B funding in 2023,lucy.taylor@riva.ai,pattern,True,60,warm,"{""recent_news"": ""Riva Commerce launched a new product line in 2023 aimed at enterprise customers."", ""person_highlights"": ""Lucy Taylor is the Head of Digital at Riva Commerce and leads its technology and product direction."", ""company_challenge"": ""The company is focused on personalizing offers without a clean first-party data foundation."", ""tech_stack"": ""Sap commerce with a headless react front end"", ""icebreaker"": ""Saw that Riva Commerce recently shipped a notable product update."", ""value_angle"": ""We could lift mobile conversion with faster, personalized storefront experiences.""}",0
d6790879f6e1,Palleta.io,Head of Digital,"Turin, Italy",https://sifted.eu/palleta-raises-2978m-seriesc,Closed a €297.8M Series C round in 2023,alessandro.romano@palleta.com,pattern,True,87,hot,"{""recent_news"": ""Palleta.io announced a strategic partnership in 2023 to broaden distribution."", ""person_highlights"": ""Alessandro Romano, Head of Digital at Palleta.io, has spoken publicly about scaling engineering teams."", ""company_challenge"": ""The company is focused on optimizing last-mile routing to cut delivery cost."", ""tech_stack"": ""A .net tms integrated with carrier edi feeds"", ""icebreaker"": ""Impressed by Palleta.io's momentum since the Series C round."", ""value_angle"": ""We could cut last-mile cost with smarter route optimization.""}",0
7b0859c86287,Modela.ai,Head of Sales,"Paris, France",https://trendingtopics.eu/modela-raises-31m-seed,Secured £3.1M (seed) to accelerate growth,emma@modela.ai,scraping,False,98,hot,"{""recent_news"": ""Modela.ai announced a strategic partnership in 2025 to broaden distribution."", ""person_highlights"": ""Emma Roux is the Head of Sales at Modela.ai and leads its technology and product direction."", ""company_challenge"": ""The company is focused on expanding from a single-product wedge into a broader platform."", ""tech_stack"": ""Python, pytorch, kubernetes, and a multi-tenant inference layer"", ""icebreaker"": ""Congrats on Modela.ai's £3.1M seed round earlier in 2025."", ""value_angle"": ""We could accelerate their road from research prototype to production-grade platform.""}",0
70ec01e476e9,Inferra.ai,VP of Engineering,"Lyon, France",https://trendingtopics.eu/inferra-raises-2832m-seriesc,Closed a £283.2M Series C round in 2025,team@inferra.io,generic,True,44,cold,"{""recent_news"": ""Inferra.ai announced a strategic partnership in 2025 to broaden distribution."", ""person_highlights"": ""Léa Laurent, VP of Engineering at Inferra.ai, has spoken publicly about scaling engineering teams."", ""company_challenge"": ""The company is focused on scaling its model-serving infrastructure to enterprise traffic."", ""tech_stack"": ""Go microservices with a vector database for retrieval"", ""icebreaker"": ""Saw that Inferra.ai recently shipped a notable product update."", ""value_angle"": ""We could give them observability across model pipelines and dependencies.""}",0
4a10301da7e0,Aria Group,Head of Retail Media (Digital),"Rome, Italy",https://sifted.eu/aria-raises-65m-seed,Secured £6.5M (seed) to accelerate growth,agallo@aria.io,google,True,79,warm,"{""recent_news"": ""Aria Group launched a new product line in 2024 aimed at enterprise customers."", ""person_highlights"": ""Andrea Gallo, Head of Retail Media (Digital) at Aria Group, has spoken publicly about scaling engineering teams."", ""company_challenge"": ""The company is focused on improving e-commerce conversion on mobile."", ""tech_stack"": ""A homegrown commerce stack on aws with a snowflake warehouse"", ""icebreaker"": ""I noticed Aria Group has been expanding its team this year."", ""value_angle"": ""We could unify their customer data so campaigns target the right shoppers.""}",1
064c1dbb8dcf,Clinova,Regional Vice President of Sales,"Lyon, France",https://techcrunch.com/clinova-raises-06m-preseed,Announced £0.6M pre-seed financing in 2025,cleroy@clinova.com,pattern,True,68,warm,,1
3de87dc25bd6,Brightloop.ai,Head of AI,"Lyon, France",https://tech.eu/brightloop-raises-23m-seed,Raised $2.3M in seed funding in 2023,nathan.m@brightloop.fr,hunter,True,59,warm,"{""recent_news"": ""Brightloop.ai launched a new product line in 2023 aimed at enterprise customers."", ""person_highlights"": ""Nathan Moreau joined Brightloop.ai as Head of AI after senior roles at larger technology firms."", ""company_challenge"": ""The company is focused on scaling its model-serving infrastructure to enterprise traffic."", ""tech_stack"": ""A gpu-accelerated training stack on aws with custom orchestration"", ""icebreaker"": ""I noticed Brightloop.ai has been expanding its team this year."", ""value_angle"": ""We could help them cut inference costs while keeping latency low at enterprise scale.""}",0
5d0e5a5a25ad,Maison,VP Sales,"Rome, Italy",https://sifted.eu/maison-raises-16m-seed,Secured $1.6M (seed) to accelerate growth,giulia@maison.com,google,False,74,warm,,1
9e7a22d3352e,Streamline Bank,CTO,"New York, New York, United States",https://crunchbase.com/streamline-raises-33m-seed,Closed a $3.3M seed round in 2023,brian@streamline.co,google,True,62,warm,"{""recent_news"": ""Streamline Bank announced a strategic partnership in 2023 to broaden distribution."", ""person_highlights"": ""Brian Thompson co-founded Streamline Bank and now serves as CTO."", ""company_challenge"": ""The company is focused on reducing payment fraud without adding checkout friction."", ""tech_stack"": ""Node.js, postgres, and a real-time fraud-scoring engine"", ""icebreaker"": ""Congrats on Streamline Bank's $3.3M seed round earlier in 2023."", ""value_angle"": ""We could lower their fraud rate while protecting conversion at checkout.""}",0
c53d3cc8b88e,Settle.io,CMO,"Hamburg, Germany",https://reuters.com/settle-raises-2154m-seriesc,Closed a €215.4M Series C round in 2025,team@settle.io,generic,False,53,warm,,0
67f8b2c7944e,Logix,Head of Sales,Singapore,https://trendingtopics.eu/logix-raises-1337m-seriesc,Raised £133.7M in Series C funding in 2026,rrahman@logix.io,google,True,1,cold,"{""recent_news"": ""Logix raised £133.7M in a Series C round in 2026."", ""person_highlights"": ""Ravi Rahman co-founded Logix and now serves as Head of Sales."", ""company_challenge"": ""The company is focused on digitizing a paper-heavy freight-booking process."", ""tech_stack"": ""A .net tms integrated with carrier edi feeds"", ""icebreaker"": ""Impressed by Logix's momentum since the Series C round."", ""value_angle"": ""We could cut last-mile cost with smarter route optimization.""}",0
99bacfb77475,Mode,CMO,Basingstoke,https://theverge.com/mode-raises-451m-seriesb,Raised $45.1M in Series B funding in 2024,charlotte@mode.io,pattern,False,91,hot,"{""recent_news"": ""Mode raised $45.1M in a Series B round in 2024."", ""person_highlights"": ""Charlotte Clarke is the CMO at Mode and leads its technology and product direction."", ""company_challenge"": ""The company is focused on personalizing offers without a clean first-party data foundation."", ""tech_stack"": ""A shopify plus storefront with a custom cdp integration"", ""icebreaker"": ""Saw that Mode recently shipped a notable product update."", ""value_angle"": ""We could tie loyalty data back to media spend for cleaner attribution.""}",0
de5b79c38144,Replio AI,CTO,"Stockholm, Sweden",https://theverge.com/replio-raises-14m-preseed,Raised £1.4M in pre-seed funding in 2026,linnea.j@replio.ai,google,True,86,hot,"{""recent_news"": ""Replio AI raised £1.4M in a pre-seed round in 2026."", ""person_highlights"": ""Linnea Johansson joined Replio AI as CTO after senior roles at larger technology firms."", ""company_challenge"": ""The company is focused on scaling its model-serving infrastructure to enterprise traffic."", ""tech_stack"": ""Typescript, postgres, and a ray-based training pipeline"", ""icebreaker"": ""Saw that Replio AI recently shipped a notable product update."", ""value_angle"": ""We could automate evaluation so they can ship model updates with confidence.""}",0
deeeda4965ff,Lumen Systems,People Operations Lead,"Rotterdam, Netherlands",https://techfundingnews.com/lumen-raises-572m-seriesb,Secured €57.2M (Series B) to accelerate growth,ruben.vos@lumen.nl,pattern,False,98,hot,"{""recent_news"": ""Lumen Systems expanded into a new market in 2025 following its Series B raise."", ""person_highlights"": ""Ruben Vos joined Lumen Systems as People Operations Lead after senior roles at larger technology firms."", ""company_challenge"": ""The company is focused on scaling its model-serving infrastructure to enterprise traffic."", ""tech_stack"": ""Go microservices with a vector database for retrieval"", ""icebreaker"": ""Impressed by Lumen Systems's momentum since the Series B round."", ""value_angle"": ""We could give them observability across model pipelines and dependencies.""}",0
ad6b2bbb1f3a,Synth AI,Head of Sales,Brazil,https://tech.eu/synth-raises-181m-seriesa,Announced €18.1M Series A financing in 2025,rafael.barbosa@synth.io,google,False,20,cold,"{""recent_news"": ""Synth AI launched a new product line in 2025 aimed at enterprise customers."", ""person_highlights"": ""Rafael Barbosa co-founded Synth AI and now serves as Head of Sales."", ""company_challenge"": ""The company is focused on scaling its model-serving infrastructure to enterprise traffic."", ""tech_stack"": ""Python, pytorch, kubernetes, and a multi-tenant inference layer"", ""icebreaker"": ""Saw that Synth AI recently shipped a notable product update."", ""value_angle"": ""We could automate evaluation so they can ship model updates with confidence.""}",0
b810a0dcd74f,Clearpay Pay,Chief Marketing Officer,Sweden,https://techinasia.com/clearpay-raises-44m-seed,Secured $4.4M (seed) to accelerate growth,gek@clearpay.se,google,True,83,warm,"{""recent_news"": ""Clearpay Pay launched a new product line in 2025 aimed at enterprise customers."", ""person_highlights"": ""Gustav Ek co-founded Clearpay Pay and now serves as Chief Marketing Officer."", ""company_challenge"": ""The company is focused on scaling KYC onboarding while keeping conversion high."", ""tech_stack"": "".net microservices with a rules engine for compliance"", ""icebreaker"": ""I noticed Clearpay Pay has been expanding its team this year."", ""value_angle"": ""We could speed up KYC onboarding so fewer good customers drop off.""}",0
41a3364a90ac,Stride Labs,Chief Technology Officer,"Madrid, Spain",https://crunchbase.com/stride-raises-08m-preseed,Announced £0.8M pre-seed financing in 2026,lramirez@stride.es,google,True,84,warm,"{""recent_news"": ""Stride Labs raised £0.8M in a pre-seed round in 2026."", ""person_highlights"": ""Lucía Ramírez co-founded Stride Labs and now serves as Chief Technology Officer."", ""company_challenge"": ""The company is focused on expanding from a single-product wedge into a broader platform."", ""tech_stack"": ""Python, pytorch, kubernetes, and a multi-tenant inference layer"", ""icebreaker"": ""I noticed Stride Labs has been expanding its team this year."", ""value_angle"": ""We could help them cut inference costs while keeping latency low at enterprise scale.""}",0
64174e6e5f0d,Coinbridge Finance,People Operations Lead,"Sydney, Australia",https://businessinsider.com/coinbridge-raises-1601m-seriesc,Raised €160.1M in Series C funding in 2023,thomas.brown@coinbridge.io,pattern,False,68,warm,"{""recent_news"": ""Coinbridge Finance announced a strategic partnership in 2023 to broaden distribution."", ""person_highlights"": ""Thomas Brown co-founded Coinbridge Finance and now serves as People Operations Lead."", ""company_challenge"": ""The company is focused on differentiating in a crowded payments market."", ""tech_stack"": ""Go, grpc, and an event-sourced transaction core"", ""icebreaker"": ""Congrats on Coinbridge Finance's €160.1M Series C round earlier in 2023."", ""value_angle"": ""We could speed up KYC onboarding so fewer good customers drop off.""}",0
1d8156088251,Tendr Capital,VP of Finance,"Barcelona, Spain",https://sifted.eu/tendr-raises-168m-seriesa,Secured £16.8M (Series A) to accelerate growth,nuria.molina@tendr.ai,pattern,True,87,hot,"{""recent_news"": ""Tendr Capital launched a new product line in 2024 aimed at enterprise customers."", ""person_highlights"": ""Nuria Molina joined Tendr Capital as VP of Finance after senior roles at larger technology firms."", ""company_challenge"": ""The company is focused on reducing payment fraud without adding checkout friction."", ""tech_stack"": ""Node.js, postgres, and a real-time fraud-scoring engine"", ""icebreaker"": ""Impressed by Tendr Capital's momentum since the Series A round."", ""value_angle"": ""We could speed up KYC onboarding so fewer good customers drop off.""}",0
7fc03d5d19ef,Payflow Pay,VP of Finance,"Utrecht, Netherlands",https://businessinsider.com/payflow-raises-593m-seriesb,Raised $59.3M in Series B funding in 2025,ahendriks@payflow.io,hunter,True,95,hot,"{""recent_news"": ""Payflow Pay launched a new product line in 2025 aimed at enterprise customers."", ""person_highlights"": ""Anouk Hendriks is the VP of Finance at Payflow Pay and leads its technology and product direction."", ""company_challenge"": ""The company is focused on meeting tightening compliance requirements across new markets."", ""tech_stack"": "".net microservices with a rules engine for compliance"", ""icebreaker"": ""I noticed Payflow Pay has been expanding its team this year."", ""value_angle"": ""We could sharpen their go-to-market message in a crowded category.""}",0
c8bf2a9294c2,Monetar Pay,CTO,Canada,https://techcrunch.com/monetar-raises-107m-seriesa,Closed a £10.7M Series A round in 2025,owen.w@monetar.com,google,True,30,cold,,0
13b08dda4988,Castello Commerce,CMO,"Melbourne, Australia",https://linkedin.com/castello-raises-233m-seriesa,Announced $23.3M Series A financing in 2026,cooper@castello.io,google,True,89,hot,,0
96141761d920,Fundwise,VP of Finance,"Amsterdam, Netherlands",https://techcrunch.com/fundwise-raises-925m-seriesc,Secured $92.5M (Series C) to accelerate growth,jeroen.visser@fundwise.com,pattern,True,100,hot,"{""recent_news"": ""Fundwise announced a strategic partnership in 2024 to broaden distribution."", ""person_highlights"": ""Jeroen Visser is the VP of Finance at Fundwise and leads its technology and product direction."", ""company_challenge"": ""The company is focused on meeting tightening compliance requirements across new markets."", ""tech_stack"": "".net microservices with a rules engine for compliance"", ""icebreaker"": ""Saw that Fundwise recently shipped a notable product update."", ""value_angle"": ""We could speed up KYC onboarding so fewer good customers drop off.""}",1
e4ae18945969,Streamline Capital,Head of Digital,"Rio de Janeiro, Brazil",https://reuters.com/streamline-raises-59m-seed,Closed a $5.9M seed round in 2023,leticia.costa@streamline.io,google,True,98,hot,,1
f46cba3e9acc,Clinova.health,HR Director,"Toronto, Canada",https://crunchbase.com/clinova-raises-174m-seriesa,Raised $17.4M in Series A funding in 2025,owen.m@clinova.com,pattern,True,75,warm,"{""recent_news"": ""Clinova.health launched a new product line in 2025 aimed at enterprise customers."", ""person_highlights"": ""Owen MacDonald is the HR Director at Clinova.health and leads its technology and product direction."", ""company_challenge"": ""The company is focused on meeting strict data-privacy rules while integrating hospital systems."", ""tech_stack"": ""Python services with an hl7 integration layer"", ""icebreaker"": ""Congrats on Clinova.health's $17.4M Series A round earlier in 2025."", ""value_angle"": ""We could reduce clinician admin time with automated documentation.""}",0
8b9eb48c6bba,Quantal,VP of Engineering,"Rotterdam, Netherlands",https://theverge.com/quantal-raises-11m-preseed,Raised €1.1M in pre-seed funding in 2024,femke.visser@quantal.com,pattern,False,56,warm,"{""recent_news"": ""Quantal raised €1.1M in a pre-seed round in 2024."", ""person_highlights"": ""Femke Visser, VP of Engineering at Quantal, has spoken publicly about scaling engineering teams."", ""company_challenge"": ""The company is focused on scaling its model-serving infrastructure to enterprise traffic."", ""tech_stack"": ""A gpu-accelerated training stack on aws with custom orchestration"", ""icebreaker"": ""Congrats on Quantal's €1.1M pre-seed round earlier in 2024."", ""value_angle"": ""We could give them observability across model pipelines and dependencies.""}",0
1c48a2e471aa,Tendr Bank,HR Manager,"Melbourne, Australia",https://reuters.com/tendr-raises-525m-seriesb,Secured €52.5M (Series B) to accelerate growth,noah@tendr.io,google,False,91,hot,"{""recent_news"": ""Tendr Bank launched a new product line in 2024 aimed at enterprise customers."", ""person_highlights"": ""Noah Taylor is the HR Manager at Tendr Bank and leads its technology and product direction."", ""company_challenge"": ""The company is focused on meeting tightening compliance requirements across new markets."", ""tech_stack"": ""Java, kafka, and a pci-compliant ledger service"", ""icebreaker"": ""I noticed Tendr Bank has been expanding its team this year."", ""value_angle"": ""We could sharpen their go-to-market message in a crowded category.""}",0
0bb1df7cdfb4,Trustline.io,CMO,Netherlands,https://tech.eu/trustline-raises-247m-seriesa,Raised €24.7M in Series A funding in 2024,jdegroot@trustline.ai,hunter,False,89,hot,"{""recent_news"": ""Trustline.io launched a new product line in 2024 aimed at enterprise customers."", ""person_highlights"": ""Joris de Groot co-founded Trustline.io and now serves as CMO."", ""company_challenge"": ""The company is focused on reducing payment fraud without adding checkout friction."", ""tech_stack"": ""Java, kafka, and a pci-compliant ledger service"", ""icebreaker"": ""Congrats on Trustline.io's €24.7M Series A round earlier in 2024."", ""value_angle"": ""We could sharpen their go-to-market message in a crowded category.""}",0
20a728c20c6b,Verde & Co,Chief Marketing Officer,"Vancouver, Canada",https://reuters.com/verde-raises-17m-seed,Closed a €1.7M seed round in 2024,hannah.wilson@verde.com,google,False,35,cold,"{""recent_news"": ""Verde & Co launched a new product line in 2024 aimed at enterprise customers."", ""person_highlights"": ""Hannah Wilson co-founded Verde & Co and now serves as Chief Marketing Officer."", ""company_challenge"": ""The company is focused on unifying online and in-store customer data into one view."", ""tech_stack"": ""A homegrown commerce stack on aws with a snowflake warehouse"", ""icebreaker"": ""Saw that Verde & Co recently shipped a notable product update."", ""value_angle"": ""We could lift mobile conversion with faster, personalized storefront experiences.""}",0
8e02091631dd,Routeflow Freight,APAC Vice President of Sales,"Amsterdam, Netherlands",https://techinasia.com/routeflow-raises-1657m-seriesc,Announced £165.7M Series C financing in 2024,sven@routeflow.nl,google,False,9,cold,"{""recent_news"": ""Routeflow Freight expanded into a new market in 2024 following its Series C raise."", ""person_highlights"": ""Sven van den Berg is the APAC Vice President of Sales at Routeflow Freight and leads its technology and product direction."", ""company_challenge"": ""The company is focused on forecasting demand to balance warehouse capacity."", ""tech_stack"": ""Kafka-based event tracking with a react dashboard"", ""icebreaker"": ""Congrats on Routeflow Freight's £165.7M Series C round earlier in 2024."", ""value_angle"": ""We could give shippers real-time tracking that reduces support tickets.""}",0
43657a9cd23d,Replio,Head of AI,"Madrid, Spain",https://businessinsider.com/replio-raises-1002m-seriesc,Raised £100.2M in Series C funding in 2025,ines@replio.es,pattern,True,47,cold,"{""recent_news"": ""Replio raised £100.2M in a Series C round in 2025."", ""person_highlights"": ""Inés Martínez, Head of AI at Replio, has spoken publicly about scaling engineering teams."", ""company_challenge"": ""The company is focused on reducing inference latency while controlling GPU spend."", ""tech_stack"": ""Typescript, postgres, and a ray-based training pipeline"", ""icebreaker"": ""I noticed Replio has been expanding its team this year."", ""value_angle"": ""We could automate evaluation so they can ship model updates with confidence.""}",0
c49deabbbfe4,Paytrail.io,Chief Marketing Officer,"Yokohama, Japan",https://techfundingnews.com/paytrail-raises-11m-preseed,Announced €1.1M pre-seed financing in 2026,dtakahashi@paytrail.ai,google,True,100,hot,"{""recent_news"": ""Paytrail.io launched a new product line in 2026 aimed at enterprise customers."", ""person_highlights"": ""Daichi Takahashi co-founded Paytrail.io and now serves as Chief Marketing Officer."", ""company_challenge"": ""The company is focused on differentiating in a crowded payments market."", ""tech_stack"": "".net microservices with a rules engine for compliance"", ""icebreaker"": ""Congrats on Paytrail.io's €1.1M pre-seed round earlier in 2026."", ""value_angle"": ""We could speed up KYC onboarding so fewer good customers drop off.""}",0
bd1f51d4bb20,Brightloop AI,Head of AI,"Malmö, Sweden",https://tech.eu/brightloop-raises-54m-seed,Secured €5.4M (seed) to accelerate growth,,,False,68,warm,"{""recent_news"": ""Brightloop AI expanded into a new market in 2026 following its seed raise."", ""person_highlights"": ""Anna Lundqvist co-founded Brightloop AI and now serves as Head of AI."", ""company_challenge"": ""The company is focused on expanding from a single-product wedge into a broader platform."", ""tech_stack"": ""A gpu-accelerated training stack on aws with custom orchestration"", ""icebreaker"": ""Congrats on Brightloop AI's €5.4M seed round earlier in 2026."", ""value_angle"": ""We could accelerate their road from research prototype to production-grade platform.""}",0
d1a79e3c2d8d,Fundwise Capital,CMO,"Valencia, Spain",https://techfundingnews.com/fundwise-raises-61m-seed,Secured $6.1M (seed) to accelerate growth,,,False,97,hot,"{""recent_news"": ""Fundwise Capital announced a strategic partnership in 2026 to broaden distribution."", ""person_highlights"": ""Marta Ortega co-founded Fundwise Capital and now serves as CMO."", ""company_challenge"": ""The company is focused on meeting tightening compliance requirements across new markets."", ""tech_stack"": ""Go, grpc, and an event-sourced transaction core"", ""icebreaker"": ""Impressed by Fundwise Capital's momentum since the seed round."", ""value_angle"": ""We could give compliance teams audit-ready reporting out of the box.""}",1
f5821fdd3bdb,Cortex Cloud,Chief Technology Officer,"Montreal, Canada",https://tech.eu/cortex-raises-752m-seriesb,Closed a £75.2M Series B round in 2025,connor@cortex.io,pattern,False,53,warm,,1
61ff034e9d1e,Settle.io,Chief Marketing Officer,"Belo Horizonte, Brazil",https://tech.eu/settle-raises-35m-seed,Announced €3.5M seed financing in 2025,rpereira@settle.io,google,False,16,cold,,0
e9f5d134efc7,Brightloop Systems,VP of Engineering,"Rotterdam, Netherlands",https://crunchbase.com/brightloop-raises-218m-seriesa,Raised €21.8M in Series A funding in 2024,maud@brightloop.ai,pattern,True,67,warm,"{""recent_news"": ""Brightloop Systems expanded into a new market in 2024 following its Series A raise."", ""person_highlights"": ""Maud Dekker co-founded Brightloop Systems and now serves as VP of Engineering."", ""company_challenge"": ""The company is focused on turning a strong research demo into a reliable production platform."", ""tech_stack"": ""Go microservices with a vector database for retrieval"", ""icebreaker"": ""Congrats on Brightloop Systems's €21.8M Series A round earlier in 2024."", ""value_angle"": ""We could automate evaluation so they can ship model updates with confidence.""}",1
e97e327af642,Helix.health,HR Manager,"Gothenburg, Sweden",https://tech.eu/helix-raises-783m-seriesb,Raised €78.3M in Series B funding in 2025,elundqvist@helix.com,google,False,54,warm,"{""recent_news"": ""Helix.health announced a strategic partnership in 2025 to broaden distribution."", ""person_highlights"": ""Elin Lundqvist co-founded Helix.health and now serves as HR Manager."", ""company_challenge"": ""The company is focused on scaling a telehealth platform to handle peak demand."", ""tech_stack"": ""A hipaa-compliant stack on azure with fhir apis"", ""icebreaker"": ""I noticed Helix.health has been expanding its team this year."", ""value_angle"": ""We could make EHR integration faster so onboarding new clinics is painless.""}",0
5e2d53df59eb,Cura.health,HR Director,Netherlands,https://tech.eu/cura-raises-634m-seriesb,Raised £63.4M in Series B funding in 2023,daan.visser@cura.ai,pattern,True,68,warm,"{""recent_news"": ""Cura.health expanded into a new market in 2023 following its Series B raise."", ""person_highlights"": ""Daan Visser co-founded Cura.health and now serves as HR Director."", ""company_challenge"": ""The company is focused on reducing clinician admin burden with better tooling."", ""tech_stack"": ""Python services with an hl7 integration layer"", ""icebreaker"": ""Congrats on Cura.health's £63.4M Series B round earlier in 2023."", ""value_angle"": ""We could reduce clinician admin time with automated documentation.""}",1
0a91836c95bc,Sanara Care,Chief Technology Officer,"Mumbai, India",https://sifted.eu/sanara-raises-119m-seriesa,Secured $11.9M (Series A) to accelerate growth,,,False,78,warm,"{""recent_news"": ""Sanara Care launched a new product line in 2025 aimed at enterprise customers."", ""person_highlights"": ""Riya Singh co-founded Sanara Care and now serves as Chief Technology Officer."", ""company_challenge"": ""The company is focused on reducing clinician admin burden with better tooling."", ""tech_stack"": ""A data platform on gcp feeding clinical decision support"", ""icebreaker"": ""I noticed Sanara Care has been expanding its team this year."", ""value_angle"": ""We could reduce clinician admin time with automated documentation.""}",0
44e7f1d63d09,Castello,CMO,"Vancouver, Canada",https://techcrunch.com/castello-raises-73m-seed,Announced £7.3M seed financing in 2025,etaylor@castello.com,pattern,True,31,cold,"{""recent_news"": ""Castello expanded into a new market in 2025 following its seed raise."", ""person_highlights"": ""Emma Taylor co-founded Castello and now serves as CMO."", ""company_challenge"": ""The company is focused on unifying online and in-store customer data into one view."", ""tech_stack"": ""Sap commerce with a headless react front end"", ""icebreaker"": ""Congrats on Castello's £7.3M seed round earlier in 2025."", ""value_angle"": ""We could lift mobile conversion with faster, personalized storefront experiences.""}",0
ad6a5c05a84a,Mercato Stores,Head of Digital,Japan,https://techinasia.com/mercato-raises-712m-seriesb,Announced £71.2M Series B financing in 2024,ren@mercato.ai,google,False,94,hot,,0
58edb540a7c8,Cohera AI,VP of Engineering,"Barcelona, Spain",https://crunchbase.com/cohera-raises-267m-seriesb,Closed a £26.7M Series B round in 2025,paula@cohera.es,pattern,False,75,warm,,1
b2f5c71cdc28,Cortex,VP of Engineering,"Barcelona, Spain",https://techcrunch.com/cortex-raises-12m-preseed,Raised €1.2M in pre-seed funding in 2025,marta.torres@cortex.io,hunter,False,69,warm,"{""recent_news"": ""Cortex raised €1.2M in a pre-seed round in 2025."", ""person_highlights"": ""Marta Torres co-founded Cortex and now serves as VP of Engineering."", ""company_challenge"": ""The company is focused on expanding from a single-product wedge into a broader platform."", ""tech_stack"": ""A gpu-accelerated training stack on aws with custom orchestration"", ""icebreaker"": ""Saw that Cortex recently shipped a notable product update."", ""value_angle"": ""We could automate evaluation so they can ship model updates with confidence.""}",1
5a752a643058,Brightloop Labs,VP of Engineering,"Toronto, Canada",https://businessinsider.com/brightloop-raises-31m-seed,Raised €3.1M in seed funding in 2023,team@brightloop.ai,generic,False,64,warm,"{""recent_news"": ""Brightloop Labs launched a new product line in 2023 aimed at enterprise customers."", ""person_highlights"": ""Logan MacDonald joined Brightloop Labs as VP of Engineering after senior roles at larger technology firms."", ""company_challenge"": ""The company is focused on expanding from a single-product wedge into a broader platform."", ""tech_stack"": ""Python, pytorch, kubernetes, and a multi-tenant inference layer"", ""icebreaker"": ""Congrats on Brightloop Labs's €3.1M seed round earlier in 2023."", ""value_angle"": ""We could give them observability across model pipelines and dependencies.""}",1
7b8beb1a2b4b,Cohera.ai,VP of Sales,"Hyderabad, India",https://sifted.eu/cohera-raises-205m-seriesa,Announced €20.5M Series A financing in 2024,meera.menon@cohera.ai,scraping,True,69,warm,"{""recent_news"": ""Cohera.ai expanded into a new market in 2024 following its Series A raise."", ""person_highlights"": ""Meera Menon joined Cohera.ai as VP of Sales after senior roles at larger technology firms."", ""company_challenge"": ""The company is focused on turning a strong research demo into a reliable production platform."", ""tech_stack"": ""Typescript, postgres, and a ray-based training pipeline"", ""icebreaker"": ""Saw that Cohera.ai recently shipped a notable product update."", ""value_angle"": ""We could help them cut inference costs while keeping latency low at enterprise scale.""}",1
08cdf5ebc773,Vivora Med,CTO,"Osaka, Japan",https://tech.eu/vivora-raises-04m-preseed,Closed a $0.4M pre-seed round in 2025,kenji@vivora.jp,google,False,70,warm,"{""recent_news"": ""Vivora Med expanded into a new market in 2025 following its pre-seed raise."", ""person_highlights"": ""Kenji Suzuki co-founded Vivora Med and now serves as CTO."", ""company_challenge"": ""The company is focused on reducing clinician admin burden with better tooling."", ""tech_stack"": ""A hipaa-compliant stack on azure with fhir apis"", ""icebreaker"": ""Congrats on Vivora Med's $0.4M pre-seed round earlier in 2025."", ""value_angle"": ""We could scale their telehealth platform to handle demand spikes.""}",0
bf6df35864ab,Settle Pay,CTO,"Rotterdam, Netherlands",https://linkedin.com/settle-raises-285m-seriesb,Announced £28.5M Series B financing in 2023,rdevries@settle.io,google,True,83,warm,,0
e12e6ec7061b,Linea Commerce,Head of Digital,"Delhi, India",https://techcrunch.com/linea-raises-40m-seed,Closed a £4.0M seed round in 2025,adesai@linea.in,google,True,96,hot,"{""recent_news"": ""Linea Commerce expanded into a new market in 2025 following its seed raise."", ""person_highlights"": ""Ananya Desai co-founded Linea Commerce and now serves as Head of Digital."", ""company_challenge"": ""The company is focused on unifying online and in-store customer data into one view."", ""tech_stack"": ""A shopify plus storefront with a custom cdp integration"", ""icebreaker"": ""Impressed by Linea Commerce's momentum since the seed round."", ""value_angle"": ""We could stand up a retail-media offering that monetizes existing traffic.""}",0
78757b39d8e3,Neura AI,Head of AI,"Osaka, Japan",https://reuters.com/neura-raises-35m-seed,Announced €3.5M seed financing in 2023,syamada@neura.ai,google,True,76,warm,,1
a1dd71995ec3,Northpay.io,VP of Finance,"Melbourne, Australia",https://techcrunch.com/northpay-raises-101m-seriesa,Closed a €10.1M Series A round in 2024,,,False,10,cold,"{""recent_news"": ""Northpay.io raised €10.1M in a Series A round in 2024."", ""person_highlights"": ""Zoe Anderson, VP of Finance at Northpay.io, has spoken publicly about scaling engineering teams."", ""company_challenge"": ""The company is focused on meeting tightening compliance requirements across new markets."", ""tech_stack"": "".net microservices with a rules engine for compliance"", ""icebreaker"": ""Impressed by Northpay.io's momentum since the Series A round."", ""value_angle"": ""We could give compliance teams audit-ready reporting out of the box.""}",0
39c9bb053f16,Datapilot.ai,Head of AI,"Hyderabad, India",https://reuters.com/datapilot-raises-470m-seriesb,Closed a $47.0M Series B round in 2023,deepak.m@datapilot.ai,google,True,99,hot,"{""recent_news"": ""Datapilot.ai raised $47.0M in a Series B round in 2023."", ""person_highlights"": ""Deepak Menon co-founded Datapilot.ai and now serves as Head of AI."", ""company_challenge"": ""The company is focused on scaling its model-serving infrastructure to enterprise traffic."", ""tech_stack"": ""Python, pytorch, kubernetes, and a multi-tenant inference layer"", ""icebreaker"": ""I noticed Datapilot.ai has been expanding its team this year."", ""value_angle"": ""We could help them cut inference costs while keeping latency low at enterprise scale.""}",0
bffe6eb1e09f,Parable Systems,People Operations Lead,"Sydney, Australia",https://tech.eu/parable-raises-60m-seed,Closed a €6.0M seed round in 2026,sales@parable.com.au,generic,False,83,warm,"{""recent_news"": ""Parable Systems launched a new product line in 2026 aimed at enterprise customers."", ""person_highlights"": ""Zoe Wilson joined Parable Systems as People Operations Lead after senior roles at larger technology firms."", ""company_challenge"": ""The company is focused on turning a strong research demo into a reliable production platform."", ""tech_stack"": ""Go microservices with a vector database for retrieval"", ""icebreaker"": ""Impressed by Parable Systems's momentum since the seed round."", ""value_angle"": ""We could accelerate their road from research prototype to production-grade platform.""}",0
c0994e0917aa,Healspan,Chief Technology Officer,"Utrecht, Netherlands",https://reuters.com/healspan-raises-100m-seriesa,Raised $10.0M in Series A funding in 2025,lotte.v@healspan.nl,google,False,97,hot,"{""recent_news"": ""Healspan announced a strategic partnership in 2025 to broaden distribution."", ""person_highlights"": ""Lotte Vos is the Chief Technology Officer at Healspan and leads its technology and product direction."", ""company_challenge"": ""The company is focused on reducing clinician admin burden with better tooling."", ""tech_stack"": ""A data platform on gcp feeding clinical decision support"", ""icebreaker"": ""Saw that Healspan recently shipped a notable product update."", ""value_angle"": ""We could scale their telehealth platform to handle demand spikes.""}",1
f9fc966a76ca,Settle Finance,CMO,"Malmö, Sweden",https://techfundingnews.com/settle-raises-12m-preseed,Closed a €1.2M pre-seed round in 2024,mlarsson@settle.se,google,False,42,cold,"{""recent_news"": ""Settle Finance announced a strategic partnership in 2024 to broaden distribution."", ""person_highlights"": ""Mattias Larsson co-founded Settle Finance and now serves as CMO."", ""company_challenge"": ""The company is focused on scaling KYC onboarding while keeping conversion high."", ""tech_stack"": ""Java, kafka, and a pci-compliant ledger service"", ""icebreaker"": ""I noticed Settle Finance has been expanding its team this year."", ""value_angle"": ""We could sharpen their go-to-market message in a crowded category.""}",0
b86afef1bf32,Maison,Head of Digital,"Amsterdam, Netherlands",https://businessinsider.com/maison-raises-16m-seed,Closed a $1.6M seed round in 2024,bvos@maison.ai,google,True,100,hot,,0
a9f5549a7732,Sanara Bio,CTO,"Delhi, India",https://techcrunch.com/sanara-raises-30m-seed,Raised €3.0M in seed funding in 2023,riya.v@sanara.com,pattern,False,53,warm,"{""recent_news"": ""Sanara Bio expanded into a new market in 2023 following its seed raise."", ""person_highlights"": ""Riya Verma joined Sanara Bio as CTO after senior roles at larger technology firms."", ""company_challenge"": ""The company is focused on getting interoperability across legacy EHR systems."", ""tech_stack"": ""Python services with an hl7 integration layer"", ""icebreaker"": ""Impressed by Sanara Bio's momentum since the seed round."", ""value_angle"": ""We could make EHR integration faster so onboarding new clinics is painless.""}",1
dbb6a48773d8,Replio AI,CTO,Japan,https://techcrunch.com/replio-raises-232m-seriesa,Secured $23.2M (Series A) to accelerate growth,mei.m@replio.com,google,False,54,warm,"{""recent_news"": ""Replio AI announced a strategic partnership in 2026 to broaden distribution."", ""person_highlights"": ""Mei Matsumoto, CTO at Replio AI, has spoken publicly about scaling engineering teams."", ""company_challenge"": ""The company is focused on turning a strong research demo into a reliable production platform."", ""tech_stack"": ""Typescript, postgres, and a ray-based training pipeline"", ""icebreaker"": ""Congrats on Replio AI's $23.2M Series A round earlier in 2026."", ""value_angle"": ""We could help them cut inference costs while keeping latency low at enterprise scale.""}",0
c25445a44d93,Remedo,Regional Vice President of Sales,"Utrecht, Netherlands",https://crunchbase.com/remedo-raises-52m-seed,Closed a €5.2M seed round in 2024,lotte.d@remedo.com,hunter,False,53,warm,"{""recent_news"": ""Remedo raised €5.2M in a seed round in 2024."", ""person_highlights"": ""Lotte de Boer joined Remedo as Regional Vice President of Sales after senior roles at larger technology firms."", ""company_challenge"": ""The company is focused on scaling a telehealth platform to handle peak demand."", ""tech_stack"": ""A hipaa-compliant stack on azure with fhir apis"", ""icebreaker"": ""Congrats on Remedo's €5.2M seed round earlier in 2024."", ""value_angle"": ""We could reduce clinician admin time with automated documentation.""}",1
4c219848789a,Therapie,HR Manager,"Madrid, Spain",https://tech.eu/therapie-raises-309m-seriesb,Closed a £30.9M Series B round in 2024,crodriguez@therapie.es,google,False,87,hot,,1
733eb202ec0a,Vitalis.health,Chief Technology Officer,"Brisbane, Australia",https://techfundingnews.com/vitalis-raises-235m-seriesa,Announced £23.5M Series A financing in 2025,noah.a@vitalis.io,google,True,3,cold,"{""recent_news"": ""Vitalis.health raised £23.5M in a Series A round in 2025."", ""person_highlights"": ""Noah Anderson co-founded Vitalis.health and now serves as Chief Technology Officer."", ""company_challenge"": ""The company is focused on meeting strict data-privacy rules while integrating hospital systems."", ""tech_stack"": ""A data platform on gcp feeding clinical decision support"", ""icebreaker"": ""Congrats on Vitalis.health's £23.5M Series A round earlier in 2025."", ""value_angle"": ""We could scale their telehealth platform to handle demand spikes.""}",0
5e8fce79fe7e,Nimbus Labs,VP of Engineering,"Tokyo, Japan",https://theverge.com/nimbus-raises-632m-seriesb,Announced $63.2M Series B financing in 2024,rmatsumoto@nimbus.jp,pattern,False,83,warm,"{""recent_news"": ""Nimbus Labs launched a new product line in 2024 aimed at enterprise customers."", ""person_highlights"": ""Riku Matsumoto joined Nimbus Labs as VP of Engineering after senior roles at larger technology firms."", ""company_challenge"": ""The company is focused on turning a strong research demo into a reliable production platform."", ""tech_stack"": ""Typescript, postgres, and a ray-based training pipeline"", ""icebreaker"": ""I noticed Nimbus Labs has been expanding its team this year."", ""value_angle"": ""We could automate evaluation so they can ship model updates with confidence.""}",1
8523ed8854c8,Vitalis Bio,Head of Digital,"Amsterdam, Netherlands",https://crunchbase.com/vitalis-raises-746m-seriesb,Closed a €74.6M Series B round in 2025,bram.vandenberg@vitalis.com,hunter,False,71,warm,"{""recent_news"": ""Vitalis Bio expanded into a new market in 2025 following its Series B raise."", ""person_highlights"": ""Bram van den Berg co-founded Vitalis Bio and now serves as Head of Digital."", ""company_challenge"": ""The company is focused on scaling a telehealth platform to handle peak demand."", ""tech_stack"": ""A hipaa-compliant stack on azure with fhir apis"", ""icebreaker"": ""Saw that Vitalis Bio recently shipped a notable product update."", ""value_angle"": ""We could scale their telehealth platform to handle demand spikes.""}",0
7f8435ec404d,Fleetly.io,Head of Digital,India,https://techinasia.com/fleetly-raises-208m-seriesa,Closed a €20.8M Series A round in 2025,nikhil@fleetly.io,pattern,False,91,hot,"{""recent_news"": ""Fleetly.io launched a new product line in 2025 aimed at enterprise customers."", ""person_highlights"": ""Nikhil Menon, Head of Digital at Fleetly.io, has spoken publicly about scaling engineering teams."", ""company_challenge"": ""The company is focused on optimizing last-mile routing to cut delivery cost."", ""tech_stack"": ""Kafka-based event tracking with a react dashboard"", ""icebreaker"": ""Saw that Fleetly.io recently shipped a notable product update."", ""value_angle"": ""We could give shippers real-time tracking that reduces support tickets.""}",1
4b9583531b00,Cura,VP of Sales,"Amsterdam, Netherlands",https://linkedin.com/cura-raises-03m-preseed,Closed a €0.3M pre-seed round in 2025,thijs@cura.io,google,False,76,warm,"{""recent_news"": ""Cura launched a new product line in 2025 aimed at enterprise customers."", ""person_highlights"": ""Thijs de Groot co-founded Cura and now serves as VP of Sales."", ""company_challenge"": ""The company is focused on meeting strict data-privacy rules while integrating hospital systems."", ""tech_stack"": ""Python services with an hl7 integration layer"", ""icebreaker"": ""Saw that Cura recently shipped a notable product update."", ""value_angle"": ""We could keep patient data compliant while enabling analytics.""}",1
427a2031ff0d,Cohera Cloud,Chief Technology Officer,Spain,https://businessinsider.com/cohera-raises-31m-seed,Announced £3.1M seed financing in 2025,alopez@cohera.com,google,True,77,warm,,0
160b8a00c0e9,Vaulta.io,CMO,"Montreal, Canada",https://businessinsider.com/vaulta-raises-13m-preseed,Closed a €1.3M pre-seed round in 2025,aaliyah@vaulta.ca,google,False,33,cold,"{""recent_news"": ""Vaulta.io launched a new product line in 2025 aimed at enterprise customers."", ""person_highlights"": ""Aaliyah Smith, CMO at Vaulta.io, has spoken publicly about scaling engineering teams."", ""company_challenge"": ""The company is focused on differentiating in a crowded payments market."", ""tech_stack"": "".net microservices with a rules engine for compliance"", ""icebreaker"": ""I noticed Vaulta.io has been expanding its team this year."", ""value_angle"": ""We could speed up KYC onboarding so fewer good customers drop off.""}",0
a358588dc9af,Freightly.io,VP of Sales,"Yokohama, Japan",https://linkedin.com/freightly-raises-99m-seriesa,Announced £9.9M Series A financing in 2024,sakura.sasaki@freightly.com,google,True,96,hot,"{""recent_news"": ""Freightly.io announced a strategic partnership in 2024 to broaden distribution."", ""person_highlights"": ""Sakura Sasaki co-founded Freightly.io and now serves as VP of Sales."", ""company_challenge"": ""The company is focused on optimizing last-mile routing to cut delivery cost."", ""tech_stack"": ""Kafka-based event tracking with a react dashboard"", ""icebreaker"": ""I noticed Freightly.io has been expanding its team this year."", ""value_angle"": ""We could cut last-mile cost with smarter route optimization.""}",1
3a52e442c82a,Solena Commerce,CMO,"Vancouver, Canada",https://businessinsider.com/solena-raises-628m-seriesb,Closed a €62.8M Series B round in 2025,sophia@solena.io,hunter,True,14,cold,,0
b5b2992dda52,Datapilot Cloud,Head of AI,"Belo Horizonte, Brazil",https://techcrunch.com/datapilot-raises-2629m-seriesc,Raised $262.9M in Series C funding in 2026,moliveira@datapilot.ai,google,True,20,cold,"{""recent_news"": ""Datapilot Cloud raised $262.9M in a Series C round in 2026."", ""person_highlights"": ""Mariana Oliveira, Head of AI at Datapilot Cloud, has spoken publicly about scaling engineering teams."", ""company_challenge"": ""The company is focused on turning a strong research demo into a reliable production platform."", ""tech_stack"": ""Python, pytorch, kubernetes, and a multi-tenant inference layer"", ""icebreaker"": ""I noticed Datapilot Cloud has been expanding its team this year."", ""value_angle"": ""We could accelerate their road from research prototype to production-grade platform.""}",0
60e40096efde,Settle,VP of Finance,Netherlands,https://businessinsider.com/settle-raises-06m-preseed,Closed a £0.6M pre-seed round in 2024,lars@settle.ai,pattern,False,59,warm,"{""recent_news"": ""Settle raised £0.6M in a pre-seed round in 2024."", ""person_highlights"": ""Lars de Groot co-founded Settle and now serves as VP of Finance."", ""company_challenge"": ""The company is focused on differentiating in a crowded payments market."", ""tech_stack"": ""Node.js, postgres, and a real-time fraud-scoring engine"", ""icebreaker"": ""Impressed by Settle's momentum since the pre-seed round."", ""value_angle"": ""We could speed up KYC onboarding so fewer good customers drop off.""}",1
811444dc898d,Payflow,Chief Marketing Officer,"Yokohama, Japan",https://tech.eu/payflow-raises-03m-preseed,Secured £0.3M (pre-seed) to accelerate growth,hiroshi.k@payflow.com,google,False,75,warm,"{""recent_news"": ""Payflow announced a strategic partnership in 2023 to broaden distribution."", ""person_highlights"": ""Hiroshi Kato joined Payflow as Chief Marketing Officer after senior roles at larger technology firms."", ""company_challenge"": ""The company is focused on meeting tightening compliance requirements across new markets."", ""tech_stack"": ""Node.js, postgres, and a real-time fraud-scoring engine"", ""icebreaker"": ""Impressed by Payflow's momentum since the pre-seed round."", ""value_angle"": ""We could speed up KYC onboarding so fewer good customers drop off.""}",1
726adaf58784,Conveyo Freight,Head of Digital,Sweden,https://sifted.eu/conveyo-raises-2965m-seriesc,Secured €296.5M (Series C) to accelerate growth,sara.holm@conveyo.io,google,True,25,cold,"{""recent_news"": ""Conveyo Freight raised €296.5M in a Series C round in 2025."", ""person_highlights"": ""Sara Holm, Head of Digital at Conveyo Freight, has spoken publicly about scaling engineering teams."", ""company_challenge"": ""The company is focused on optimizing last-mile routing to cut delivery cost."", ""tech_stack"": ""A .net tms integrated with carrier edi feeds"", ""icebreaker"": ""Saw that Conveyo Freight recently shipped a notable product update."", ""value_angle"": ""We could give shippers real-time tracking that reduces support tickets.""}",0
f47eee18a8cd,Vesta Stores,Head of Retail Media (Digital),India,https://theverge.com/vesta-raises-2146m-seriesc,Closed a £214.6M Series C round in 2025,rahul.chopra@vesta.io,google,False,86,hot,"{""recent_news"": ""Vesta Stores raised £214.6M in a Series C round in 2025."", ""person_highlights"": ""Rahul Chopra joined Vesta Stores as Head of Retail Media (Digital) after senior roles at larger technology firms."", ""company_challenge"": ""The company is focused on unifying online and in-store customer data into one view."", ""tech_stack"": ""A homegrown commerce stack on aws with a snowflake warehouse"", ""icebreaker"": ""I noticed Vesta Stores has been expanding its team this year."", ""value_angle"": ""We could unify their customer data so campaigns target the right shoppers.""}",0
7a9a59c399c3,Stowe Logistics,Head of Digital,"São Paulo, Brazil",https://theverge.com/stowe-raises-1949m-seriesc,Announced €194.9M Series C financing in 2023,beatriz.almeida@stowe.ai,google,True,86,hot,"{""recent_news"": ""Stowe Logistics announced a strategic partnership in 2023 to broaden distribution."", ""person_highlights"": ""Beatriz Almeida co-founded Stowe Logistics and now serves as Head of Digital."", ""company_challenge"": ""The company is focused on giving customers real-time visibility into shipments."", ""tech_stack"": ""A route-optimization engine in python with postgis"", ""icebreaker"": ""Impressed by Stowe Logistics's momentum since the Series C round."", ""value_angle"": ""We could give shippers real-time tracking that reduces support tickets.""}",0
dc8af1c7cb4b,Coinbridge Pay,VP of Sales,Japan,https://businessinsider.com/coinbridge-raises-260m-seriesb,Closed a $26.0M Series B round in 2026,haruto.matsumoto@coinbridge.jp,google,False,59,warm,"{""recent_news"": ""Coinbridge Pay expanded into a new market in 2026 following its Series B raise."", ""person_highlights"": ""Haruto Matsumoto is the VP of Sales at Coinbridge Pay and leads its technology and product direction."", ""company_challenge"": ""The company is focused on scaling KYC onboarding while keeping conversion high."", ""tech_stack"": ""Node.js, postgres, and a real-time fraud-scoring engine"", ""icebreaker"": ""Congrats on Coinbridge Pay's $26.0M Series B round earlier in 2026."", ""value_angle"": ""We could give compliance teams audit-ready reporting out of the box.""}",1
4c7459efc93f,Riva Commerce,Chief Marketing Officer,"Delhi, India",https://businessinsider.com/riva-raises-07m-preseed,Announced £0.7M pre-seed financing in 2025,rahul.sharma@riva.in,google,True,100,hot,"{""recent_news"": ""Riva Commerce expanded into a new market in 2025 following its pre-seed raise."", ""person_highlights"": ""Rahul Sharma is the Chief Marketing Officer at Riva Commerce and leads its technology and product direction."", ""company_challenge"": ""The company is focused on personalizing offers without a clean first-party data foundation."", ""tech_stack"": ""Sap commerce with a headless react front end"", ""icebreaker"": ""Impressed by Riva Commerce's momentum since the pre-seed round."", ""value_angle"": ""We could tie loyalty data back to media spend for cleaner attribution.""}",0
4269994104bd,Dockly Systems,CTO,"Malmö, Sweden",https://techfundingnews.com/dockly-raises-581m-seriesb,Announced £58.1M Series B financing in 2024,eandersson@dockly.ai,pattern,False,76,warm,"{""recent_news"": ""Dockly Systems launched a new product line in 2024 aimed at enterprise customers."", ""person_highlights"": ""Emma Andersson, CTO at Dockly Systems, has spoken publicly about scaling engineering teams."", ""company_challenge"": ""The company is focused on digitizing a paper-heavy freight-booking process."", ""tech_stack"": ""Go services with a real-time telematics ingestion pipeline"", ""icebreaker"": ""I noticed Dockly Systems has been expanding its team this year."", ""value_angle"": ""We could cut last-mile cost with smarter route optimization.""}",0
5f586025cedb,Nimbus Labs,Head of AI,"Malmö, Sweden",https://techfundingnews.com/nimbus-raises-11m-preseed,Closed a £1.1M pre-seed round in 2025,info@nimbus.com,generic,False,19,cold,"{""recent_news"": ""Nimbus Labs raised £1.1M in a pre-seed round in 2025."", ""person_highlights"": ""Linnea Karlsson co-founded Nimbus Labs and now serves as Head of AI."", ""company_challenge"": ""The company is focused on expanding from a single-product wedge into a broader platform."", ""tech_stack"": ""Python, pytorch, kubernetes, and a multi-tenant inference layer"", ""icebreaker"": ""Saw that Nimbus Labs recently shipped a notable product update."", ""value_angle"": ""We could help them cut inference costs while keeping latency low at enterprise scale.""}",0
93f6c9ab182d,Atelier & Co,Head of Retail Media (Digital),"Utrecht, Netherlands",https://businessinsider.com/atelier-raises-2685m-seriesc,Raised €268.5M in Series C funding in 2024,ruben@atelier.ai,google,True,96,hot,"{""recent_news"": ""Atelier & Co raised €268.5M in a Series C round in 2024."", ""person_highlights"": ""Ruben Meijer, Head of Retail Media (Digital) at Atelier & Co, has spoken publicly about scaling engineering teams."", ""company_challenge"": ""The company is focused on growing retail-media revenue from its e-commerce traffic."", ""tech_stack"": ""A shopify plus storefront with a custom cdp integration"", ""icebreaker"": ""I noticed Atelier & Co has been expanding its team this year."", ""value_angle"": ""We could stand up a retail-media offering that monetizes existing traffic.""}",0
16076cbba350,Equora Bank,HR Manager,"Bangalore, India",https://tech.eu/equora-raises-07m-preseed,Announced €0.7M pre-seed financing in 2024,skumar@equora.io,hunter,False,89,hot,,1
145e4bf582a7,Fundwise Capital,CMO,"Madrid, Spain",https://sifted.eu/fundwise-raises-717m-seriesb,Closed a $71.7M Series B round in 2024,diego@fundwise.io,google,False,97,hot,,0
b77f8e9052ba,Caretrack Med,CTO,"Sydney, Australia",https://businessinsider.com/caretrack-raises-1771m-seriesc,Raised £177.1M in Series C funding in 2026,ckelly@caretrack.com.au,google,False,94,hot,"{""recent_news"": ""Caretrack Med launched a new product line in 2026 aimed at enterprise customers."", ""person_highlights"": ""Charlotte Kelly co-founded Caretrack Med and now serves as CTO."", ""company_challenge"": ""The company is focused on meeting strict data-privacy rules while integrating hospital systems."", ""tech_stack"": ""A react native app backed by a node.js care-coordination api"", ""icebreaker"": ""Impressed by Caretrack Med's momentum since the Series C round."", ""value_angle"": ""We could keep patient data compliant while enabling analytics.""}",1
6075faec4fc5,Loop Cloud,Chief Technology Officer,"Amsterdam, Netherlands",https://reuters.com/loop-raises-11m-preseed,Secured €1.1M (pre-seed) to accelerate growth,ssmit@loop.ai,google,True,58,warm,"{""recent_news"": ""Loop Cloud announced a strategic partnership in 2025 to broaden distribution."", ""person_highlights"": ""Sven Smit is the Chief Technology Officer at Loop Cloud and leads its technology and product direction."", ""company_challenge"": ""The company is focused on turning a strong research demo into a reliable production platform."", ""tech_stack"": ""Typescript, postgres, and a ray-based training pipeline"", ""icebreaker"": ""Saw that Loop Cloud recently shipped a notable product update."", ""value_angle"": ""We could accelerate their road from research prototype to production-grade platform.""}",1
d4a696302a67,Tensor Systems,Chief Technology Officer,"Rio de Janeiro, Brazil",https://tech.eu/tensor-raises-310m-seriesb,Announced €31.0M Series B financing in 2025,ana.martins@tensor.io,google,False,62,warm,,0
d761bb56d9c4,Boutiq & Co,Chief Marketing Officer,Japan,https://techinasia.com/boutiq-raises-19m-seed,Secured €1.9M (seed) to accelerate growth,syamamoto@boutiq.io,google,False,70,warm,"{""recent_news"": ""Boutiq & Co raised €1.9M in a seed round in 2026."", ""person_highlights"": ""Sakura Yamamoto co-founded Boutiq & Co and now serves as Chief Marketing Officer."", ""company_challenge"": ""The company is focused on personalizing offers without a clean first-party data foundation."", ""tech_stack"": ""Sap commerce with a headless react front end"", ""icebreaker"": ""Impressed by Boutiq & Co's momentum since the seed round."", ""value_angle"": ""We could unify their customer data so campaigns target the right shoppers.""}",0
e9d460d69e86,Welbe,HR Director,"Montreal, Canada",https://sifted.eu/welbe-raises-2408m-seriesc,Closed a $240.8M Series C round in 2024,nathan@welbe.com,google,True,57,warm,,1
ddeffb6f6fc1,Boutiq & Co,VP Sales,"Belo Horizonte, Brazil",https://techfundingnews.com/boutiq-raises-08m-preseed,Closed a $0.8M pre-seed round in 2025,cmartins@boutiq.br,pattern,False,31,cold,"{""recent_news"": ""Boutiq & Co launched a new product line in 2025 aimed at enterprise customers."", ""person_highlights"": ""Carla Martins is the VP Sales at Boutiq & Co and leads its technology and product direction."", ""company_challenge"": ""The company is focused on improving e-commerce conversion on mobile."", ""tech_stack"": ""Salesforce commerce cloud and a segment data layer"", ""icebreaker"": ""Congrats on Boutiq & Co's $0.8M pre-seed round earlier in 2025."", ""value_angle"": ""We could stand up a retail-media offering that monetizes existing traffic.""}",0
3f4f10e73361,Equora Pay,VP of Finance,"Tokyo, Japan",https://techinasia.com/equora-raises-78m-seed,Closed a $7.8M seed round in 2024,aoi.sasaki@equora.jp,google,True,89,hot,,1
69eaa4d9f7d1,Cargopath Logistics,Head of Digital,"Amsterdam, Netherlands",https://tech.eu/cargopath-raises-09m-preseed,Secured €0.9M (pre-seed) to accelerate growth,sanne.d@cargopath.com,pattern,False,86,hot,,0
cab6fc36e449,Nimbus Labs,APAC Vice President of Sales,"Osaka, Japan",https://sifted.eu/nimbus-raises-12m-preseed,Announced €1.2M pre-seed financing in 2024,kenji.sasaki@nimbus.ai,hunter,True,54,warm,"{""recent_news"": ""Nimbus Labs announced a strategic partnership in 2024 to broaden distribution."", ""person_highlights"": ""Kenji Sasaki, APAC Vice President of Sales at Nimbus Labs, has spoken publicly about scaling engineering teams."", ""company_challenge"": ""The company is focused on expanding from a single-product wedge into a broader platform."", ""tech_stack"": ""Python, pytorch, kubernetes, and a multi-tenant inference layer"", ""icebreaker"": ""Saw that Nimbus Labs recently shipped a notable product update."", ""value_angle"": ""We could accelerate their road from research prototype to production-grade platform.""}",1
d1726e9f6688,Clinova Bio,Chief Technology Officer,"Sydney, Australia",https://theverge.com/clinova-raises-13m-preseed,Raised £1.3M in pre-seed funding in 2023,william.nguyen@clinova.com,google,True,81,warm,"{""recent_news"": ""Clinova Bio launched a new product line in 2023 aimed at enterprise customers."", ""person_highlights"": ""William Nguyen is the Chief Technology Officer at Clinova Bio and leads its technology and product direction."", ""company_challenge"": ""The company is focused on meeting strict data-privacy rules while integrating hospital systems."", ""tech_stack"": ""A react native app backed by a node.js care-coordination api"", ""icebreaker"": ""Congrats on Clinova Bio's £1.3M pre-seed round earlier in 2023."", ""value_angle"": ""We could reduce clinician admin time with automated documentation.""}",0
cc768f8cbf41,Welbe Health,Chief Technology Officer,"Yokohama, Japan",https://linkedin.com/welbe-raises-127m-seriesa,Raised £12.7M in Series A funding in 2026,ren@welbe.io,google,True,26,cold,"{""recent_news"": ""Welbe Health announced a strategic partnership in 2026 to broaden distribution."", ""person_highlights"": ""Ren Suzuki joined Welbe Health as Chief Technology Officer after senior roles at larger technology firms."", ""company_challenge"": ""The company is focused on getting interoperability across legacy EHR systems."", ""tech_stack"": ""Python services with an hl7 integration layer"", ""icebreaker"": ""Saw that Welbe Health recently shipped a notable product update."", ""value_angle"": ""We could keep patient data compliant while enabling analytics.""}",0
3c5949804d41,Brightloop.ai,Country HR Director,"Montreal, Canada",https://sifted.eu/brightloop-raises-1516m-seriesc,Secured €151.6M (Series C) to accelerate growth,,,False,67,warm,"{""recent_news"": ""Brightloop.ai raised €151.6M in a Series C round in 2024."", ""person_highlights"": ""Connor Taylor joined Brightloop.ai as Country HR Director after senior roles at larger technology firms."", ""company_challenge"": ""The company is focused on scaling its model-serving infrastructure to enterprise traffic."", ""tech_stack"": ""Go microservices with a vector database for retrieval"", ""icebreaker"": ""Impressed by Brightloop.ai's momentum since the Series C round."", ""value_angle"": ""We could help them cut inference costs while keeping latency low at enterprise scale.""}",0
b4f0cd59c09e,Conveyo.io,Head of Digital,"Tokyo, Japan",https://crunchbase.com/conveyo-raises-398m-seriesb,Closed a $39.8M Series B round in 2026,rin@conveyo.io,google,False,33,cold,"{""recent_news"": ""Conveyo.io raised $39.8M in a Series B round in 2026."", ""person_highlights"": ""Rin Yoshida co-founded Conveyo.io and now serves as Head of Digital."", ""company_challenge"": ""The company is focused on giving customers real-time visibility into shipments."", ""tech_stack"": ""Go services with a real-time telematics ingestion pipeline"", ""icebreaker"": ""Impressed by Conveyo.io's momentum since the Series B round."", ""value_angle"": ""We could give shippers real-time tracking that reduces support tickets.""}",0
b86484400961,Nimbo Systems,Chief Technology Officer,"Tokyo, Japan",https://linkedin.com/nimbo-raises-459m-seriesb,Closed a £45.9M Series B round in 2024,kenji.k@nimbo.io,google,False,85,hot,"{""recent_news"": ""Nimbo Systems expanded into a new market in 2024 following its Series B raise."", ""person_highlights"": ""Kenji Kato co-founded Nimbo Systems and now serves as Chief Technology Officer."", ""company_challenge"": ""The company is focused on forecasting demand to balance warehouse capacity."", ""tech_stack"": ""Kafka-based event tracking with a react dashboard"", ""icebreaker"": ""Congrats on Nimbo Systems's £45.9M Series B round earlier in 2024."", ""value_angle"": ""We could digitize freight booking to remove manual back-and-forth.""}",1
e09adb856302,Lastmile Freight,CTO,"Gothenburg, Sweden",https://businessinsider.com/lastmile-raises-2400m-seriesc,Announced £240.0M Series C financing in 2025,erik.j@lastmile.io,pattern,False,79,warm,"{""recent_news"": ""Lastmile Freight launched a new product line in 2025 aimed at enterprise customers."", ""person_highlights"": ""Erik Johansson co-founded Lastmile Freight and now serves as CTO."", ""company_challenge"": ""The company is focused on giving customers real-time visibility into shipments."", ""tech_stack"": ""A route-optimization engine in python with postgis"", ""icebreaker"": ""I noticed Lastmile Freight has been expanding its team this year."", ""value_angle"": ""We could cut last-mile cost with smarter route optimization.""}",0
e01974b40904,Streamline Bank,CMO,"Osaka, Japan",https://tech.eu/streamline-raises-246m-seriesa,Closed a €24.6M Series A round in 2024,hsasaki@streamline.com,scraping,False,75,warm,"{""recent_news"": ""Streamline Bank launched a new product line in 2024 aimed at enterprise customers."", ""person_highlights"": ""Hiroshi Sasaki, CMO at Streamline Bank, has spoken publicly about scaling engineering teams."", ""company_challenge"": ""The company is focused on differentiating in a crowded payments market."", ""tech_stack"": ""Node.js, postgres, and a real-time fraud-scoring engine"", ""icebreaker"": ""Saw that Streamline Bank recently shipped a notable product update."", ""value_angle"": ""We could speed up KYC onboarding so fewer good customers drop off.""}",1
2945dfd077f7,Quantal AI,CTO,"Tokyo, Japan",https://linkedin.com/quantal-raises-05m-preseed,Secured £0.5M (pre-seed) to accelerate growth,rin.sato@quantal.jp,google,True,52,warm,"{""recent_news"": ""Quantal AI expanded into a new market in 2025 following its pre-seed raise."", ""person_highlights"": ""Rin Sato joined Quantal AI as CTO after senior roles at larger technology firms."", ""company_challenge"": ""The company is focused on expanding from a single-product wedge into a broader platform."", ""tech_stack"": ""Python, pytorch, kubernetes, and a multi-tenant inference layer"", ""icebreaker"": ""I noticed Quantal AI has been expanding its team this year."", ""value_angle"": ""We could accelerate their road from research prototype to production-grade platform.""}",1
9d751d4ffbd6,Payflow Pay,APAC Vice President of Sales,"Tokyo, Japan",https://techfundingnews.com/payflow-raises-38m-seed,Raised £3.8M in seed funding in 2024,hello@payflow.com,generic,False,89,hot,"{""recent_news"": ""Payflow Pay raised £3.8M in a seed round in 2024."", ""person_highlights"": ""Hiroshi Inoue, APAC Vice President of Sales at Payflow Pay, has spoken publicly about scaling engineering teams."", ""company_challenge"": ""The company is focused on reducing payment fraud without adding checkout friction."", ""tech_stack"": "".net microservices with a rules engine for compliance"", ""icebreaker"": ""Impressed by Payflow Pay's momentum since the seed round."", ""value_angle"": ""We could lower their fraud rate while protecting conversion at checkout.""}",0
443fafe47d62,Oncora Health,HR Manager,Spain,https://sifted.eu/oncora-raises-1354m-seriesc,Raised €135.4M in Series C funding in 2025,marco@oncora.es,google,False,19,cold,"{""recent_news"": ""Oncora Health expanded into a new market in 2025 following its Series C raise."", ""person_highlights"": ""Marco Romero co-founded Oncora Health and now serves as HR Manager."", ""company_challenge"": ""The company is focused on reducing clinician admin burden with better tooling."", ""tech_stack"": ""A data platform on gcp feeding clinical decision support"", ""icebreaker"": ""Impressed by Oncora Health's momentum since the Series C round."", ""value_angle"": ""We could reduce clinician admin time with automated documentation.""}",0
fee56a8fe5a0,Quantal Labs,CTO,"Montreal, Canada",https://techfundingnews.com/quantal-raises-1339m-seriesc,Announced €133.9M Series C financing in 2024,emma.c@quantal.ai,google,False,27,cold,"{""recent_news"": ""Quantal Labs announced a strategic partnership in 2024 to broaden distribution."", ""person_highlights"": ""Emma Chan is the CTO at Quantal Labs and leads its technology and product direction."", ""company_challenge"": ""The company is focused on turning a strong research demo into a reliable production platform."", ""tech_stack"": ""Python, pytorch, kubernetes, and a multi-tenant inference layer"", ""icebreaker"": ""Saw that Quantal Labs recently shipped a notable product update."", ""value_angle"": ""We could accelerate their road from research prototype to production-grade platform.""}",0
602fe077f488,Mindstack,Head of AI,"Rotterdam, Netherlands",https://techfundingnews.com/mindstack-raises-30m-seed,Closed a £3.0M seed round in 2025,tim.s@mindstack.io,google,False,82,warm,"{""recent_news"": ""Mindstack announced a strategic partnership in 2025 to broaden distribution."", ""person_highlights"": ""Tim Smit, Head of AI at Mindstack, has spoken publicly about scaling engineering teams."", ""company_challenge"": ""The company is focused on reducing inference latency while controlling GPU spend."", ""tech_stack"": ""A gpu-accelerated training stack on aws with custom orchestration"", ""icebreaker"": ""I noticed Mindstack has been expanding its team this year."", ""value_angle"": ""We could accelerate their road from research prototype to production-grade platform.""}",0
d28da333dd4d,Cascade AI,Head of AI,"Montreal, Canada",https://sifted.eu/cascade-raises-04m-preseed,Secured £0.4M (pre-seed) to accelerate growth,liam.brown@cascade.ai,google,False,64,warm,,0
16f33822b250,Loop Cloud,Head of AI,Sweden,https://tech.eu/loop-raises-387m-seriesb,Secured $38.7M (Series B) to accelerate growth,keriksson@loop.io,google,False,78,warm,"{""recent_news"": ""Loop Cloud raised $38.7M in a Series B round in 2025."", ""person_highlights"": ""Klara Eriksson, Head of AI at Loop Cloud, has spoken publicly about scaling engineering teams."", ""company_challenge"": ""The company is focused on reducing inference latency while controlling GPU spend."", ""tech_stack"": ""Python, pytorch, kubernetes, and a multi-tenant inference layer"", ""icebreaker"": ""Impressed by Loop Cloud's momentum since the Series B round."", ""value_angle"": ""We could help them cut inference costs while keeping latency low at enterprise scale.""}",1
d550c141870e,Yield,Chief Marketing Officer,"Hyderabad, India",https://sifted.eu/yield-raises-233m-seriesa,Raised $23.3M in Series A funding in 2025,agupta@yield.ai,pattern,False,85,hot,"{""recent_news"": ""Yield raised $23.3M in a Series A round in 2025."", ""person_highlights"": ""Ananya Gupta, Chief Marketing Officer at Yield, has spoken publicly about scaling engineering teams."", ""company_challenge"": ""The company is focused on reducing payment fraud without adding checkout friction."", ""tech_stack"": ""Go, grpc, and an event-sourced transaction core"", ""icebreaker"": ""Congrats on Yield's $23.3M Series A round earlier in 2025."", ""value_angle"": ""We could sharpen their go-to-market message in a crowded category.""}",1
d3991e41d7a1,Northpay,Head of Digital,"Belo Horizonte, Brazil",https://techinasia.com/northpay-raises-669m-seriesb,Secured $66.9M (Series B) to accelerate growth,mariana.a@northpay.ai,pattern,False,84,warm,"{""recent_news"": ""Northpay expanded into a new market in 2023 following its Series B raise."", ""person_highlights"": ""Mariana Araujo, Head of Digital at Northpay, has spoken publicly about scaling engineering teams."", ""company_challenge"": ""The company is focused on reducing payment fraud without adding checkout friction."", ""tech_stack"": ""Java, kafka, and a pci-compliant ledger service"", ""icebreaker"": ""I noticed Northpay has been expanding its team this year."", ""value_angle"": ""We could give compliance teams audit-ready reporting out of the box.""}",0
46ec3b75488e,Replio,Regional Vice President of Sales,"Gothenburg, Sweden",https://tech.eu/replio-raises-53m-seed,Secured £5.3M (seed) to accelerate growth,frida.p@replio.ai,google,False,89,hot,"{""recent_news"": ""Replio expanded into a new market in 2024 following its seed raise."", ""person_highlights"": ""Frida Persson joined Replio as Regional Vice President of Sales after senior roles at larger technology firms."", ""company_challenge"": ""The company is focused on expanding from a single-product wedge into a broader platform."", ""tech_stack"": ""A gpu-accelerated training stack on aws with custom orchestration"", ""icebreaker"": ""I noticed Replio has been expanding its team this year."", ""value_angle"": ""We could help them cut inference costs while keeping latency low at enterprise scale.""}",0
e3bf123f59c4,Brightloop Labs,Country HR Director,"São Paulo, Brazil",https://businessinsider.com/brightloop-raises-51m-seed,Raised €5.1M in seed funding in 2023,beatriz.c@brightloop.br,pattern,True,75,warm,"{""recent_news"": ""Brightloop Labs announced a strategic partnership in 2023 to broaden distribution."", ""person_highlights"": ""Beatriz Costa is the Country HR Director at Brightloop Labs and leads its technology and product direction."", ""company_challenge"": ""The company is focused on turning a strong research demo into a reliable production platform."", ""tech_stack"": ""Go microservices with a vector database for retrieval"", ""icebreaker"": ""Congrats on Brightloop Labs's €5.1M seed round earlier in 2023."", ""value_angle"": ""We could automate evaluation so they can ship model updates with confidence.""}",1
bdf0990b7a7e,Streamline Finance,CTO,"Sydney, Australia",https://tech.eu/streamline-raises-112m-seriesa,Closed a €11.2M Series A round in 2026,,,False,61,warm,"{""recent_news"": ""Streamline Finance launched a new product line in 2026 aimed at enterprise customers."", ""person_highlights"": ""Olivia Martin, CTO at Streamline Finance, has spoken publicly about scaling engineering teams."", ""company_challenge"": ""The company is focused on differentiating in a crowded payments market."", ""tech_stack"": ""Node.js, postgres, and a real-time fraud-scoring engine"", ""icebreaker"": ""Saw that Streamline Finance recently shipped a notable product update."", ""value_angle"": ""We could give compliance teams audit-ready reporting out of the box.""}",0
f90a62851ba7,Glide,HR Director,"Rotterdam, Netherlands",https://tech.eu/glide-raises-26m-seed,Announced $2.6M seed financing in 2025,femke.j@glide.ai,pattern,False,87,hot,"{""recent_news"": ""Glide announced a strategic partnership in 2025 to broaden distribution."", ""person_highlights"": ""Femke Jansen co-founded Glide and now serves as HR Director."", ""company_challenge"": ""The company is focused on reducing inference latency while controlling GPU spend."", ""tech_stack"": ""Typescript, postgres, and a ray-based training pipeline"", ""icebreaker"": ""Saw that Glide recently shipped a notable product update."", ""value_angle"": ""We could help them cut inference costs while keeping latency low at enterprise scale.""}",1
23604b037b18,Castello Stores,VP Sales,"Barcelona, Spain",https://theverge.com/castello-raises-81m-seriesa,Secured €8.1M (Series A) to accelerate growth,carlos.castro@castello.io,google,False,10,cold,"{""recent_news"": ""Castello Stores raised €8.1M in a Series A round in 2025."", ""person_highlights"": ""Carlos Castro, VP Sales at Castello Stores, has spoken publicly about scaling engineering teams."", ""company_challenge"": ""The company is focused on growing retail-media revenue from its e-commerce traffic."", ""tech_stack"": ""A homegrown commerce stack on aws with a snowflake warehouse"", ""icebreaker"": ""I noticed Castello Stores has been expanding its team this year."", ""value_angle"": ""We could tie loyalty data back to media spend for cleaner attribution.""}",0
25247099ec00,Vesta Commerce,Head of Digital,"Brisbane, Australia",https://techinasia.com/vesta-raises-59m-seed,Raised $5.9M in seed funding in 2025,ruby@vesta.com,pattern,True,1,cold,"{""recent_news"": ""Vesta Commerce launched a new product line in 2025 aimed at enterprise customers."", ""person_highlights"": ""Ruby Walker co-founded Vesta Commerce and now serves as Head of Digital."", ""company_challenge"": ""The company is focused on personalizing offers without a clean first-party data foundation."", ""tech_stack"": ""Sap commerce with a headless react front end"", ""icebreaker"": ""Impressed by Vesta Commerce's momentum since the seed round."", ""value_angle"": ""We could tie loyalty data back to media spend for cleaner attribution.""}",0
add5355e79c6,Mindstack Systems,Head of Sales,"Amsterdam, Netherlands",https://crunchbase.com/mindstack-raises-2800m-seriesc,Raised £280.0M in Series C funding in 2025,bram@mindstack.io,pattern,True,88,hot,"{""recent_news"": ""Mindstack Systems announced a strategic partnership in 2025 to broaden distribution."", ""person_highlights"": ""Bram Meijer joined Mindstack Systems as Head of Sales after senior roles at larger technology firms."", ""company_challenge"": ""The company is focused on scaling its model-serving infrastructure to enterprise traffic."", ""tech_stack"": ""Python, pytorch, kubernetes, and a multi-tenant inference layer"", ""icebreaker"": ""Impressed by Mindstack Systems's momentum since the Series C round."", ""value_angle"": ""We could automate evaluation so they can ship model updates with confidence.""}",1
01924192cdf0,Remedo Med,Chief Technology Officer,"Hyderabad, India",https://tech.eu/remedo-raises-100m-seriesa,Announced €10.0M Series A financing in 2024,,,False,91,hot,"{""recent_news"": ""Remedo Med expanded into a new market in 2024 following its Series A raise."", ""person_highlights"": ""Sneha Patel is the Chief Technology Officer at Remedo Med and leads its technology and product direction."", ""company_challenge"": ""The company is focused on reducing clinician admin burden with better tooling."", ""tech_stack"": ""Python services with an hl7 integration layer"", ""icebreaker"": ""Saw that Remedo Med recently shipped a notable product update."", ""value_angle"": ""We could scale their telehealth platform to handle demand spikes.""}",1
3bfc1576734c,Maison Group,APAC Vice President of Sales,"Toronto, Canada",https://techcrunch.com/maison-raises-32m-seed,Announced $3.2M seed financing in 2024,jlee@maison.io,google,False,7,cold,"{""recent_news"": ""Maison Group announced a strategic partnership in 2024 to broaden distribution."", ""person_highlights"": ""Jacob Lee is the APAC Vice President of Sales at Maison Group and leads its technology and product direction."", ""company_challenge"": ""The company is focused on unifying online and in-store customer data into one view."", ""tech_stack"": ""A homegrown commerce stack on aws with a snowflake warehouse"", ""icebreaker"": ""Congrats on Maison Group's $3.2M seed round earlier in 2024."", ""value_angle"": ""We could unify their customer data so campaigns target the right shoppers.""}",0
57249470c0d1,Forma,VP of Engineering,Canada,https://businessinsider.com/forma-raises-05m-preseed,Announced $0.5M pre-seed financing in 2026,acote@forma.io,google,True,86,hot,"{""recent_news"": ""Forma announced a strategic partnership in 2026 to broaden distribution."", ""person_highlights"": ""Aiden Cote co-founded Forma and now serves as VP of Engineering."", ""company_challenge"": ""The company is focused on reducing inference latency while controlling GPU spend."", ""tech_stack"": ""Python, pytorch, kubernetes, and a multi-tenant inference layer"", ""icebreaker"": ""Saw that Forma recently shipped a notable product update."", ""value_angle"": ""We could give them observability across model pipelines and dependencies.""}",1
fd87d54311b0,Loop Systems,HR Manager,India,https://techinasia.com/loop-raises-16m-seed,Raised €1.6M in seed funding in 2025,sneha.m@loop.io,pattern,True,82,warm,"{""recent_news"": ""Loop Systems expanded into a new market in 2025 following its seed raise."", ""person_highlights"": ""Sneha Menon, HR Manager at Loop Systems, has spoken publicly about scaling engineering teams."", ""company_challenge"": ""The company is focused on expanding from a single-product wedge into a broader platform."", ""tech_stack"": ""Go microservices with a vector database for retrieval"", ""icebreaker"": ""Congrats on Loop Systems's €1.6M seed round earlier in 2025."", ""value_angle"": ""We could give them observability across model pipelines and dependencies.""}",0
d0c32558bea4,Etoile Retail,Chief Marketing Officer,"Stockholm, Sweden",https://linkedin.com/etoile-raises-07m-preseed,Secured £0.7M (pre-seed) to accelerate growth,lholm@etoile.se,google,True,9,cold,"{""recent_news"": ""Etoile Retail expanded into a new market in 2024 following its pre-seed raise."", ""person_highlights"": ""Lars Holm, Chief Marketing Officer at Etoile Retail, has spoken publicly about scaling engineering teams."", ""company_challenge"": ""The company is focused on growing retail-media revenue from its e-commerce traffic."", ""tech_stack"": ""Salesforce commerce cloud and a segment data layer"", ""icebreaker"": ""Congrats on Etoile Retail's £0.7M pre-seed round earlier in 2024."", ""value_angle"": ""We could stand up a retail-media offering that monetizes existing traffic.""}",0
c4a774de8d34,Healspan Med,Chief Technology Officer,"Belo Horizonte, Brazil",https://techfundingnews.com/healspan-raises-05m-preseed,Secured £0.5M (pre-seed) to accelerate growth,juliana.l@healspan.com,google,True,90,hot,"{""recent_news"": ""Healspan Med launched a new product line in 2026 aimed at enterprise customers."", ""person_highlights"": ""Juliana Lima is the Chief Technology Officer at Healspan Med and leads its technology and product direction."", ""company_challenge"": ""The company is focused on scaling a telehealth platform to handle peak demand."", ""tech_stack"": ""A hipaa-compliant stack on azure with fhir apis"", ""icebreaker"": ""I noticed Healspan Med has been expanding its team this year."", ""value_angle"": ""We could scale their telehealth platform to handle demand spikes.""}",1
9726c3ceed25,Therapie.health,CTO,"Hyderabad, India",https://sifted.eu/therapie-raises-06m-preseed,Announced £0.6M pre-seed financing in 2025,sjoshi@therapie.ai,google,False,92,hot,"{""recent_news"": ""Therapie.health launched a new product line in 2025 aimed at enterprise customers."", ""person_highlights"": ""Sanjay Joshi is the CTO at Therapie.health and leads its technology and product direction."", ""company_challenge"": ""The company is focused on scaling a telehealth platform to handle peak demand."", ""tech_stack"": ""Python services with an hl7 integration layer"", ""icebreaker"": ""Congrats on Therapie.health's £0.6M pre-seed round earlier in 2025."", ""value_angle"": ""We could make EHR integration faster so onboarding new clinics is painless.""}",1
ddbdb0fbb296,Nimbus,Country HR Director,"Mumbai, India",https://techcrunch.com/nimbus-raises-2294m-seriesc,Closed a €229.4M Series C round in 2024,riya@nimbus.io,hunter,False,83,warm,"{""recent_news"": ""Nimbus raised €229.4M in a Series C round in 2024."", ""person_highlights"": ""Riya Sharma is the Country HR Director at Nimbus and leads its technology and product direction."", ""company_challenge"": ""The company is focused on turning a strong research demo into a reliable production platform."", ""tech_stack"": ""A gpu-accelerated training stack on aws with custom orchestration"", ""icebreaker"": ""Impressed by Nimbus's momentum since the Series C round."", ""value_angle"": ""We could give them observability across model pipelines and dependencies.""}",0
97695040bb45,Medly Care,People Operations Lead,"Brisbane, Australia",https://theverge.com/medly-raises-172m-seriesa,Closed a €17.2M Series A round in 2025,mia@medly.com.au,google,False,75,warm,"{""recent_news"": ""Medly Care expanded into a new market in 2025 following its Series A raise."", ""person_highlights"": ""Mia Taylor, People Operations Lead at Medly Care, has spoken publicly about scaling engineering teams."", ""company_challenge"": ""The company is focused on getting interoperability across legacy EHR systems."", ""tech_stack"": ""A hipaa-compliant stack on azure with fhir apis"", ""icebreaker"": ""Saw that Medly Care recently shipped a notable product update."", ""value_angle"": ""We could keep patient data compliant while enabling analytics.""}",0
a133e608c0bb,Equora Finance,Chief Marketing Officer,"Mumbai, India",https://linkedin.com/equora-raises-04m-preseed,Closed a $0.4M pre-seed round in 2025,sanjay@equora.io,google,False,39,cold,"{""recent_news"": ""Equora Finance launched a new product line in 2025 aimed at enterprise customers."", ""person_highlights"": ""Sanjay Iyer, Chief Marketing Officer at Equora Finance, has spoken publicly about scaling engineering teams."", ""company_challenge"": ""The company is focused on reducing payment fraud without adding checkout friction."", ""tech_stack"": ""Node.js, postgres, and a real-time fraud-scoring engine"", ""icebreaker"": ""I noticed Equora Finance has been expanding its team this year."", ""value_angle"": ""We could lower their fraud rate while protecting conversion at checkout.""}",0
1d2234157a4d,Riva Stores,Head of Digital,"Gothenburg, Sweden",https://crunchbase.com/riva-raises-90m-seriesa,Announced £9.0M Series A financing in 2025,elin.sandberg@riva.ai,google,False,77,warm,"{""recent_news"": ""Riva Stores announced a strategic partnership in 2025 to broaden distribution."", ""person_highlights"": ""Elin Sandberg joined Riva Stores as Head of Digital after senior roles at larger technology firms."", ""company_challenge"": ""The company is focused on unifying online and in-store customer data into one view."", ""tech_stack"": ""Salesforce commerce cloud and a segment data layer"", ""icebreaker"": ""Congrats on Riva Stores's £9.0M Series A round earlier in 2025."", ""value_angle"": ""We could stand up a retail-media offering that monetizes existing traffic.""}",1
2b2f3d7a6d02,Glide Labs,VP of Engineering,"Belo Horizonte, Brazil",https://sifted.eu/glide-raises-95m-seriesa,Announced €9.5M Series A financing in 2023,beatriz@glide.com,hunter,False,89,hot,,0
a00d1b9d2d8c,Riva Retail,CMO,"São Paulo, Brazil",https://linkedin.com/riva-raises-05m-preseed,Closed a $0.5M pre-seed round in 2024,juliana@riva.io,google,True,59,warm,"{""recent_news"": ""Riva Retail raised $0.5M in a pre-seed round in 2024."", ""person_highlights"": ""Juliana Santos joined Riva Retail as CMO after senior roles at larger technology firms."", ""company_challenge"": ""The company is focused on growing retail-media revenue from its e-commerce traffic."", ""tech_stack"": ""A homegrown commerce stack on aws with a snowflake warehouse"", ""icebreaker"": ""Congrats on Riva Retail's $0.5M pre-seed round earlier in 2024."", ""value_angle"": ""We could tie loyalty data back to media spend for cleaner attribution.""}",1
ac11bce1a1b8,Nuvo Care,Chief Technology Officer,"Stockholm, Sweden",https://techinasia.com/nuvo-raises-14m-preseed,Announced €1.4M pre-seed financing in 2023,erik@nuvo.ai,pattern,False,86,hot,"{""recent_news"": ""Nuvo Care raised €1.4M in a pre-seed round in 2023."", ""person_highlights"": ""Erik Johansson joined Nuvo Care as Chief Technology Officer after senior roles at larger technology firms."", ""company_challenge"": ""The company is focused on scaling a telehealth platform to handle peak demand."", ""tech_stack"": ""Python services with an hl7 integration layer"", ""icebreaker"": ""Congrats on Nuvo Care's €1.4M pre-seed round earlier in 2023."", ""value_angle"": ""We could scale their telehealth platform to handle demand spikes.""}",1
a9f4e2d1644e,Vitalis Care,Chief Technology Officer,"Vancouver, Canada",https://techcrunch.com/vitalis-raises-684m-seriesb,Secured $68.4M (Series B) to accelerate growth,,,False,84,warm,"{""recent_news"": ""Vitalis Care raised $68.4M in a Series B round in 2024."", ""person_highlights"": ""Ethan Cote co-founded Vitalis Care and now serves as Chief Technology Officer."", ""company_challenge"": ""The company is focused on reducing clinician admin burden with better tooling."", ""tech_stack"": ""A react native app backed by a node.js care-coordination api"", ""icebreaker"": ""Impressed by Vitalis Care's momentum since the Series B round."", ""value_angle"": ""We could scale their telehealth platform to handle demand spikes.""}",0
93f24e2a2f3e,Cohera.ai,Head of AI,"Osaka, Japan",https://techcrunch.com/cohera-raises-04m-preseed,Raised £0.4M in pre-seed funding in 2025,rwatanabe@cohera.jp,google,False,12,cold,"{""recent_news"": ""Cohera.ai launched a new product line in 2025 aimed at enterprise customers."", ""person_highlights"": ""Rin Watanabe co-founded Cohera.ai and now serves as Head of AI."", ""company_challenge"": ""The company is focused on turning a strong research demo into a reliable production platform."", ""tech_stack"": ""A gpu-accelerated training stack on aws with custom orchestration"", ""icebreaker"": ""Congrats on Cohera.ai's £0.4M pre-seed round earlier in 2025."", ""value_angle"": ""We could automate evaluation so they can ship model updates with confidence.""}",0
1db8d727b925,Trackr Freight,Regional Vice President of Sales,Brazil,https://linkedin.com/trackr-raises-125m-seriesa,Secured £12.5M (Series A) to accelerate growth,joliveira@trackr.io,hunter,False,66,warm,"{""recent_news"": ""Trackr Freight expanded into a new market in 2025 following its Series A raise."", ""person_highlights"": ""Juliana Oliveira joined Trackr Freight as Regional Vice President of Sales after senior roles at larger technology firms."", ""company_challenge"": ""The company is focused on giving customers real-time visibility into shipments."", ""tech_stack"": ""A .net tms integrated with carrier edi feeds"", ""icebreaker"": ""I noticed Trackr Freight has been expanding its team this year."", ""value_angle"": ""We could give shippers real-time tracking that reduces support tickets.""}",0
e58944f49d9b,Quantal Labs,VP Sales,Canada,https://businessinsider.com/quantal-raises-193m-seriesa,Secured €19.3M (Series A) to accelerate growth,team@quantal.ai,generic,True,58,warm,"{""recent_news"": ""Quantal Labs launched a new product line in 2025 aimed at enterprise customers."", ""person_highlights"": ""Ava Chan co-founded Quantal Labs and now serves as VP Sales."", ""company_challenge"": ""The company is focused on turning a strong research demo into a reliable production platform."", ""tech_stack"": ""A gpu-accelerated training stack on aws with custom orchestration"", ""icebreaker"": ""Congrats on Quantal Labs's €19.3M Series A round earlier in 2025."", ""value_angle"": ""We could automate evaluation so they can ship model updates with confidence.""}",1
20d0134f34df,Mercato & Co,HR Manager,"Mumbai, India",https://linkedin.com/mercato-raises-90m-seriesa,Secured £9.0M (Series A) to accelerate growth,spillai@mercato.ai,pattern,True,85,hot,"{""recent_news"": ""Mercato & Co launched a new product line in 2024 aimed at enterprise customers."", ""person_highlights"": ""Sneha Pillai, HR Manager at Mercato & Co, has spoken publicly about scaling engineering teams."", ""company_challenge"": ""The company is focused on improving e-commerce conversion on mobile."", ""tech_stack"": ""Salesforce commerce cloud and a segment data layer"", ""icebreaker"": ""Impressed by Mercato & Co's momentum since the Series A round."", ""value_angle"": ""We could unify their customer data so campaigns target the right shoppers.""}",1
02d33d8278dc,Finova,Head of Digital,"Mumbai, India",https://theverge.com/finova-raises-40m-seed,Closed a €4.0M seed round in 2025,sneha.patel@finova.com,google,True,68,warm,"{""recent_news"": ""Finova launched a new product line in 2025 aimed at enterprise customers."", ""person_highlights"": ""Sneha Patel is the Head of Digital at Finova and leads its technology and product direction."", ""company_challenge"": ""The company is focused on reducing payment fraud without adding checkout friction."", ""tech_stack"": ""Go, grpc, and an event-sourced transaction core"", ""icebreaker"": ""Congrats on Finova's €4.0M seed round earlier in 2025."", ""value_angle"": ""We could lower their fraud rate while protecting conversion at checkout.""}",1
dfb1c836ae2d,Equora Capital,CTO,Brazil,https://sifted.eu/equora-raises-324m-seriesb,Closed a €32.4M Series B round in 2023,pedro.a@equora.io,pattern,True,28,cold,"{""recent_news"": ""Equora Capital raised €32.4M in a Series B round in 2023."", ""person_highlights"": ""Pedro Araujo, CTO at Equora Capital, has spoken publicly about scaling engineering teams."", ""company_challenge"": ""The company is focused on scaling KYC onboarding while keeping conversion high."", ""tech_stack"": "".net microservices with a rules engine for compliance"", ""icebreaker"": ""Impressed by Equora Capital's momentum since the Series B round."", ""value_angle"": ""We could lower their fraud rate while protecting conversion at checkout.""}",0
ffeb69d371e3,Cratch Logistics,Head of Digital,"Madrid, Spain",https://reuters.com/cratch-raises-13m-preseed,Secured €1.3M (pre-seed) to accelerate growth,andres.m@cratch.ai,pattern,False,89,hot,"{""recent_news"": ""Cratch Logistics raised €1.3M in a pre-seed round in 2024."", ""person_highlights"": ""Andrés Martínez joined Cratch Logistics as Head of Digital after senior roles at larger technology firms."", ""company_challenge"": ""The company is focused on digitizing a paper-heavy freight-booking process."", ""tech_stack"": ""A .net tms integrated with carrier edi feeds"", ""icebreaker"": ""Congrats on Cratch Logistics's €1.3M pre-seed round earlier in 2024."", ""value_angle"": ""We could digitize freight booking to remove manual back-and-forth.""}",1
12be222c2501,Verde & Co,Chief Digital Officer,Sweden,https://businessinsider.com/verde-raises-05m-preseed,Secured $0.5M (pre-seed) to accelerate growth,johan.g@verde.io,google,False,64,warm,"{""recent_news"": ""Verde & Co expanded into a new market in 2026 following its pre-seed raise."", ""person_highlights"": ""Johan Gustafsson, Chief Digital Officer at Verde & Co, has spoken publicly about scaling engineering teams."", ""company_challenge"": ""The company is focused on personalizing offers without a clean first-party data foundation."", ""tech_stack"": ""Sap commerce with a headless react front end"", ""icebreaker"": ""Impressed by Verde & Co's momentum since the pre-seed round."", ""value_angle"": ""We could unify their customer data so campaigns target the right shoppers.""}",1
0f9b5e98139d,Synth.ai,HR Manager,"Belo Horizonte, Brazil",https://techcrunch.com/synth-raises-43m-seed,Raised $4.3M in seed funding in 2026,gustavo.n@synth.com,pattern,False,65,warm,,1
b5dce53dc486,Portus,Head of Digital,"Toronto, Canada",https://techcrunch.com/portus-raises-09m-preseed,Raised £0.9M in pre-seed funding in 2024,sales@portus.ai,generic,True,13,cold,"{""recent_news"": ""Portus launched a new product line in 2024 aimed at enterprise customers."", ""person_highlights"": ""Aaliyah MacDonald co-founded Portus and now serves as Head of Digital."", ""company_challenge"": ""The company is focused on forecasting demand to balance warehouse capacity."", ""tech_stack"": ""Kafka-based event tracking with a react dashboard"", ""icebreaker"": ""Congrats on Portus's £0.9M pre-seed round earlier in 2024."", ""value_angle"": ""We could give shippers real-time tracking that reduces support tickets.""}",0
edc658194aa1,Movex,Head of Digital,"Valencia, Spain",https://sifted.eu/movex-raises-145m-seriesa,Secured $14.5M (Series A) to accelerate growth,sofia@movex.io,pattern,False,25,cold,"{""recent_news"": ""Movex raised $14.5M in a Series A round in 2026."", ""person_highlights"": ""Sofía Torres joined Movex as Head of Digital after senior roles at larger technology firms."", ""company_challenge"": ""The company is focused on forecasting demand to balance warehouse capacity."", ""tech_stack"": ""Kafka-based event tracking with a react dashboard"", ""icebreaker"": ""I noticed Movex has been expanding its team this year."", ""value_angle"": ""We could forecast demand so warehouses staff to the right level.""}",0
a2165bef8ee9,Ledgr Finance,VP of Finance,"Stockholm, Sweden",https://sifted.eu/ledgr-raises-404m-seriesb,Raised $40.4M in Series B funding in 2024,nils.karlsson@ledgr.io,pattern,True,5,cold,,0
3c69b8c9b0a7,Clinova Med,People Operations Lead,"Malmö, Sweden",https://tech.eu/clinova-raises-36m-seed,Closed a €3.6M seed round in 2024,gustav@clinova.io,google,True,80,warm,"{""recent_news"": ""Clinova Med launched a new product line in 2024 aimed at enterprise customers."", ""person_highlights"": ""Gustav Andersson is the People Operations Lead at Clinova Med and leads its technology and product direction."", ""company_challenge"": ""The company is focused on getting interoperability across legacy EHR systems."", ""tech_stack"": ""A hipaa-compliant stack on azure with fhir apis"", ""icebreaker"": ""Congrats on Clinova Med's €3.6M seed round earlier in 2024."", ""value_angle"": ""We could make EHR integration faster so onboarding new clinics is painless.""}",0
da4006a71887,Ledgr Pay,CMO,India,https://tech.eu/ledgr-raises-417m-seriesb,Raised £41.7M in Series B funding in 2024,karthik@ledgr.io,google,False,52,warm,"{""recent_news"": ""Ledgr Pay raised £41.7M in a Series B round in 2024."", ""person_highlights"": ""Karthik Desai joined Ledgr Pay as CMO after senior roles at larger technology firms."", ""company_challenge"": ""The company is focused on differentiating in a crowded payments market."", ""tech_stack"": ""Go, grpc, and an event-sourced transaction core"", ""icebreaker"": ""Congrats on Ledgr Pay's £41.7M Series B round earlier in 2024."", ""value_angle"": ""We could give compliance teams audit-ready reporting out of the box.""}",1
5d2d277a4a99,Forma AI,Chief Technology Officer,"Yokohama, Japan",https://sifted.eu/forma-raises-14m-preseed,Closed a $1.4M pre-seed round in 2025,yui@forma.ai,hunter,False,58,warm,,0
858ce2f58913,Cargopath Supply,CTO,Netherlands,https://techcrunch.com/cargopath-raises-20m-seed,Raised $2.0M in seed funding in 2024,eva@cargopath.nl,pattern,False,45,cold,"{""recent_news"": ""Cargopath Supply expanded into a new market in 2024 following its seed raise."", ""person_highlights"": ""Eva Bakker, CTO at Cargopath Supply, has spoken publicly about scaling engineering teams."", ""company_challenge"": ""The company is focused on digitizing a paper-heavy freight-booking process."", ""tech_stack"": ""A route-optimization engine in python with postgis"", ""icebreaker"": ""Impressed by Cargopath Supply's momentum since the seed round."", ""value_angle"": ""We could give shippers real-time tracking that reduces support tickets.""}",0
06635ce2d39b,Carepoint Bio,HR Manager,"Madrid, Spain",https://tech.eu/carepoint-raises-271m-seriesb,Secured $27.1M (Series B) to accelerate growth,info@carepoint.ai,generic,False,87,hot,"{""recent_news"": ""Carepoint Bio raised $27.1M in a Series B round in 2025."", ""person_highlights"": ""Pablo González joined Carepoint Bio as HR Manager after senior roles at larger technology firms."", ""company_challenge"": ""The company is focused on meeting strict data-privacy rules while integrating hospital systems."", ""tech_stack"": ""A react native app backed by a node.js care-coordination api"", ""icebreaker"": ""Impressed by Carepoint Bio's momentum since the Series B round."", ""value_angle"": ""We could reduce clinician admin time with automated documentation.""}",1
8a22561c81db,Oncora,HR Director,"Hyderabad, India",https://tech.eu/oncora-raises-1458m-seriesc,Raised €145.8M in Series C funding in 2025,karthik.r@oncora.io,hunter,False,98,hot,"{""recent_news"": ""Oncora launched a new product line in 2025 aimed at enterprise customers."", ""person_highlights"": ""Karthik Rao joined Oncora as HR Director after senior roles at larger technology firms."", ""company_challenge"": ""The company is focused on scaling a telehealth platform to handle peak demand."", ""tech_stack"": ""Python services with an hl7 integration layer"", ""icebreaker"": ""Impressed by Oncora's momentum since the Series C round."", ""value_angle"": ""We could make EHR integration faster so onboarding new clinics is painless.""}",1
5fe7c74cceab,Vesta Stores,VP Sales,Canada,https://tech.eu/vesta-raises-07m-preseed,Raised €0.7M in pre-seed funding in 2025,ava@vesta.io,hunter,False,79,warm,"{""recent_news"": ""Vesta Stores announced a strategic partnership in 2025 to broaden distribution."", ""person_highlights"": ""Ava Chan co-founded Vesta Stores and now serves as VP Sales."", ""company_challenge"": ""The company is focused on growing retail-media revenue from its e-commerce traffic."", ""tech_stack"": ""Salesforce commerce cloud and a segment data layer"", ""icebreaker"": ""Impressed by Vesta Stores's momentum since the pre-seed round."", ""value_angle"": ""We could lift mobile conversion with faster, personalized storefront experiences.""}",0
b8cf98de06a0,Glide.ai,VP of Engineering,Sweden,https://techfundingnews.com/glide-raises-08m-preseed,Announced £0.8M pre-seed financing in 2024,emma.k@glide.io,google,False,65,warm,"{""recent_news"": ""Glide.ai expanded into a new market in 2024 following its pre-seed raise."", ""person_highlights"": ""Emma Karlsson, VP of Engineering at Glide.ai, has spoken publicly about scaling engineering teams."", ""company_challenge"": ""The company is focused on reducing inference latency while controlling GPU spend."", ""tech_stack"": ""Typescript, postgres, and a ray-based training pipeline"", ""icebreaker"": ""Saw that Glide.ai recently shipped a notable product update."", ""value_angle"": ""We could automate evaluation so they can ship model updates with confidence.""}",1
3385074cc04f,Cascade Systems,Chief Technology Officer,"Gothenburg, Sweden",https://techinasia.com/cascade-raises-195m-seriesa,Announced £19.5M Series A financing in 2025,hello@cascade.se,generic,True,16,cold,"{""recent_news"": ""Cascade Systems launched a new product line in 2025 aimed at enterprise customers."", ""person_highlights"": ""Elin Andersson co-founded Cascade Systems and now serves as Chief Technology Officer."", ""company_challenge"": ""The company is focused on scaling its model-serving infrastructure to enterprise traffic."", ""tech_stack"": ""Go microservices with a vector database for retrieval"", ""icebreaker"": ""Impressed by Cascade Systems's momentum since the Series A round."", ""value_angle"": ""We could give them observability across model pipelines and dependencies.""}",0
ad100c29e461,Banca Bank,CMO,"Sydney, Australia",https://businessinsider.com/banca-raises-2450m-seriesc,Secured £245.0M (Series C) to accelerate growth,chloe.walker@banca.com.au,google,True,89,hot,,0
b71b29c9879c,Helix,Chief Technology Officer,"Sydney, Australia",https://techinasia.com/helix-raises-197m-seriesa,Secured €19.7M (Series A) to accelerate growth,charlotte.white@helix.io,scraping,False,97,hot,"{""recent_news"": ""Helix announced a strategic partnership in 2024 to broaden distribution."", ""person_highlights"": ""Charlotte White is the Chief Technology Officer at Helix and leads its technology and product direction."", ""company_challenge"": ""The company is focused on reducing clinician admin burden with better tooling."", ""tech_stack"": ""Python services with an hl7 integration layer"", ""icebreaker"": ""I noticed Helix has been expanding its team this year."", ""value_angle"": ""We could reduce clinician admin time with automated documentation.""}",1
60bffdffa543,Cascade,CTO,Berlin,https://tech.eu/cascade-raises-14m-preseed,Announced $1.4M pre-seed financing in 2023,hannah.richter@cascade.de,google,True,67,warm,,1
bf5861e7cd84,Ledgr Pay,VP Sales,"Mumbai, India",https://crunchbase.com/ledgr-raises-2043m-seriesc,Raised £204.3M in Series C funding in 2024,priya.kumar@ledgr.com,google,True,91,hot,"{""recent_news"": ""Ledgr Pay announced a strategic partnership in 2024 to broaden distribution."", ""person_highlights"": ""Priya Kumar co-founded Ledgr Pay and now serves as VP Sales."", ""company_challenge"": ""The company is focused on differentiating in a crowded payments market."", ""tech_stack"": ""Go, grpc, and an event-sourced transaction core"", ""icebreaker"": ""Congrats on Ledgr Pay's £204.3M Series C round earlier in 2024."", ""value_angle"": ""We could speed up KYC onboarding so fewer good customers drop off.""}",1
affc23155644,Trackr.io,Head of Sales,"Delhi, India",https://crunchbase.com/trackr-raises-82m-seriesa,Closed a £8.2M Series A round in 2024,sanjay.k@trackr.in,scraping,True,57,warm,"{""recent_news"": ""Trackr.io raised £8.2M in a Series A round in 2024."", ""person_highlights"": ""Sanjay Kumar, Head of Sales at Trackr.io, has spoken publicly about scaling engineering teams."", ""company_challenge"": ""The company is focused on forecasting demand to balance warehouse capacity."", ""tech_stack"": ""Kafka-based event tracking with a react dashboard"", ""icebreaker"": ""Impressed by Trackr.io's momentum since the Series A round."", ""value_angle"": ""We could give shippers real-time tracking that reduces support tickets.""}",1
c7e23f8072f5,Healspan Bio,HR Manager,"Cambridge, UK",https://tech.eu/healspan-raises-938m-seriesc,Raised $93.8M in Series C funding in 2024,wbrown@healspan.co.uk,google,False,85,hot,"{""recent_news"": ""Healspan Bio raised $93.8M in a Series C round in 2024."", ""person_highlights"": ""William Brown co-founded Healspan Bio and now serves as HR Manager."", ""company_challenge"": ""The company is focused on meeting strict data-privacy rules while integrating hospital systems."", ""tech_stack"": ""A data platform on gcp feeding clinical decision support"", ""icebreaker"": ""Congrats on Healspan Bio's $93.8M Series C round earlier in 2024."", ""value_angle"": ""We could scale their telehealth platform to handle demand spikes.""}",1
a665e33a8e1b,Caretrack Med,CTO,France,https://crunchbase.com/caretrack-raises-546m-seriesb,Secured £54.6M (Series B) to accelerate growth,lucas@caretrack.fr,pattern,True,55,warm,"{""recent_news"": ""Caretrack Med launched a new product line in 2024 aimed at enterprise customers."", ""person_highlights"": ""Lucas Leroy is the CTO at Caretrack Med and leads its technology and product direction."", ""company_challenge"": ""The company is focused on scaling a telehealth platform to handle peak demand."", ""tech_stack"": ""A data platform on gcp feeding clinical decision support"", ""icebreaker"": ""Impressed by Caretrack Med's momentum since the Series B round."", ""value_angle"": ""We could reduce clinician admin time with automated documentation.""}",1
55747455006f,Neura,Head of AI,India,https://tech.eu/neura-raises-2398m-seriesc,Secured $239.8M (Series C) to accelerate growth,pkumar@neura.in,google,True,84,warm,"{""recent_news"": ""Neura expanded into a new market in 2024 following its Series C raise."", ""person_highlights"": ""Priya Kumar joined Neura as Head of AI after senior roles at larger technology firms."", ""company_challenge"": ""The company is focused on turning a strong research demo into a reliable production platform."", ""tech_stack"": ""Go microservices with a vector database for retrieval"", ""icebreaker"": ""Impressed by Neura's momentum since the Series C round."", ""value_angle"": ""We could help them cut inference costs while keeping latency low at enterprise scale.""}",1
2cb43911edb5,Mindstack Systems,CTO,"Amsterdam, Netherlands",https://theverge.com/mindstack-raises-652m-seriesb,Secured €65.2M (Series B) to accelerate growth,bvisser@mindstack.ai,google,False,60,warm,"{""recent_news"": ""Mindstack Systems launched a new product line in 2023 aimed at enterprise customers."", ""person_highlights"": ""Bram Visser co-founded Mindstack Systems and now serves as CTO."", ""company_challenge"": ""The company is focused on reducing inference latency while controlling GPU spend."", ""tech_stack"": ""Typescript, postgres, and a ray-based training pipeline"", ""icebreaker"": ""Congrats on Mindstack Systems's €65.2M Series B round earlier in 2023."", ""value_angle"": ""We could automate evaluation so they can ship model updates with confidence.""}",1
55440497ef91,Bottega Commerce,Chief Digital Officer,"Milan, Italy",https://techinasia.com/bottega-raises-13m-preseed,Secured €1.3M (pre-seed) to accelerate growth,sofia.c@bottega.io,google,False,90,hot,"{""recent_news"": ""Bottega Commerce announced a strategic partnership in 2025 to broaden distribution."", ""person_highlights"": ""Sofia Conti, Chief Digital Officer at Bottega Commerce, has spoken publicly about scaling engineering teams."", ""company_challenge"": ""The company is focused on unifying online and in-store customer data into one view."", ""tech_stack"": ""Salesforce commerce cloud and a segment data layer"", ""icebreaker"": ""Congrats on Bottega Commerce's €1.3M pre-seed round earlier in 2025."", ""value_angle"": ""We could stand up a retail-media offering that monetizes existing traffic.""}",1
e0ec3281b622,Haulr Logistics,HRBP Lead,"Rotterdam, Netherlands",https://techcrunch.com/haulr-raises-526m-seriesb,Secured $52.6M (Series B) to accelerate growth,sjansen@haulr.com,pattern,True,96,hot,"{""recent_news"": ""Haulr Logistics raised $52.6M in a Series B round in 2024."", ""person_highlights"": ""Sanne Jansen co-founded Haulr Logistics and now serves as HRBP Lead."", ""company_challenge"": ""The company is focused on forecasting demand to balance warehouse capacity."", ""tech_stack"": ""Kafka-based event tracking with a react dashboard"", ""icebreaker"": ""Impressed by Haulr Logistics's momentum since the Series B round."", ""value_angle"": ""We could cut last-mile cost with smarter route optimization.""}",1
23f061267779,Helix Care,Chief Technology Officer,"Barcelona, Spain",https://crunchbase.com/helix-raises-13m-preseed,Closed a $1.3M pre-seed round in 2024,igarcia@helix.com,pattern,False,76,warm,"{""recent_news"": ""Helix Care raised $1.3M in a pre-seed round in 2024."", ""person_highlights"": ""Ines Garcia is the Chief Technology Officer at Helix Care and leads its technology and product direction."", ""company_challenge"": ""The company is focused on getting interoperability across legacy EHR systems."", ""tech_stack"": ""Python services with an hl7 integration layer"", ""icebreaker"": ""I noticed Helix Care has been expanding its team this year."", ""value_angle"": ""We could reduce clinician admin time with automated documentation.""}",1
c7e6d30ba724,Northpay,CMO,France,https://crunchbase.com/northpay-raises-311m-seriesb,Announced €31.1M Series B financing in 2025,gpetit@northpay.fr,google,False,97,hot,"{""recent_news"": ""Northpay expanded into a new market in 2025 following its Series B raise."", ""person_highlights"": ""Gabriel Petit co-founded Northpay and now serves as CMO."", ""company_challenge"": ""The company is focused on reducing payment fraud without adding checkout friction."", ""tech_stack"": ""Node.js, postgres, and a real-time fraud-scoring engine"", ""icebreaker"": ""I noticed Northpay has been expanding its team this year."", ""value_angle"": ""We could speed up KYC onboarding so fewer good customers drop off.""}",1
fcc3faa9023c,Mindstack AI,CTO,"Hamburg, Germany",https://sifted.eu/mindstack-raises-99m-seriesa,Secured $9.9M (Series A) to accelerate growth,hannah@mindstack.ai,google,False,70,warm,"{""recent_news"": ""Mindstack AI launched a new product line in 2026 aimed at enterprise customers."", ""person_highlights"": ""Hannah Krause joined Mindstack AI as CTO after senior roles at larger technology firms."", ""company_challenge"": ""The company is focused on expanding from a single-product wedge into a broader platform."", ""tech_stack"": ""Typescript, postgres, and a ray-based training pipeline"", ""icebreaker"": ""Impressed by Mindstack AI's momentum since the Series A round."", ""value_angle"": ""We could accelerate their road from research prototype to production-grade platform.""}",1
0f9462a367f9,Solena Stores,VP Sales,Netherlands,https://crunchbase.com/solena-raises-1577m-seriesc,Closed a €157.7M Series C round in 2024,stijn.devries@solena.io,google,True,85,hot,"{""recent_news"": ""Solena Stores raised €157.7M in a Series C round in 2024."", ""person_highlights"": ""Stijn de Vries is the VP Sales at Solena Stores and leads its technology and product direction."", ""company_challenge"": ""The company is focused on personalizing offers without a clean first-party data foundation."", ""tech_stack"": ""A shopify plus storefront with a custom cdp integration"", ""icebreaker"": ""I noticed Solena Stores has been expanding its team this year."", ""value_angle"": ""We could tie loyalty data back to media spend for cleaner attribution.""}",1
d3a139ac9f5a,Tally,VP Sales,London,https://techcrunch.com/tally-raises-09m-preseed,Closed a $0.9M pre-seed round in 2023,charlotte.s@tally.co.uk,google,True,55,warm,"{""recent_news"": ""Tally expanded into a new market in 2023 following its pre-seed raise."", ""person_highlights"": ""Charlotte Smith joined Tally as VP Sales after senior roles at larger technology firms."", ""company_challenge"": ""The company is focused on reducing payment fraud without adding checkout friction."", ""tech_stack"": "".net microservices with a rules engine for compliance"", ""icebreaker"": ""Saw that Tally recently shipped a notable product update."", ""value_angle"": ""We could speed up KYC onboarding so fewer good customers drop off.""}",1
b73fa0ad85e7,Nordica Group,CMO,Singapore,https://crunchbase.com/nordica-raises-1609m-seriesc,Closed a €160.9M Series C round in 2026,wei@nordica.sg,google,True,93,hot,"{""recent_news"": ""Nordica Group launched a new product line in 2026 aimed at enterprise customers."", ""person_highlights"": ""Wei Tan, CMO at Nordica Group, has spoken publicly about scaling engineering teams."", ""company_challenge"": ""The company is focused on personalizing offers without a clean first-party data foundation."", ""tech_stack"": ""A shopify plus storefront with a custom cdp integration"", ""icebreaker"": ""Saw that Nordica Group recently shipped a notable product update."", ""value_angle"": ""We could unify their customer data so campaigns target the right shoppers.""}",1
6908be4c4697,Tensor Cloud,Head of AI,"Tokyo, Japan",https://techcrunch.com/tensor-raises-2963m-seriesc,Announced €296.3M Series C financing in 2024,yuto.kimura@tensor.ai,google,False,82,warm,"{""recent_news"": ""Tensor Cloud raised €296.3M in a Series C round in 2024."", ""person_highlights"": ""Yuto Kimura joined Tensor Cloud as Head of AI after senior roles at larger technology firms."", ""company_challenge"": ""The company is focused on reducing inference latency while controlling GPU spend."", ""tech_stack"": ""Go microservices with a vector database for retrieval"", ""icebreaker"": ""I noticed Tensor Cloud has been expanding its team this year."", ""value_angle"": ""We could help them cut inference costs while keeping latency low at enterprise scale.""}",1
2a56b4a95fec,Therapie Health,VP Sales,"Manchester, UK",https://techfundingnews.com/therapie-raises-1066m-seriesc,Secured £106.6M (Series C) to accelerate growth,csmith@therapie.io,google,False,59,warm,"{""recent_news"": ""Therapie Health expanded into a new market in 2024 following its Series C raise."", ""person_highlights"": ""Charlotte Smith is the VP Sales at Therapie Health and leads its technology and product direction."", ""company_challenge"": ""The company is focused on meeting strict data-privacy rules while integrating hospital systems."", ""tech_stack"": ""A hipaa-compliant stack on azure with fhir apis"", ""icebreaker"": ""Congrats on Therapie Health's £106.6M Series C round earlier in 2024."", ""value_angle"": ""We could keep patient data compliant while enabling analytics.""}",1
6e0661e03f52,Trustline.io,VP of Finance,"Vancouver, Canada",https://tech.eu/trustline-raises-152m-seriesa,Secured £15.2M (Series A) to accelerate growth,ava.tremblay@trustline.io,google,True,90,hot,"{""recent_news"": ""Trustline.io raised £15.2M in a Series A round in 2025."", ""person_highlights"": ""Ava Tremblay co-founded Trustline.io and now serves as VP of Finance."", ""company_challenge"": ""The company is focused on scaling KYC onboarding while keeping conversion high."", ""tech_stack"": ""Java, kafka, and a pci-compliant ledger service"", ""icebreaker"": ""I noticed Trustline.io has been expanding its team this year."", ""value_angle"": ""We could give compliance teams audit-ready reporting out of the box.""}",1
5e46cd58f6b5,Saffron,Head of Sales,"Lyon, France",https://theverge.com/saffron-raises-10m-preseed,Announced $1.0M pre-seed financing in 2023,,,False,89,hot,"{""recent_news"": ""Saffron announced a strategic partnership in 2023 to broaden distribution."", ""person_highlights"": ""Gabriel Leroy co-founded Saffron and now serves as Head of Sales."", ""company_challenge"": ""The company is focused on personalizing offers without a clean first-party data foundation."", ""tech_stack"": ""A shopify plus storefront with a custom cdp integration"", ""icebreaker"": ""I noticed Saffron has been expanding its team this year."", ""value_angle"": ""We could unify their customer data so campaigns target the right shoppers.""}",1
d800846fdd7e,Foundry,HR Director,Spain,https://tech.eu/foundry-raises-57m-seed,Announced €5.7M seed financing in 2025,miguel.castro@foundry.es,hunter,False,97,hot,,1
ae9ad94098e0,Loop Cloud,VP of Engineering,Dubai,https://businessinsider.com/loop-raises-2129m-seriesc,Raised $212.9M in Series C funding in 2024,bilal@loop.io,google,False,87,hot,"{""recent_news"": ""Loop Cloud expanded into a new market in 2024 following its Series C raise."", ""person_highlights"": ""Bilal Nasser co-founded Loop Cloud and now serves as VP of Engineering."", ""company_challenge"": ""The company is focused on scaling its model-serving infrastructure to enterprise traffic."", ""tech_stack"": ""Go microservices with a vector database for retrieval"", ""icebreaker"": ""Saw that Loop Cloud recently shipped a notable product update."", ""value_angle"": ""We could automate evaluation so they can ship model updates with confidence.""}",1
05df5f060db3,Nordica & Co,VP Sales,"Rome, Italy",https://businessinsider.com/nordica-raises-1644m-seriesc,Raised $164.4M in Series C funding in 2024,srossi@nordica.it,pattern,False,87,hot,"{""recent_news"": ""Nordica & Co expanded into a new market in 2024 following its Series C raise."", ""person_highlights"": ""Sofia Rossi co-founded Nordica & Co and now serves as VP Sales."", ""company_challenge"": ""The company is focused on personalizing offers without a clean first-party data foundation."", ""tech_stack"": ""Salesforce commerce cloud and a segment data layer"", ""icebreaker"": ""Impressed by Nordica & Co's momentum since the Series C round."", ""value_angle"": ""We could stand up a retail-media offering that monetizes existing traffic.""}",1
8b0026b21354,Boutiq Retail,Chief Marketing Officer,"Milan, Italy",https://businessinsider.com/boutiq-raises-65m-seed,Closed a £6.5M seed round in 2024,simone@boutiq.io,hunter,False,97,hot,"{""recent_news"": ""Boutiq Retail raised £6.5M in a seed round in 2024."", ""person_highlights"": ""Simone Ferrari co-founded Boutiq Retail and now serves as Chief Marketing Officer."", ""company_challenge"": ""The company is focused on improving e-commerce conversion on mobile."", ""tech_stack"": ""Salesforce commerce cloud and a segment data layer"", ""icebreaker"": ""Saw that Boutiq Retail recently shipped a notable product update."", ""value_angle"": ""We could tie loyalty data back to media spend for cleaner attribution.""}",1
95f93f601b01,Axion.ai,HRBP Lead,"Abu Dhabi, UAE",https://theverge.com/axion-raises-2329m-seriesc,Announced $232.9M Series C financing in 2025,aisha.rahman@axion.io,google,False,72,warm,"{""recent_news"": ""Axion.ai expanded into a new market in 2025 following its Series C raise."", ""person_highlights"": ""Aisha Rahman is the HRBP Lead at Axion.ai and leads its technology and product direction."", ""company_challenge"": ""The company is focused on reducing inference latency while controlling GPU spend."", ""tech_stack"": ""Typescript, postgres, and a ray-based training pipeline"", ""icebreaker"": ""Impressed by Axion.ai's momentum since the Series C round."", ""value_angle"": ""We could accelerate their road from research prototype to production-grade platform.""}",1
bf0f63c4c264,Bazaar Stores,VP Sales,"Toronto, Canada",https://crunchbase.com/bazaar-raises-10m-preseed,Announced £1.0M pre-seed financing in 2025,ethan.brown@bazaar.ai,pattern,False,60,warm,"{""recent_news"": ""Bazaar Stores raised £1.0M in a pre-seed round in 2025."", ""person_highlights"": ""Ethan Brown joined Bazaar Stores as VP Sales after senior roles at larger technology firms."", ""company_challenge"": ""The company is focused on improving e-commerce conversion on mobile."", ""tech_stack"": ""Salesforce commerce cloud and a segment data layer"", ""icebreaker"": ""I noticed Bazaar Stores has been expanding its team this year."", ""value_angle"": ""We could stand up a retail-media offering that monetizes existing traffic.""}",1
fc08c6dc4ca8,Tally Pay,People Operations Lead,India,https://techcrunch.com/tally-raises-761m-seriesb,Announced £76.1M Series B financing in 2025,divya.patel@tally.ai,google,True,98,hot,"{""recent_news"": ""Tally Pay raised £76.1M in a Series B round in 2025."", ""person_highlights"": ""Divya Patel, People Operations Lead at Tally Pay, has spoken publicly about scaling engineering teams."", ""company_challenge"": ""The company is focused on differentiating in a crowded payments market."", ""tech_stack"": "".net microservices with a rules engine for compliance"", ""icebreaker"": ""Saw that Tally Pay recently shipped a notable product update."", ""value_angle"": ""We could give compliance teams audit-ready reporting out of the box.""}",1
2616ccdd03f3,Glide Labs,HRBP Lead,"Milan, Italy",https://techinasia.com/glide-raises-50m-seed,Announced €5.0M seed financing in 2023,contact@glide.it,generic,True,82,warm,"{""recent_news"": ""Glide Labs expanded into a new market in 2023 following its seed raise."", ""person_highlights"": ""Simone Colombo co-founded Glide Labs and now serves as HRBP Lead."", ""company_challenge"": ""The company is focused on reducing inference latency while controlling GPU spend."", ""tech_stack"": ""Go microservices with a vector database for retrieval"", ""icebreaker"": ""I noticed Glide Labs has been expanding its team this year."", ""value_angle"": ""We could accelerate their road from research prototype to production-grade platform.""}",1
71c7d3c4dbd7,Clearpay Capital,Head of Digital,Spain,https://sifted.eu/clearpay-raises-2040m-seriesc,Closed a €204.0M Series C round in 2025,carmen.f@clearpay.es,pattern,False,95,hot,"{""recent_news"": ""Clearpay Capital expanded into a new market in 2025 following its Series C raise."", ""person_highlights"": ""Carmen Fernandez co-founded Clearpay Capital and now serves as Head of Digital."", ""company_challenge"": ""The company is focused on differentiating in a crowded payments market."", ""tech_stack"": ""Go, grpc, and an event-sourced transaction core"", ""icebreaker"": ""I noticed Clearpay Capital has been expanding its team this year."", ""value_angle"": ""We could give compliance teams audit-ready reporting out of the box.""}",1
524bbc510704,Clinova.health,CTO,"Cambridge, UK",https://theverge.com/clinova-raises-335m-seriesb,Secured €33.5M (Series B) to accelerate growth,lucy@clinova.co.uk,google,True,60,warm,"{""recent_news"": ""Clinova.health expanded into a new market in 2025 following its Series B raise."", ""person_highlights"": ""Lucy Roberts, CTO at Clinova.health, has spoken publicly about scaling engineering teams."", ""company_challenge"": ""The company is focused on scaling a telehealth platform to handle peak demand."", ""tech_stack"": ""A hipaa-compliant stack on azure with fhir apis"", ""icebreaker"": ""Saw that Clinova.health recently shipped a notable product update."", ""value_angle"": ""We could make EHR integration faster so onboarding new clinics is painless.""}",1
80df712cb6c0,Vaulta,VP of Finance,"Gothenburg, Sweden",https://tech.eu/vaulta-raises-1953m-seriesc,Closed a $195.3M Series C round in 2025,sandersson@vaulta.se,google,True,63,warm,"{""recent_news"": ""Vaulta expanded into a new market in 2025 following its Series C raise."", ""person_highlights"": ""Sara Andersson joined Vaulta as VP of Finance after senior roles at larger technology firms."", ""company_challenge"": ""The company is focused on scaling KYC onboarding while keeping conversion high."", ""tech_stack"": ""Node.js, postgres, and a real-time fraud-scoring engine"", ""icebreaker"": ""Impressed by Vaulta's momentum since the Series C round."", ""value_angle"": ""We could speed up KYC onboarding so fewer good customers drop off.""}",1
c17f0f76986c,Fundwise Pay,CMO,Sweden,https://techinasia.com/fundwise-raises-79m-seed,Closed a £7.9M seed round in 2025,emma@fundwise.ai,hunter,True,99,hot,"{""recent_news"": ""Fundwise Pay expanded into a new market in 2025 following its seed raise."", ""person_highlights"": ""Emma Ek co-founded Fundwise Pay and now serves as CMO."", ""company_challenge"": ""The company is focused on meeting tightening compliance requirements across new markets."", ""tech_stack"": ""Java, kafka, and a pci-compliant ledger service"", ""icebreaker"": ""Saw that Fundwise Pay recently shipped a notable product update."", ""value_angle"": ""We could speed up KYC onboarding so fewer good customers drop off.""}",1
4388965c7556,Tensor Labs,Head of AI,"Mumbai, India",https://tech.eu/tensor-raises-08m-preseed,Announced $0.8M pre-seed financing in 2024,rnair@tensor.io,pattern,True,64,warm,"{""recent_news"": ""Tensor Labs launched a new product line in 2024 aimed at enterprise customers."", ""person_highlights"": ""Rahul Nair is the Head of AI at Tensor Labs and leads its technology and product direction."", ""company_challenge"": ""The company is focused on expanding from a single-product wedge into a broader platform."", ""tech_stack"": ""Go microservices with a vector database for retrieval"", ""icebreaker"": ""Congrats on Tensor Labs's $0.8M pre-seed round earlier in 2024."", ""value_angle"": ""We could automate evaluation so they can ship model updates with confidence.""}",1
ab578d43834c,Lumen,Head of AI,"Tokyo, Japan",https://reuters.com/lumen-raises-1960m-seriesc,Raised €196.0M in Series C funding in 2023,ssuzuki@lumen.com,pattern,True,93,hot,"{""recent_news"": ""Lumen announced a strategic partnership in 2023 to broaden distribution."", ""person_highlights"": ""Sakura Suzuki co-founded Lumen and now serves as Head of AI."", ""company_challenge"": ""The company is focused on expanding from a single-product wedge into a broader platform."", ""tech_stack"": ""Typescript, postgres, and a ray-based training pipeline"", ""icebreaker"": ""I noticed Lumen has been expanding its team this year."", ""value_angle"": ""We could accelerate their road from research prototype to production-grade platform.""}",1
f6dcc07109d9,Saffron Retail,VP Sales,"Cambridge, UK",https://businessinsider.com/saffron-raises-628m-seriesb,Closed a £62.8M Series B round in 2023,henry@saffron.com,google,False,97,hot,"{""recent_news"": ""Saffron Retail expanded into a new market in 2023 following its Series B raise."", ""person_highlights"": ""Henry Brown joined Saffron Retail as VP Sales after senior roles at larger technology firms."", ""company_challenge"": ""The company is focused on personalizing offers without a clean first-party data foundation."", ""tech_stack"": ""A homegrown commerce stack on aws with a snowflake warehouse"", ""icebreaker"": ""Saw that Saffron Retail recently shipped a notable product update."", ""value_angle"": ""We could unify their customer data so campaigns target the right shoppers.""}",1
6951c79145a2,Equora.io,Head of Sales,"Tokyo, Japan",https://techfundingnews.com/equora-raises-281m-seriesb,Announced £28.1M Series B financing in 2025,sota@equora.ai,pattern,True,97,hot,"{""recent_news"": ""Equora.io launched a new product line in 2025 aimed at enterprise customers."", ""person_highlights"": ""Sota Watanabe joined Equora.io as Head of Sales after senior roles at larger technology firms."", ""company_challenge"": ""The company is focused on meeting tightening compliance requirements across new markets."", ""tech_stack"": ""Node.js, postgres, and a real-time fraud-scoring engine"", ""icebreaker"": ""Impressed by Equora.io's momentum since the Series B round."", ""value_angle"": ""We could give compliance teams audit-ready reporting out of the box.""}",1
443b8bb71602,Cohera Labs,Head of AI,Australia,https://sifted.eu/cohera-raises-2644m-seriesc,Closed a $264.4M Series C round in 2024,ethan@cohera.com.au,google,True,83,warm,"{""recent_news"": ""Cohera Labs raised $264.4M in a Series C round in 2024."", ""person_highlights"": ""Ethan Nguyen is the Head of AI at Cohera Labs and leads its technology and product direction."", ""company_challenge"": ""The company is focused on expanding from a single-product wedge into a broader platform."", ""tech_stack"": ""A gpu-accelerated training stack on aws with custom orchestration"", ""icebreaker"": ""Saw that Cohera Labs recently shipped a notable product update."", ""value_angle"": ""We could accelerate their road from research prototype to production-grade platform.""}",1
10fdb9f6c06e,Palleta Systems,CTO,Italy,https://reuters.com/palleta-raises-20m-seed,Closed a $2.0M seed round in 2024,simone.b@palleta.io,google,False,60,warm,,1
25d95afac26b,Cargopath Freight,CTO,Spain,https://sifted.eu/cargopath-raises-385m-seriesb,Secured £38.5M (Series B) to accelerate growth,ines@cargopath.io,pattern,False,94,hot,"{""recent_news"": ""Cargopath Freight launched a new product line in 2025 aimed at enterprise customers."", ""person_highlights"": ""Ines Torres co-founded Cargopath Freight and now serves as CTO."", ""company_challenge"": ""The company is focused on digitizing a paper-heavy freight-booking process."", ""tech_stack"": ""Go services with a real-time telematics ingestion pipeline"", ""icebreaker"": ""Saw that Cargopath Freight recently shipped a notable product update."", ""value_angle"": ""We could digitize freight booking to remove manual back-and-forth.""}",1
6592ceb0e3dd,Northpay Pay,Regional Vice President of Sales,"London, UK",https://theverge.com/northpay-raises-32m-seed,Closed a £3.2M seed round in 2025,james@northpay.com,pattern,True,90,hot,"{""recent_news"": ""Northpay Pay announced a strategic partnership in 2025 to broaden distribution."", ""person_highlights"": ""James Evans joined Northpay Pay as Regional Vice President of Sales after senior roles at larger technology firms."", ""company_challenge"": ""The company is focused on meeting tightening compliance requirements across new markets."", ""tech_stack"": ""Java, kafka, and a pci-compliant ledger service"", ""icebreaker"": ""I noticed Northpay Pay has been expanding its team this year."", ""value_angle"": ""We could speed up KYC onboarding so fewer good customers drop off.""}",1
f78086bfa66a,Axion,Regional Vice President of Sales,"Abu Dhabi, UAE",https://linkedin.com/axion-raises-346m-seriesb,Secured £34.6M (Series B) to accelerate growth,aali@axion.ae,pattern,True,90,hot,"{""recent_news"": ""Axion raised £34.6M in a Series B round in 2024."", ""person_highlights"": ""Aisha Ali joined Axion as Regional Vice President of Sales after senior roles at larger technology firms."", ""company_challenge"": ""The company is focused on expanding from a single-product wedge into a broader platform."", ""tech_stack"": ""Go microservices with a vector database for retrieval"", ""icebreaker"": ""Impressed by Axion's momentum since the Series B round."", ""value_angle"": ""We could help them cut inference costs while keeping latency low at enterprise scale.""}",1
87a9712b97b2,Remitly.io,VP of Finance,Berlin,https://reuters.com/remitly-raises-04m-preseed,Announced $0.4M pre-seed financing in 2024,paul@remitly.io,google,True,99,hot,"{""recent_news"": ""Remitly.io expanded into a new market in 2024 following its pre-seed raise."", ""person_highlights"": ""Paul Weber co-founded Remitly.io and now serves as VP of Finance."", ""company_challenge"": ""The company is focused on differentiating in a crowded payments market."", ""tech_stack"": ""Node.js, postgres, and a real-time fraud-scoring engine"", ""icebreaker"": ""Congrats on Remitly.io's $0.4M pre-seed round earlier in 2024."", ""value_angle"": ""We could sharpen their go-to-market message in a crowded category.""}",1
0ac357994f33,Trustline.io,Regional Vice President of Sales,Singapore,https://techfundingnews.com/trustline-raises-96m-seriesa,Raised £9.6M in Series A funding in 2024,info@trustline.ai,generic,True,69,warm,"{""recent_news"": ""Trustline.io launched a new product line in 2024 aimed at enterprise customers."", ""person_highlights"": ""Priya Sharma is the Regional Vice President of Sales at Trustline.io and leads its technology and product direction."", ""company_challenge"": ""The company is focused on reducing payment fraud without adding checkout friction."", ""tech_stack"": ""Go, grpc, and an event-sourced transaction core"", ""icebreaker"": ""Congrats on Trustline.io's £9.6M Series A round earlier in 2024."", ""value_angle"": ""We could lower their fraud rate while protecting conversion at checkout.""}",1
2a26604003a1,Verde,Head of Digital,India,https://linkedin.com/verde-raises-14m-preseed,Closed a $1.4M pre-seed round in 2025,,,False,86,hot,"{""recent_news"": ""Verde raised $1.4M in a pre-seed round in 2025."", ""person_highlights"": ""Nikhil Menon joined Verde as Head of Digital after senior roles at larger technology firms."", ""company_challenge"": ""The company is focused on personalizing offers without a clean first-party data foundation."", ""tech_stack"": ""Sap commerce with a headless react front end"", ""icebreaker"": ""I noticed Verde has been expanding its team this year."", ""value_angle"": ""We could lift mobile conversion with faster, personalized storefront experiences.""}",1
3aaddd216a35,Welbe Care,HR Director,"Stockholm, Sweden",https://theverge.com/welbe-raises-05m-preseed,Closed a €0.5M pre-seed round in 2026,hello@welbe.io,generic,False,99,hot,"{""recent_news"": ""Welbe Care launched a new product line in 2026 aimed at enterprise customers."", ""person_highlights"": ""Erik Johansson, HR Director at Welbe Care, has spoken publicly about scaling engineering teams."", ""company_challenge"": ""The company is focused on getting interoperability across legacy EHR systems."", ""tech_stack"": ""A react native app backed by a node.js care-coordination api"", ""icebreaker"": ""I noticed Welbe Care has been expanding its team this year."", ""value_angle"": ""We could make EHR integration faster so onboarding new clinics is painless.""}",1
7530291c0a7a,Nimbus,HR Manager,"Sao Paulo, Brazil",https://linkedin.com/nimbus-raises-2101m-seriesc,Raised £210.1M in Series C funding in 2026,gcosta@nimbus.com,pattern,False,69,warm,,1
42eb6d83033e,Axion.ai,Head of AI,"Tokyo, Japan",https://techfundingnews.com/axion-raises-36m-seed,Announced €3.6M seed financing in 2026,hello@axion.ai,generic,False,70,warm,,1
97bc3fa6be41,Clarity.health,HR Director,"Sydney, Australia",https://techinasia.com/clarity-raises-72m-seed,Secured $7.2M (seed) to accelerate growth,olivia@clarity.com.au,google,False,56,warm,"{""recent_news"": ""Clarity.health launched a new product line in 2024 aimed at enterprise customers."", ""person_highlights"": ""Olivia Anderson is the HR Director at Clarity.health and leads its technology and product direction."", ""company_challenge"": ""The company is focused on getting interoperability across legacy EHR systems."", ""tech_stack"": ""A react native app backed by a node.js care-coordination api"", ""icebreaker"": ""I noticed Clarity.health has been expanding its team this year."", ""value_angle"": ""We could keep patient data compliant while enabling analytics.""}",1
65a539dbec82,Transit Logistics,CTO,"Delhi, India",https://techfundingnews.com/transit-raises-15m-seed,Secured €1.5M (seed) to accelerate growth,asingh@transit.com,google,False,92,hot,"{""recent_news"": ""Transit Logistics expanded into a new market in 2023 following its seed raise."", ""person_highlights"": ""Aditya Singh co-founded Transit Logistics and now serves as CTO."", ""company_challenge"": ""The company is focused on giving customers real-time visibility into shipments."", ""tech_stack"": ""Kafka-based event tracking with a react dashboard"", ""icebreaker"": ""Impressed by Transit Logistics's momentum since the seed round."", ""value_angle"": ""We could give shippers real-time tracking that reduces support tickets.""}",1
6aa749d8c3fb,Loadly Logistics,VP Sales,Germany,https://theverge.com/loadly-raises-730m-seriesb,Raised $73.0M in Series B funding in 2023,magnus.w@loadly.io,pattern,False,96,hot,"{""recent_news"": ""Loadly Logistics announced a strategic partnership in 2023 to broaden distribution."", ""person_highlights"": ""Magnus Weber, VP Sales at Loadly Logistics, has spoken publicly about scaling engineering teams."", ""company_challenge"": ""The company is focused on giving customers real-time visibility into shipments."", ""tech_stack"": ""Kafka-based event tracking with a react dashboard"", ""icebreaker"": ""I noticed Loadly Logistics has been expanding its team this year."", ""value_angle"": ""We could give shippers real-time tracking that reduces support tickets.""}",1
6a0f7c0173d0,Quantal.ai,Chief Technology Officer,"Sydney, Australia",https://reuters.com/quantal-raises-636m-seriesb,Closed a £63.6M Series B round in 2023,olivia.k@quantal.com,scraping,False,92,hot,"{""recent_news"": ""Quantal.ai raised £63.6M in a Series B round in 2023."", ""person_highlights"": ""Olivia Kelly joined Quantal.ai as Chief Technology Officer after senior roles at larger technology firms."", ""company_challenge"": ""The company is focused on turning a strong research demo into a reliable production platform."", ""tech_stack"": ""A gpu-accelerated training stack on aws with custom orchestration"", ""icebreaker"": ""Impressed by Quantal.ai's momentum since the Series B round."", ""value_angle"": ""We could help them cut inference costs while keeping latency low at enterprise scale.""}",1
7c6fba3603c6,Cratch Supply,Regional Vice President of Sales,"Rio de Janeiro, Brazil",https://theverge.com/cratch-raises-150m-seriesa,Closed a $15.0M Series A round in 2026,gabriel@cratch.io,google,True,91,hot,,1
67fb4e7e9d78,Solena Commerce,HRBP Lead,"Paris, France",https://techcrunch.com/solena-raises-620m-seriesb,Closed a $62.0M Series B round in 2024,manon.f@solena.io,pattern,False,63,warm,"{""recent_news"": ""Solena Commerce raised $62.0M in a Series B round in 2024."", ""person_highlights"": ""Manon Fontaine co-founded Solena Commerce and now serves as HRBP Lead."", ""company_challenge"": ""The company is focused on improving e-commerce conversion on mobile."", ""tech_stack"": ""A shopify plus storefront with a custom cdp integration"", ""icebreaker"": ""I noticed Solena Commerce has been expanding its team this year."", ""value_angle"": ""We could stand up a retail-media offering that monetizes existing traffic.""}",1
eb6b04a80898,Yield Bank,VP of Finance,"Tokyo, Japan",https://techcrunch.com/yield-raises-14m-preseed,Closed a £1.4M pre-seed round in 2023,hnakamura@yield.jp,google,False,74,warm,"{""recent_news"": ""Yield Bank announced a strategic partnership in 2023 to broaden distribution."", ""person_highlights"": ""Hiroshi Nakamura is the VP of Finance at Yield Bank and leads its technology and product direction."", ""company_challenge"": ""The company is focused on reducing payment fraud without adding checkout friction."", ""tech_stack"": ""Go, grpc, and an event-sourced transaction core"", ""icebreaker"": ""Saw that Yield Bank recently shipped a notable product update."", ""value_angle"": ""We could give compliance teams audit-ready reporting out of the box.""}",1
c5f4df034955,Remitly,VP of Sales,Netherlands,https://techinasia.com/remitly-raises-2375m-seriesc,Announced €237.5M Series C financing in 2024,niels@remitly.com,google,True,73,warm,"{""recent_news"": ""Remitly launched a new product line in 2024 aimed at enterprise customers."", ""person_highlights"": ""Niels de Boer, VP of Sales at Remitly, has spoken publicly about scaling engineering teams."", ""company_challenge"": ""The company is focused on scaling KYC onboarding while keeping conversion high."", ""tech_stack"": ""Go, grpc, and an event-sourced transaction core"", ""icebreaker"": ""Saw that Remitly recently shipped a notable product update."", ""value_angle"": ""We could lower their fraud rate while protecting conversion at checkout.""}",1
9f2ad546b45c,Mode Retail,Head of Retail Media (Digital),Singapore,https://techcrunch.com/mode-raises-634m-seriesb,Announced £63.4M Series B financing in 2025,ming@mode.ai,pattern,True,74,warm,"{""recent_news"": ""Mode Retail raised £63.4M in a Series B round in 2025."", ""person_highlights"": ""Ming Goh co-founded Mode Retail and now serves as Head of Retail Media (Digital)."", ""company_challenge"": ""The company is focused on improving e-commerce conversion on mobile."", ""tech_stack"": ""Salesforce commerce cloud and a segment data layer"", ""icebreaker"": ""Impressed by Mode Retail's momentum since the Series B round."", ""value_angle"": ""We could unify their customer data so campaigns target the right shoppers.""}",1
562a20aaa72c,Vectra Labs,VP of Engineering,France,https://sifted.eu/vectra-raises-48m-seed,Raised £4.8M in seed funding in 2024,hugo.thomas@vectra.io,google,False,80,warm,"{""recent_news"": ""Vectra Labs expanded into a new market in 2024 following its seed raise."", ""person_highlights"": ""Hugo Thomas is the VP of Engineering at Vectra Labs and leads its technology and product direction."", ""company_challenge"": ""The company is focused on scaling its model-serving infrastructure to enterprise traffic."", ""tech_stack"": ""Typescript, postgres, and a ray-based training pipeline"", ""icebreaker"": ""Congrats on Vectra Labs's £4.8M seed round earlier in 2024."", ""value_angle"": ""We could accelerate their road from research prototype to production-grade platform.""}",1
6ba2c5c077f2,Inferra.ai,VP of Engineering,"Turin, Italy",https://techinasia.com/inferra-raises-2409m-seriesc,Secured $240.9M (Series C) to accelerate growth,marco.ferrari@inferra.com,hunter,False,56,warm,"{""recent_news"": ""Inferra.ai announced a strategic partnership in 2023 to broaden distribution."", ""person_highlights"": ""Marco Ferrari co-founded Inferra.ai and now serves as VP of Engineering."", ""company_challenge"": ""The company is focused on expanding from a single-product wedge into a broader platform."", ""tech_stack"": ""Python, pytorch, kubernetes, and a multi-tenant inference layer"", ""icebreaker"": ""Congrats on Inferra.ai's $240.9M Series C round earlier in 2023."", ""value_angle"": ""We could accelerate their road from research prototype to production-grade platform.""}",1
8b66b4bb0974,Maison Stores,VP Sales,Singapore,https://linkedin.com/maison-raises-22m-seed,Secured £2.2M (seed) to accelerate growth,rachel.k@maison.sg,google,False,83,warm,"{""recent_news"": ""Maison Stores launched a new product line in 2025 aimed at enterprise customers."", ""person_highlights"": ""Rachel Kumar, VP Sales at Maison Stores, has spoken publicly about scaling engineering teams."", ""company_challenge"": ""The company is focused on improving e-commerce conversion on mobile."", ""tech_stack"": ""Salesforce commerce cloud and a segment data layer"", ""icebreaker"": ""Congrats on Maison Stores's £2.2M seed round earlier in 2025."", ""value_angle"": ""We could unify their customer data so campaigns target the right shoppers.""}",1
f83571852daa,Logix.io,VP of Sales,"Sao Paulo, Brazil",https://techfundingnews.com/logix-raises-653m-seriesb,Secured £65.3M (Series B) to accelerate growth,diego.pereira@logix.ai,scraping,False,78,warm,"{""recent_news"": ""Logix.io launched a new product line in 2025 aimed at enterprise customers."", ""person_highlights"": ""Diego Pereira co-founded Logix.io and now serves as VP of Sales."", ""company_challenge"": ""The company is focused on optimizing last-mile routing to cut delivery cost."", ""tech_stack"": ""Go services with a real-time telematics ingestion pipeline"", ""icebreaker"": ""Saw that Logix.io recently shipped a notable product update."", ""value_angle"": ""We could forecast demand so warehouses staff to the right level.""}",1
42496ec1e39c,Inferra Labs,VP of Engineering,Singapore,https://reuters.com/inferra-raises-07m-preseed,Closed a €0.7M pre-seed round in 2025,priya.l@inferra.com,scraping,True,52,warm,"{""recent_news"": ""Inferra Labs launched a new product line in 2025 aimed at enterprise customers."", ""person_highlights"": ""Priya Low joined Inferra Labs as VP of Engineering after senior roles at larger technology firms."", ""company_challenge"": ""The company is focused on scaling its model-serving infrastructure to enterprise traffic."", ""tech_stack"": ""Typescript, postgres, and a ray-based training pipeline"", ""icebreaker"": ""Congrats on Inferra Labs's €0.7M pre-seed round earlier in 2025."", ""value_angle"": ""We could give them observability across model pipelines and dependencies.""}",1
1923bec08095,Mindstack Systems,Head of AI,Australia,https://sifted.eu/mindstack-raises-06m-preseed,Raised $0.6M in pre-seed funding in 2025,cbrown@mindstack.com.au,google,False,55,warm,,1
a9105aa7b609,Therapie Health,Head of Digital,"Osaka, Japan",https://techcrunch.com/therapie-raises-952m-seriesc,Secured €95.2M (Series C) to accelerate growth,hsato@therapie.ai,google,True,81,warm,"{""recent_news"": ""Therapie Health launched a new product line in 2025 aimed at enterprise customers."", ""person_highlights"": ""Haruto Sato co-founded Therapie Health and now serves as Head of Digital."", ""company_challenge"": ""The company is focused on scaling a telehealth platform to handle peak demand."", ""tech_stack"": ""A react native app backed by a node.js care-coordination api"", ""icebreaker"": ""Saw that Therapie Health recently shipped a notable product update."", ""value_angle"": ""We could keep patient data compliant while enabling analytics.""}",1
4e511333027e,Transit Systems,Chief Technology Officer,"Manchester, UK",https://techcrunch.com/transit-raises-1332m-seriesc,Secured €133.2M (Series C) to accelerate growth,sales@transit.io,generic,False,93,hot,,1
9cf0ab9431f1,Settle.io,HR Manager,"Sao Paulo, Brazil",https://theverge.com/settle-raises-08m-preseed,Closed a $0.8M pre-seed round in 2025,pedro@settle.io,google,True,60,warm,"{""recent_news"": ""Settle.io expanded into a new market in 2025 following its pre-seed raise."", ""person_highlights"": ""Pedro Souza is the HR Manager at Settle.io and leads its technology and product direction."", ""company_challenge"": ""The company is focused on meeting tightening compliance requirements across new markets."", ""tech_stack"": "".net microservices with a rules engine for compliance"", ""icebreaker"": ""Saw that Settle.io recently shipped a notable product update."", ""value_angle"": ""We could speed up KYC onboarding so fewer good customers drop off.""}",1
4db951586c43,Mode Stores,Head of Retail Media (Digital),India,https://techcrunch.com/mode-raises-2550m-seriesc,Announced €255.0M Series C financing in 2024,asharma@mode.in,pattern,False,54,warm,"{""recent_news"": ""Mode Stores expanded into a new market in 2024 following its Series C raise."", ""person_highlights"": ""Arjun Sharma co-founded Mode Stores and now serves as Head of Retail Media (Digital)."", ""company_challenge"": ""The company is focused on personalizing offers without a clean first-party data foundation."", ""tech_stack"": ""Salesforce commerce cloud and a segment data layer"", ""icebreaker"": ""I noticed Mode Stores has been expanding its team this year."", ""value_angle"": ""We could unify their customer data so campaigns target the right shoppers.""}",1
96e271e1afa5,Boutiq Stores,VP Sales,"New York, New York, United States",https://linkedin.com/boutiq-raises-214m-seriesa,Secured £21.4M (Series A) to accelerate growth,sarah.h@boutiq.ai,google,False,100,hot,"{""recent_news"": ""Boutiq Stores launched a new product line in 2024 aimed at enterprise customers."", ""person_highlights"": ""Sarah Harris, VP Sales at Boutiq Stores, has spoken publicly about scaling engineering teams."", ""company_challenge"": ""The company is focused on growing retail-media revenue from its e-commerce traffic."", ""tech_stack"": ""Sap commerce with a headless react front end"", ""icebreaker"": ""I noticed Boutiq Stores has been expanding its team this year."", ""value_angle"": ""We could unify their customer data so campaigns target the right shoppers.""}",1
0afb8519639d,Medisync Health,CTO,India,https://crunchbase.com/medisync-raises-10m-preseed,Closed a €1.0M pre-seed round in 2024,priya@medisync.in,google,True,82,warm,"{""recent_news"": ""Medisync Health raised €1.0M in a pre-seed round in 2024."", ""person_highlights"": ""Priya Gupta co-founded Medisync Health and now serves as CTO."", ""company_challenge"": ""The company is focused on meeting strict data-privacy rules while integrating hospital systems."", ""tech_stack"": ""A react native app backed by a node.js care-coordination api"", ""icebreaker"": ""I noticed Medisync Health has been expanding its team this year."", ""value_angle"": ""We could make EHR integration faster so onboarding new clinics is painless.""}",1
a9483216e982,Lumen.ai,CTO,"Stockholm, Sweden",https://crunchbase.com/lumen-raises-11m-preseed,Announced €1.1M pre-seed financing in 2024,erik.lindberg@lumen.io,pattern,False,92,hot,"{""recent_news"": ""Lumen.ai expanded into a new market in 2024 following its pre-seed raise."", ""person_highlights"": ""Erik Lindberg, CTO at Lumen.ai, has spoken publicly about scaling engineering teams."", ""company_challenge"": ""The company is focused on reducing inference latency while controlling GPU spend."", ""tech_stack"": ""Python, pytorch, kubernetes, and a multi-tenant inference layer"", ""icebreaker"": ""Saw that Lumen.ai recently shipped a notable product update."", ""value_angle"": ""We could give them observability across model pipelines and dependencies.""}",1
d9ddf5e43cbd,Nordica Retail,HRBP Lead,France,https://reuters.com/nordica-raises-290m-seriesb,Secured €29.0M (Series B) to accelerate growth,,,False,67,warm,"{""recent_news"": ""Nordica Retail expanded into a new market in 2024 following its Series B raise."", ""person_highlights"": ""Hugo Petit co-founded Nordica Retail and now serves as HRBP Lead."", ""company_challenge"": ""The company is focused on growing retail-media revenue from its e-commerce traffic."", ""tech_stack"": ""A homegrown commerce stack on aws with a snowflake warehouse"", ""icebreaker"": ""Impressed by Nordica Retail's momentum since the Series B round."", ""value_angle"": ""We could lift mobile conversion with faster, personalized storefront experiences.""}",1
4ce63b6d92b8,Conveyo Supply,HRBP Lead,"San Francisco, CA, United States",https://theverge.com/conveyo-raises-2136m-seriesc,Announced €213.6M Series C financing in 2024,sarah.g@conveyo.ai,google,True,52,warm,,1
a82342fa24c7,Parable,HR Director,"New York, New York, United States",https://tech.eu/parable-raises-598m-seriesb,Secured £59.8M (Series B) to accelerate growth,jessica.davis@parable.ai,pattern,False,65,warm,"{""recent_news"": ""Parable launched a new product line in 2025 aimed at enterprise customers."", ""person_highlights"": ""Jessica Davis co-founded Parable and now serves as HR Director."", ""company_challenge"": ""The company is focused on reducing inference latency while controlling GPU spend."", ""tech_stack"": ""Python, pytorch, kubernetes, and a multi-tenant inference layer"", ""icebreaker"": ""Congrats on Parable's £59.8M Series B round earlier in 2025."", ""value_angle"": ""We could accelerate their road from research prototype to production-grade platform.""}",1
1ae1c14b6a6c,Saffron Commerce,Head of Digital,"Melbourne, Australia",https://tech.eu/saffron-raises-505m-seriesb,Closed a £50.5M Series B round in 2025,oliver.b@saffron.io,google,True,73,warm,"{""recent_news"": ""Saffron Commerce expanded into a new market in 2025 following its Series B raise."", ""person_highlights"": ""Oliver Brown joined Saffron Commerce as Head of Digital after senior roles at larger technology firms."", ""company_challenge"": ""The company is focused on personalizing offers without a clean first-party data foundation."", ""tech_stack"": ""A shopify plus storefront with a custom cdp integration"", ""icebreaker"": ""I noticed Saffron Commerce has been expanding its team this year."", ""value_angle"": ""We could unify their customer data so campaigns target the right shoppers.""}",1
afb40fd37be7,Paytrail,CMO,"San Francisco, CA, United States",https://techfundingnews.com/paytrail-raises-725m-seriesb,Secured $72.5M (Series B) to accelerate growth,megan@paytrail.ai,scraping,True,95,hot,"{""recent_news"": ""Paytrail expanded into a new market in 2026 following its Series B raise."", ""person_highlights"": ""Megan Anderson joined Paytrail as CMO after senior roles at larger technology firms."", ""company_challenge"": ""The company is focused on meeting tightening compliance requirements across new markets."", ""tech_stack"": "".net microservices with a rules engine for compliance"", ""icebreaker"": ""Congrats on Paytrail's $72.5M Series B round earlier in 2026."", ""value_angle"": ""We could speed up KYC onboarding so fewer good customers drop off.""}",1
20e1cfe08318,Axion,Head of Sales,Netherlands,https://linkedin.com/axion-raises-2647m-seriesc,Closed a €264.7M Series C round in 2023,sanne.d@axion.io,google,True,88,hot,"{""recent_news"": ""Axion raised €264.7M in a Series C round in 2023."", ""person_highlights"": ""Sanne de Boer joined Axion as Head of Sales after senior roles at larger technology firms."", ""company_challenge"": ""The company is focused on reducing inference latency while controlling GPU spend."", ""tech_stack"": ""Typescript, postgres, and a ray-based training pipeline"", ""icebreaker"": ""Impressed by Axion's momentum since the Series C round."", ""value_angle"": ""We could help them cut inference costs while keeping latency low at enterprise scale.""}",1
3da440b050d5,Trackr Logistics,VP of Sales,India,https://theverge.com/trackr-raises-47m-seed,Secured €4.7M (seed) to accelerate growth,vnair@trackr.in,pattern,False,69,warm,"{""recent_news"": ""Trackr Logistics expanded into a new market in 2025 following its seed raise."", ""person_highlights"": ""Vikram Nair, VP of Sales at Trackr Logistics, has spoken publicly about scaling engineering teams."", ""company_challenge"": ""The company is focused on giving customers real-time visibility into shipments."", ""tech_stack"": ""A route-optimization engine in python with postgis"", ""icebreaker"": ""Impressed by Trackr Logistics's momentum since the seed round."", ""value_angle"": ""We could forecast demand so warehouses staff to the right level.""}",1
25da91b9b0d9,Medbridge Med,VP of Sales,"Delhi, India",https://businessinsider.com/medbridge-raises-499m-seriesb,Closed a £49.9M Series B round in 2023,riya.iyer@medbridge.com,pattern,True,91,hot,,1
4a2b2d77b717,Foundry,Chief Technology Officer,France,https://theverge.com/foundry-raises-183m-seriesa,Raised €18.3M in Series A funding in 2026,manon.dubois@foundry.ai,google,True,86,hot,,1
4a33c42a970c,Riva Commerce,Chief Digital Officer,"London, UK",https://sifted.eu/riva-raises-39m-seed,Announced $3.9M seed financing in 2023,,,False,94,hot,"{""recent_news"": ""Riva Commerce launched a new product line in 2023 aimed at enterprise customers."", ""person_highlights"": ""Emily Green joined Riva Commerce as Chief Digital Officer after senior roles at larger technology firms."", ""company_challenge"": ""The company is focused on unifying online and in-store customer data into one view."", ""tech_stack"": ""A homegrown commerce stack on aws with a snowflake warehouse"", ""icebreaker"": ""Saw that Riva Commerce recently shipped a notable product update."", ""value_angle"": ""We could lift mobile conversion with faster, personalized storefront experiences.""}",1
6df93c9a6994,Mindstack Cloud,Head of AI,Sweden,https://tech.eu/mindstack-raises-646m-seriesb,Closed a $64.6M Series B round in 2025,nils.andersson@mindstack.io,hunter,False,52,warm,"{""recent_news"": ""Mindstack Cloud announced a strategic partnership in 2025 to broaden distribution."", ""person_highlights"": ""Nils Andersson, Head of AI at Mindstack Cloud, has spoken publicly about scaling engineering teams."", ""company_challenge"": ""The company is focused on reducing inference latency while controlling GPU spend."", ""tech_stack"": ""Go microservices with a vector database for retrieval"", ""icebreaker"": ""Saw that Mindstack Cloud recently shipped a notable product update."", ""value_angle"": ""We could give them observability across model pipelines and dependencies.""}",1
2c44c22ee706,Glide,CTO,"Tokyo, Japan",https://techinasia.com/glide-raises-153m-seriesa,Raised £15.3M in Series A funding in 2024,,,False,94,hot,"{""recent_news"": ""Glide announced a strategic partnership in 2024 to broaden distribution."", ""person_highlights"": ""Kenji Suzuki joined Glide as CTO after senior roles at larger technology firms."", ""company_challenge"": ""The company is focused on scaling its model-serving infrastructure to enterprise traffic."", ""tech_stack"": ""Typescript, postgres, and a ray-based training pipeline"", ""icebreaker"": ""I noticed Glide has been expanding its team this year."", ""value_angle"": ""We could accelerate their road from research prototype to production-grade platform.""}",1
17c4e71638ef,Atelier Retail,Head of Retail Media (Digital),London,https://businessinsider.com/atelier-raises-32m-seed,Closed a $3.2M seed round in 2024,emily.s@atelier.co.uk,google,False,70,warm,"{""recent_news"": ""Atelier Retail expanded into a new market in 2024 following its seed raise."", ""person_highlights"": ""Emily Smith is the Head of Retail Media (Digital) at Atelier Retail and leads its technology and product direction."", ""company_challenge"": ""The company is focused on unifying online and in-store customer data into one view."", ""tech_stack"": ""A homegrown commerce stack on aws with a snowflake warehouse"", ""icebreaker"": ""Saw that Atelier Retail recently shipped a notable product update."", ""value_angle"": ""We could tie loyalty data back to media spend for cleaner attribution.""}",1
8cf7717eb0b8,Shiply Freight,Chief Technology Officer,Singapore,https://tech.eu/shiply-raises-04m-preseed,Announced €0.4M pre-seed financing in 2024,aaron.wong@shiply.ai,pattern,False,70,warm,"{""recent_news"": ""Shiply Freight launched a new product line in 2024 aimed at enterprise customers."", ""person_highlights"": ""Aaron Wong, Chief Technology Officer at Shiply Freight, has spoken publicly about scaling engineering teams."", ""company_challenge"": ""The company is focused on optimizing last-mile routing to cut delivery cost."", ""tech_stack"": ""Kafka-based event tracking with a react dashboard"", ""icebreaker"": ""Congrats on Shiply Freight's €0.4M pre-seed round earlier in 2024."", ""value_angle"": ""We could digitize freight booking to remove manual back-and-forth.""}",1
83b42c9680ad,Capita Capital,HR Manager,"Sydney, Australia",https://tech.eu/capita-raises-282m-seriesb,Secured $28.2M (Series B) to accelerate growth,william.lee@capita.com,pattern,True,66,warm,"{""recent_news"": ""Capita Capital expanded into a new market in 2026 following its Series B raise."", ""person_highlights"": ""William Lee joined Capita Capital as HR Manager after senior roles at larger technology firms."", ""company_challenge"": ""The company is focused on differentiating in a crowded payments market."", ""tech_stack"": ""Node.js, postgres, and a real-time fraud-scoring engine"", ""icebreaker"": ""Impressed by Capita Capital's momentum since the Series B round."", ""value_angle"": ""We could speed up KYC onboarding so fewer good customers drop off.""}",1
35109b4d3027,Inferra.ai,Chief Technology Officer,"Manchester, UK",https://sifted.eu/inferra-raises-08m-preseed,Announced £0.8M pre-seed financing in 2025,james@inferra.co.uk,google,True,90,hot,"{""recent_news"": ""Inferra.ai announced a strategic partnership in 2025 to broaden distribution."", ""person_highlights"": ""James Taylor is the Chief Technology Officer at Inferra.ai and leads its technology and product direction."", ""company_challenge"": ""The company is focused on scaling its model-serving infrastructure to enterprise traffic."", ""tech_stack"": ""Python, pytorch, kubernetes, and a multi-tenant inference layer"", ""icebreaker"": ""Congrats on Inferra.ai's £0.8M pre-seed round earlier in 2025."", ""value_angle"": ""We could give them observability across model pipelines and dependencies.""}",1
acb385c8eb9c,Trackr,Head of Digital,Italy,https://crunchbase.com/trackr-raises-2719m-seriesc,Closed a €271.9M Series C round in 2023,chiara@trackr.io,google,True,96,hot,"{""recent_news"": ""Trackr launched a new product line in 2023 aimed at enterprise customers."", ""person_highlights"": ""Chiara Rossi joined Trackr as Head of Digital after senior roles at larger technology firms."", ""company_challenge"": ""The company is focused on forecasting demand to balance warehouse capacity."", ""tech_stack"": ""A .net tms integrated with carrier edi feeds"", ""icebreaker"": ""Congrats on Trackr's €271.9M Series C round earlier in 2023."", ""value_angle"": ""We could give shippers real-time tracking that reduces support tickets.""}",1
680da9473c77,Movex Freight,Chief Technology Officer,France,https://reuters.com/movex-raises-1104m-seriesc,Closed a $110.4M Series C round in 2023,louis.martin@movex.fr,pattern,True,75,warm,"{""recent_news"": ""Movex Freight raised $110.4M in a Series C round in 2023."", ""person_highlights"": ""Louis Martin, Chief Technology Officer at Movex Freight, has spoken publicly about scaling engineering teams."", ""company_challenge"": ""The company is focused on optimizing last-mile routing to cut delivery cost."", ""tech_stack"": ""Go services with a real-time telematics ingestion pipeline"", ""icebreaker"": ""I noticed Movex Freight has been expanding its team this year."", ""value_angle"": ""We could digitize freight booking to remove manual back-and-forth.""}",1
991256d002c6,Nimbus.ai,VP of Sales,"Barcelona, Spain",https://techinasia.com/nimbus-raises-317m-seriesb,Announced €31.7M Series B financing in 2024,cmartinez@nimbus.ai,scraping,False,98,hot,,1
ce98d9643722,Routeflow Logistics,Chief Technology Officer,"San Francisco, CA, United States",https://techcrunch.com/routeflow-raises-04m-preseed,Closed a $0.4M pre-seed round in 2024,sthompson@routeflow.io,scraping,True,64,warm,"{""recent_news"": ""Routeflow Logistics announced a strategic partnership in 2024 to broaden distribution."", ""person_highlights"": ""Sarah Thompson co-founded Routeflow Logistics and now serves as Chief Technology Officer."", ""company_challenge"": ""The company is focused on digitizing a paper-heavy freight-booking process."", ""tech_stack"": ""Go services with a real-time telematics ingestion pipeline"", ""icebreaker"": ""Saw that Routeflow Logistics recently shipped a notable product update."", ""value_angle"": ""We could digitize freight booking to remove manual back-and-forth.""}",1
7151f291f0ad,Nimbo Freight,Head of Digital,"New York, New York, United States",https://sifted.eu/nimbo-raises-610m-seriesb,Raised £61.0M in Series B funding in 2023,,,False,94,hot,"{""recent_news"": ""Nimbo Freight launched a new product line in 2023 aimed at enterprise customers."", ""person_highlights"": ""Megan Miller co-founded Nimbo Freight and now serves as Head of Digital."", ""company_challenge"": ""The company is focused on giving customers real-time visibility into shipments."", ""tech_stack"": ""Go services with a real-time telematics ingestion pipeline"", ""icebreaker"": ""Impressed by Nimbo Freight's momentum since the Series B round."", ""value_angle"": ""We could digitize freight booking to remove manual back-and-forth.""}",1
f1d24cfc311b,Lumiere,CMO,Netherlands,https://businessinsider.com/lumiere-raises-05m-preseed,Secured €0.5M (pre-seed) to accelerate growth,stijn.devries@lumiere.io,google,True,98,hot,,1
f1d958e21e6b,Parable Cloud,Chief Technology Officer,"Madrid, Spain",https://sifted.eu/parable-raises-99m-seriesa,Announced €9.9M Series A financing in 2024,cgarcia@parable.ai,google,True,59,warm,,1
7b5b79b26312,Glide AI,People Operations Lead,"Rotterdam, Netherlands",https://techcrunch.com/glide-raises-172m-seriesa,Secured $17.2M (Series A) to accelerate growth,bram.jansen@glide.io,hunter,False,65,warm,"{""recent_news"": ""Glide AI expanded into a new market in 2025 following its Series A raise."", ""person_highlights"": ""Bram Jansen, People Operations Lead at Glide AI, has spoken publicly about scaling engineering teams."", ""company_challenge"": ""The company is focused on reducing inference latency while controlling GPU spend."", ""tech_stack"": ""Typescript, postgres, and a ray-based training pipeline"", ""icebreaker"": ""Saw that Glide AI recently shipped a notable product update."", ""value_angle"": ""We could automate evaluation so they can ship model updates with confidence.""}",1
7009f102dd03,Monetar.io,CTO,Berlin,https://techinasia.com/monetar-raises-13m-preseed,Announced €1.3M pre-seed financing in 2026,sophie.k@monetar.de,hunter,True,70,warm,"{""recent_news"": ""Monetar.io raised €1.3M in a pre-seed round in 2026."", ""person_highlights"": ""Sophie Krause is the CTO at Monetar.io and leads its technology and product direction."", ""company_challenge"": ""The company is focused on differentiating in a crowded payments market."", ""tech_stack"": ""Java, kafka, and a pci-compliant ledger service"", ""icebreaker"": ""Saw that Monetar.io recently shipped a notable product update."", ""value_angle"": ""We could give compliance teams audit-ready reporting out of the box.""}",1
4301fec277fb,Medly Bio,HR Director,"Hamburg, Germany",https://reuters.com/medly-raises-135m-seriesa,Secured £13.5M (Series A) to accelerate growth,hannah@medly.com,pattern,False,61,warm,"{""recent_news"": ""Medly Bio expanded into a new market in 2024 following its Series A raise."", ""person_highlights"": ""Hannah Schneider co-founded Medly Bio and now serves as HR Director."", ""company_challenge"": ""The company is focused on reducing clinician admin burden with better tooling."", ""tech_stack"": ""Python services with an hl7 integration layer"", ""icebreaker"": ""Congrats on Medly Bio's £13.5M Series A round earlier in 2024."", ""value_angle"": ""We could reduce clinician admin time with automated documentation.""}",1
7468c583db63,Tendr Bank,CTO,Berlin,https://sifted.eu/tendr-raises-14m-preseed,Raised £1.4M in pre-seed funding in 2025,sales@tendr.com,generic,True,66,warm,"{""recent_news"": ""Tendr Bank announced a strategic partnership in 2025 to broaden distribution."", ""person_highlights"": ""Hannah Schneider, CTO at Tendr Bank, has spoken publicly about scaling engineering teams."", ""company_challenge"": ""The company is focused on scaling KYC onboarding while keeping conversion high."", ""tech_stack"": "".net microservices with a rules engine for compliance"", ""icebreaker"": ""I noticed Tendr Bank has been expanding its team this year."", ""value_angle"": ""We could sharpen their go-to-market message in a crowded category.""}",1
d5162735e63b,Bioloop Bio,HR Director,India,https://sifted.eu/bioloop-raises-2963m-seriesc,Raised £296.3M in Series C funding in 2023,arjun.reddy@bioloop.com,google,False,69,warm,,1
00a923a306a9,Saffron Group,Head of Digital,"Dubai, UAE",https://tech.eu/saffron-raises-41m-seed,Announced $4.1M seed financing in 2025,omar.aziz@saffron.ai,google,True,54,warm,"{""recent_news"": ""Saffron Group announced a strategic partnership in 2025 to broaden distribution."", ""person_highlights"": ""Omar Aziz, Head of Digital at Saffron Group, has spoken publicly about scaling engineering teams."", ""company_challenge"": ""The company is focused on growing retail-media revenue from its e-commerce traffic."", ""tech_stack"": ""A shopify plus storefront with a custom cdp integration"", ""icebreaker"": ""Saw that Saffron Group recently shipped a notable product update."", ""value_angle"": ""We could tie loyalty data back to media spend for cleaner attribution.""}",1
7b0aa2132921,Nordica Stores,VP Sales,"Rio de Janeiro, Brazil",https://reuters.com/nordica-raises-948m-seriesc,Closed a $94.8M Series C round in 2024,contact@nordica.io,generic,True,86,hot,"{""recent_news"": ""Nordica Stores launched a new product line in 2024 aimed at enterprise customers."", ""person_highlights"": ""Gustavo Lima joined Nordica Stores as VP Sales after senior roles at larger technology firms."", ""company_challenge"": ""The company is focused on unifying online and in-store customer data into one view."", ""tech_stack"": ""Salesforce commerce cloud and a segment data layer"", ""icebreaker"": ""Saw that Nordica Stores recently shipped a notable product update."", ""value_angle"": ""We could stand up a retail-media offering that monetizes existing traffic.""}",1
bc7be4a3e768,Mercato,Head of Digital,"Brisbane, Australia",https://techinasia.com/mercato-raises-07m-preseed,Secured $0.7M (pre-seed) to accelerate growth,zoe.wilson@mercato.com,hunter,False,89,hot,"{""recent_news"": ""Mercato raised $0.7M in a pre-seed round in 2024."", ""person_highlights"": ""Zoe Wilson co-founded Mercato and now serves as Head of Digital."", ""company_challenge"": ""The company is focused on growing retail-media revenue from its e-commerce traffic."", ""tech_stack"": ""Salesforce commerce cloud and a segment data layer"", ""icebreaker"": ""Congrats on Mercato's $0.7M pre-seed round earlier in 2024."", ""value_angle"": ""We could lift mobile conversion with faster, personalized storefront experiences.""}",1
a4a5f3940e1e,Mindstack,VP Sales,"Rio de Janeiro, Brazil",https://tech.eu/mindstack-raises-73m-seed,Announced £7.3M seed financing in 2026,diego.s@mindstack.com,hunter,False,100,hot,"{""recent_news"": ""Mindstack announced a strategic partnership in 2026 to broaden distribution."", ""person_highlights"": ""Diego Santos, VP Sales at Mindstack, has spoken publicly about scaling engineering teams."", ""company_challenge"": ""The company is focused on scaling its model-serving infrastructure to enterprise traffic."", ""tech_stack"": ""A gpu-accelerated training stack on aws with custom orchestration"", ""icebreaker"": ""Congrats on Mindstack's £7.3M seed round earlier in 2026."", ""value_angle"": ""We could automate evaluation so they can ship model updates with confidence.""}",1
ba1d1b1c4431,Dockly Freight,Head of Digital,Dubai,https://linkedin.com/dockly-raises-203m-seriesa,Closed a €20.3M Series A round in 2024,tariq.m@dockly.ae,google,False,72,warm,"{""recent_news"": ""Dockly Freight raised €20.3M in a Series A round in 2024."", ""person_highlights"": ""Tariq Mansoori co-founded Dockly Freight and now serves as Head of Digital."", ""company_challenge"": ""The company is focused on digitizing a paper-heavy freight-booking process."", ""tech_stack"": ""A route-optimization engine in python with postgis"", ""icebreaker"": ""Saw that Dockly Freight recently shipped a notable product update."", ""value_angle"": ""We could digitize freight booking to remove manual back-and-forth.""}",1
56c7a5bed780,Cortex,Chief Technology Officer,Singapore,https://crunchbase.com/cortex-raises-660m-seriesb,Closed a $66.0M Series B round in 2026,kai.kumar@cortex.io,scraping,True,87,hot,,1
b09ccaf7bbfd,Remitly,CTO,"Munich, Germany",https://linkedin.com/remitly-raises-357m-seriesb,Raised €35.7M in Series B funding in 2024,hannah.vogel@remitly.ai,google,True,94,hot,,1
608d6664372a,Cura Care,People Operations Lead,"Bangalore, India",https://techfundingnews.com/cura-raises-483m-seriesb,Announced £48.3M Series B financing in 2025,sreddy@cura.ai,hunter,True,69,warm,"{""recent_news"": ""Cura Care announced a strategic partnership in 2025 to broaden distribution."", ""person_highlights"": ""Sanjay Reddy is the People Operations Lead at Cura Care and leads its technology and product direction."", ""company_challenge"": ""The company is focused on meeting strict data-privacy rules while integrating hospital systems."", ""tech_stack"": ""A data platform on gcp feeding clinical decision support"", ""icebreaker"": ""Impressed by Cura Care's momentum since the Series B round."", ""value_angle"": ""We could scale their telehealth platform to handle demand spikes.""}",1
c43b8fc19f8d,Synth Labs,Country HR Director,"Hamburg, Germany",https://sifted.eu/synth-raises-2468m-seriesc,Raised €246.8M in Series C funding in 2026,lkrause@synth.com,pattern,False,65,warm,,1
b403b1f8301a,Tensor Cloud,VP of Engineering,"Sao Paulo, Brazil",https://techcrunch.com/tensor-raises-1845m-seriesc,Announced £184.5M Series C financing in 2023,ana.s@tensor.com,scraping,True,75,warm,,1
00bf32a6aad2,Inferra AI,HRBP Lead,"San Francisco, CA, United States",https://linkedin.com/inferra-raises-157m-seriesa,Raised $15.7M in Series A funding in 2025,michael.johnson@inferra.com,google,True,71,warm,"{""recent_news"": ""Inferra AI expanded into a new market in 2025 following its Series A raise."", ""person_highlights"": ""Michael Johnson, HRBP Lead at Inferra AI, has spoken publicly about scaling engineering teams."", ""company_challenge"": ""The company is focused on scaling its model-serving infrastructure to enterprise traffic."", ""tech_stack"": ""Python, pytorch, kubernetes, and a multi-tenant inference layer"", ""icebreaker"": ""I noticed Inferra AI has been expanding its team this year."", ""value_angle"": ""We could automate evaluation so they can ship model updates with confidence.""}",1
451a530a8cf2,Quantal Systems,VP of Engineering,"Dubai, UAE",https://businessinsider.com/quantal-raises-04m-preseed,Raised €0.4M in pre-seed funding in 2025,yousef.h@quantal.ai,google,False,80,warm,"{""recent_news"": ""Quantal Systems launched a new product line in 2025 aimed at enterprise customers."", ""person_highlights"": ""Yousef Hassan is the VP of Engineering at Quantal Systems and leads its technology and product direction."", ""company_challenge"": ""The company is focused on scaling its model-serving infrastructure to enterprise traffic."", ""tech_stack"": ""Typescript, postgres, and a ray-based training pipeline"", ""icebreaker"": ""Congrats on Quantal Systems's €0.4M pre-seed round earlier in 2025."", ""value_angle"": ""We could give them observability across model pipelines and dependencies.""}",1
1b8d7af43695,Mode Retail,Head of Sales,"Melbourne, Australia",https://techinasia.com/mode-raises-1911m-seriesc,Raised $191.1M in Series C funding in 2025,oliver@mode.ai,pattern,True,58,warm,"{""recent_news"": ""Mode Retail raised $191.1M in a Series C round in 2025."", ""person_highlights"": ""Oliver Jones co-founded Mode Retail and now serves as Head of Sales."", ""company_challenge"": ""The company is focused on improving e-commerce conversion on mobile."", ""tech_stack"": ""A homegrown commerce stack on aws with a snowflake warehouse"", ""icebreaker"": ""Congrats on Mode Retail's $191.1M Series C round earlier in 2025."", ""value_angle"": ""We could unify their customer data so campaigns target the right shoppers.""}",1
ed72325752a6,Streamline Bank,Head of Sales,"Mumbai, India",https://theverge.com/streamline-raises-318m-seriesb,Announced €31.8M Series B financing in 2026,asharma@streamline.io,scraping,False,88,hot,"{""recent_news"": ""Streamline Bank raised €31.8M in a Series B round in 2026."", ""person_highlights"": ""Ananya Sharma, Head of Sales at Streamline Bank, has spoken publicly about scaling engineering teams."", ""company_challenge"": ""The company is focused on scaling KYC onboarding while keeping conversion high."", ""tech_stack"": ""Go, grpc, and an event-sourced transaction core"", ""icebreaker"": ""Impressed by Streamline Bank's momentum since the Series B round."", ""value_angle"": ""We could sharpen their go-to-market message in a crowded category.""}",1
219d5d70f4e1,Transit Freight,Head of Digital,"Madrid, Spain",https://theverge.com/transit-raises-551m-seriesb,Raised €55.1M in Series B funding in 2026,lucia.l@transit.ai,google,True,68,warm,"{""recent_news"": ""Transit Freight expanded into a new market in 2026 following its Series B raise."", ""person_highlights"": ""Lucia Lopez, Head of Digital at Transit Freight, has spoken publicly about scaling engineering teams."", ""company_challenge"": ""The company is focused on digitizing a paper-heavy freight-booking process."", ""tech_stack"": ""A .net tms integrated with carrier edi feeds"", ""icebreaker"": ""Impressed by Transit Freight's momentum since the Series B round."", ""value_angle"": ""We could give shippers real-time tracking that reduces support tickets.""}",1
565dcc269a11,Paytrail,Head of Digital,"Manchester, UK",https://tech.eu/paytrail-raises-60m-seed,Secured €6.0M (seed) to accelerate growth,james.roberts@paytrail.com,hunter,True,63,warm,,1
69e339ba8fcd,Axion Labs,Country HR Director,Sweden,https://techcrunch.com/axion-raises-661m-seriesb,Announced $66.1M Series B financing in 2025,axel.h@axion.com,pattern,True,75,warm,,1
de549ccb6a0f,Orbital.ai,CTO,"Austin, TX, United States",https://techfundingnews.com/orbital-raises-1114m-seriesc,Secured $111.4M (Series C) to accelerate growth,emily.w@orbital.io,pattern,True,80,warm,"{""recent_news"": ""Orbital.ai launched a new product line in 2023 aimed at enterprise customers."", ""person_highlights"": ""Emily White co-founded Orbital.ai and now serves as CTO."", ""company_challenge"": ""The company is focused on scaling its model-serving infrastructure to enterprise traffic."", ""tech_stack"": ""A gpu-accelerated training stack on aws with custom orchestration"", ""icebreaker"": ""Saw that Orbital.ai recently shipped a notable product update."", ""value_angle"": ""We could help them cut inference costs while keeping latency low at enterprise scale.""}",1
fe36b3c154e9,Nimbus.ai,Head of AI,"Madrid, Spain",https://businessinsider.com/nimbus-raises-12m-preseed,Announced $1.2M pre-seed financing in 2024,carlos.g@nimbus.es,google,False,84,warm,"{""recent_news"": ""Nimbus.ai announced a strategic partnership in 2024 to broaden distribution."", ""person_highlights"": ""Carlos Gonzalez co-founded Nimbus.ai and now serves as Head of AI."", ""company_challenge"": ""The company is focused on expanding from a single-product wedge into a broader platform."", ""tech_stack"": ""Python, pytorch, kubernetes, and a multi-tenant inference layer"", ""icebreaker"": ""Congrats on Nimbus.ai's $1.2M pre-seed round earlier in 2024."", ""value_angle"": ""We could give them observability across model pipelines and dependencies.""}",1
5da0283b9f03,Marqo Retail,Head of Digital,"Melbourne, Australia",https://crunchbase.com/marqo-raises-07m-preseed,Announced $0.7M pre-seed financing in 2025,zoe.a@marqo.io,pattern,False,99,hot,,1
93daf8b8ca9f,Shiply Supply,VP of Sales,Sweden,https://theverge.com/shiply-raises-23m-seed,Secured $2.3M (seed) to accelerate growth,nolsson@shiply.io,google,False,71,warm,"{""recent_news"": ""Shiply Supply launched a new product line in 2025 aimed at enterprise customers."", ""person_highlights"": ""Nils Olsson joined Shiply Supply as VP of Sales after senior roles at larger technology firms."", ""company_challenge"": ""The company is focused on giving customers real-time visibility into shipments."", ""tech_stack"": ""Kafka-based event tracking with a react dashboard"", ""icebreaker"": ""Impressed by Shiply Supply's momentum since the seed round."", ""value_angle"": ""We could forecast demand so warehouses staff to the right level.""}",1
36a3db9166a2,Loop,CTO,"Delhi, India",https://techfundingnews.com/loop-raises-57m-seed,Announced £5.7M seed financing in 2025,arjun.m@loop.com,pattern,True,88,hot,"{""recent_news"": ""Loop expanded into a new market in 2025 following its seed raise."", ""person_highlights"": ""Arjun Menon joined Loop as CTO after senior roles at larger technology firms."", ""company_challenge"": ""The company is focused on turning a strong research demo into a reliable production platform."", ""tech_stack"": ""Python, pytorch, kubernetes, and a multi-tenant inference layer"", ""icebreaker"": ""I noticed Loop has been expanding its team this year."", ""value_angle"": ""We could accelerate their road from research prototype to production-grade platform.""}",1
5671e8c3152a,Cohera AI,Chief Technology Officer,"Bangalore, India",https://crunchbase.com/cohera-raises-10m-preseed,Closed a $1.0M pre-seed round in 2025,ananya.r@cohera.ai,google,False,89,hot,"{""recent_news"": ""Cohera AI raised $1.0M in a pre-seed round in 2025."", ""person_highlights"": ""Ananya Reddy co-founded Cohera AI and now serves as Chief Technology Officer."", ""company_challenge"": ""The company is focused on expanding from a single-product wedge into a broader platform."", ""tech_stack"": ""Python, pytorch, kubernetes, and a multi-tenant inference layer"", ""icebreaker"": ""I noticed Cohera AI has been expanding its team this year."", ""value_angle"": ""We could accelerate their road from research prototype to production-grade platform.""}",1
cdb9c0ae9b5a,Foundry Cloud,Chief Technology Officer,"Cambridge, UK",https://tech.eu/foundry-raises-211m-seriesa,Secured $21.1M (Series A) to accelerate growth,amelia.r@foundry.ai,google,True,64,warm,"{""recent_news"": ""Foundry Cloud announced a strategic partnership in 2023 to broaden distribution."", ""person_highlights"": ""Amelia Roberts, Chief Technology Officer at Foundry Cloud, has spoken publicly about scaling engineering teams."", ""company_challenge"": ""The company is focused on reducing inference latency while controlling GPU spend."", ""tech_stack"": ""Typescript, postgres, and a ray-based training pipeline"", ""icebreaker"": ""Impressed by Foundry Cloud's momentum since the Series A round."", ""value_angle"": ""We could automate evaluation so they can ship model updates with confidence.""}",1
c062166e89de,Marqo & Co,Chief Marketing Officer,Brazil,https://tech.eu/marqo-raises-834m-seriesc,Secured $83.4M (Series C) to accelerate growth,gustavo.rodrigues@marqo.ai,pattern,True,92,hot,"{""recent_news"": ""Marqo & Co raised $83.4M in a Series C round in 2024."", ""person_highlights"": ""Gustavo Rodrigues joined Marqo & Co as Chief Marketing Officer after senior roles at larger technology firms."", ""company_challenge"": ""The company is focused on personalizing offers without a clean first-party data foundation."", ""tech_stack"": ""A homegrown commerce stack on aws with a snowflake warehouse"", ""icebreaker"": ""Saw that Marqo & Co recently shipped a notable product update."", ""value_angle"": ""We could stand up a retail-media offering that monetizes existing traffic.""}",1
829966e01e4b,Stride Systems,VP of Engineering,"Rio de Janeiro, Brazil",https://techfundingnews.com/stride-raises-2388m-seriesc,Raised €238.8M in Series C funding in 2025,diego@stride.com,google,False,71,warm,"{""recent_news"": ""Stride Systems launched a new product line in 2025 aimed at enterprise customers."", ""person_highlights"": ""Diego Silva, VP of Engineering at Stride Systems, has spoken publicly about scaling engineering teams."", ""company_challenge"": ""The company is focused on scaling its model-serving infrastructure to enterprise traffic."", ""tech_stack"": ""Typescript, postgres, and a ray-based training pipeline"", ""icebreaker"": ""Impressed by Stride Systems's momentum since the Series C round."", ""value_angle"": ""We could accelerate their road from research prototype to production-grade platform.""}",1
61756b854a78,Banca Capital,Chief Marketing Officer,"Cambridge, UK",https://techcrunch.com/banca-raises-168m-seriesa,Closed a €16.8M Series A round in 2025,team@banca.com,generic,True,72,warm,,1
0684b879be5d,Oncora.health,Head of Digital,"Barcelona, Spain",https://sifted.eu/oncora-raises-270m-seriesb,Announced €27.0M Series B financing in 2024,miguel.torres@oncora.es,hunter,False,76,warm,,1
4ddb4671ef3a,Palleta.io,Chief Technology Officer,"Lyon, France",https://techfundingnews.com/palleta-raises-1027m-seriesc,Raised £102.7M in Series C funding in 2023,,,False,54,warm,"{""recent_news"": ""Palleta.io raised £102.7M in a Series C round in 2023."", ""person_highlights"": ""Lea Durand is the Chief Technology Officer at Palleta.io and leads its technology and product direction."", ""company_challenge"": ""The company is focused on optimizing last-mile routing to cut delivery cost."", ""tech_stack"": ""A .net tms integrated with carrier edi feeds"", ""icebreaker"": ""I noticed Palleta.io has been expanding its team this year."", ""value_angle"": ""We could forecast demand so warehouses staff to the right level.""}",1
28f6e41a5d0f,Logix.io,CTO,"Tokyo, Japan",https://techinasia.com/logix-raises-136m-seriesa,Announced £13.6M Series A financing in 2025,hkato@logix.com,google,False,71,warm,"{""recent_news"": ""Logix.io launched a new product line in 2025 aimed at enterprise customers."", ""person_highlights"": ""Haruto Kato co-founded Logix.io and now serves as CTO."", ""company_challenge"": ""The company is focused on giving customers real-time visibility into shipments."", ""tech_stack"": ""A route-optimization engine in python with postgis"", ""icebreaker"": ""Saw that Logix.io recently shipped a notable product update."", ""value_angle"": ""We could digitize freight booking to remove manual back-and-forth.""}",1
0d45ed5ecb8e,Neura,CTO,"Madrid, Spain",https://techcrunch.com/neura-raises-76m-seed,Announced $7.6M seed financing in 2025,raul@neura.ai,pattern,False,99,hot,"{""recent_news"": ""Neura announced a strategic partnership in 2025 to broaden distribution."", ""person_highlights"": ""Raul Torres co-founded Neura and now serves as CTO."", ""company_challenge"": ""The company is focused on turning a strong research demo into a reliable production platform."", ""tech_stack"": ""A gpu-accelerated training stack on aws with custom orchestration"", ""icebreaker"": ""Impressed by Neura's momentum since the seed round."", ""value_angle"": ""We could help them cut inference costs while keeping latency low at enterprise scale.""}",1
3a3d66fe668c,Movex,CTO,"Amsterdam, Netherlands",https://crunchbase.com/movex-raises-148m-seriesa,Announced £14.8M Series A financing in 2024,bdekker@movex.com,hunter,True,81,warm,,1
768aab3f7b81,Yield.io,Chief Marketing Officer,Netherlands,https://techcrunch.com/yield-raises-05m-preseed,Raised €0.5M in pre-seed funding in 2025,,,False,99,hot,"{""recent_news"": ""Yield.io expanded into a new market in 2025 following its pre-seed raise."", ""person_highlights"": ""Lotte van Dijk co-founded Yield.io and now serves as Chief Marketing Officer."", ""company_challenge"": ""The company is focused on scaling KYC onboarding while keeping conversion high."", ""tech_stack"": ""Go, grpc, and an event-sourced transaction core"", ""icebreaker"": ""Saw that Yield.io recently shipped a notable product update."", ""value_angle"": ""We could sharpen their go-to-market message in a crowded category.""}",1
45335617a355,Orbital AI,Chief Technology Officer,"Mumbai, India",https://reuters.com/orbital-raises-03m-preseed,Closed a £0.3M pre-seed round in 2024,nikhil.r@orbital.in,google,False,61,warm,"{""recent_news"": ""Orbital AI announced a strategic partnership in 2024 to broaden distribution."", ""person_highlights"": ""Nikhil Reddy is the Chief Technology Officer at Orbital AI and leads its technology and product direction."", ""company_challenge"": ""The company is focused on expanding from a single-product wedge into a broader platform."", ""tech_stack"": ""Go microservices with a vector database for retrieval"", ""icebreaker"": ""Congrats on Orbital AI's £0.3M pre-seed round earlier in 2024."", ""value_angle"": ""We could automate evaluation so they can ship model updates with confidence.""}",1
2904ef86d487,Cohera Cloud,People Operations Lead,"Mumbai, India",https://sifted.eu/cohera-raises-214m-seriesa,Closed a €21.4M Series A round in 2025,,,False,95,hot,"{""recent_news"": ""Cohera Cloud expanded into a new market in 2025 following its Series A raise."", ""person_highlights"": ""Divya Patel co-founded Cohera Cloud and now serves as People Operations Lead."", ""company_challenge"": ""The company is focused on reducing inference latency while controlling GPU spend."", ""tech_stack"": ""Go microservices with a vector database for retrieval"", ""icebreaker"": ""Congrats on Cohera Cloud's €21.4M Series A round earlier in 2025."", ""value_angle"": ""We could give them observability across model pipelines and dependencies.""}",1
0c5270ea226d,Carrefive & Co,Head of Digital,"Dubai, UAE",https://tech.eu/carrefive-raises-88m-seriesa,Secured $8.8M (Series A) to accelerate growth,contact@carrefive.ae,generic,True,90,hot,"{""recent_news"": ""Carrefive & Co raised $8.8M in a Series A round in 2025."", ""person_highlights"": ""Bilal Mansoori, Head of Digital at Carrefive & Co, has spoken publicly about scaling engineering teams."", ""company_challenge"": ""The company is focused on unifying online and in-store customer data into one view."", ""tech_stack"": ""A homegrown commerce stack on aws with a snowflake warehouse"", ""icebreaker"": ""Saw that Carrefive & Co recently shipped a notable product update."", ""value_angle"": ""We could lift mobile conversion with faster, personalized storefront experiences.""}",1
ad3ad76d8b9f,Caretrack Health,CTO,"Osaka, Japan",https://tech.eu/caretrack-raises-76m-seed,Closed a $7.6M seed round in 2023,team@caretrack.com,generic,True,68,warm,"{""recent_news"": ""Caretrack Health announced a strategic partnership in 2023 to broaden distribution."", ""person_highlights"": ""Yuto Tanaka, CTO at Caretrack Health, has spoken publicly about scaling engineering teams."", ""company_challenge"": ""The company is focused on reducing clinician admin burden with better tooling."", ""tech_stack"": ""A hipaa-compliant stack on azure with fhir apis"", ""icebreaker"": ""Congrats on Caretrack Health's $7.6M seed round earlier in 2023."", ""value_angle"": ""We could keep patient data compliant while enabling analytics.""}",1
a4bb4ec2a034,Glide AI,VP of Engineering,"Dubai, UAE",https://techcrunch.com/glide-raises-554m-seriesb,Announced €55.4M Series B financing in 2023,yousef.k@glide.ae,google,True,91,hot,"{""recent_news"": ""Glide AI launched a new product line in 2023 aimed at enterprise customers."", ""person_highlights"": ""Yousef Khan joined Glide AI as VP of Engineering after senior roles at larger technology firms."", ""company_challenge"": ""The company is focused on reducing inference latency while controlling GPU spend."", ""tech_stack"": ""Go microservices with a vector database for retrieval"", ""icebreaker"": ""I noticed Glide AI has been expanding its team this year."", ""value_angle"": ""We could give them observability across model pipelines and dependencies.""}",1
1efe268d3eed,Inferra AI,HRBP Lead,"Rotterdam, Netherlands",https://reuters.com/inferra-raises-15m-preseed,Secured $1.5M (pre-seed) to accelerate growth,sanne.d@inferra.com,google,False,80,warm,"{""recent_news"": ""Inferra AI raised $1.5M in a pre-seed round in 2024."", ""person_highlights"": ""Sanne Dekker co-founded Inferra AI and now serves as HRBP Lead."", ""company_challenge"": ""The company is focused on scaling its model-serving infrastructure to enterprise traffic."", ""tech_stack"": ""Typescript, postgres, and a ray-based training pipeline"", ""icebreaker"": ""I noticed Inferra AI has been expanding its team this year."", ""value_angle"": ""We could help them cut inference costs while keeping latency low at enterprise scale.""}",1
3486ef82d7f4,Riva Stores,People Operations Lead,"Munich, Germany",https://sifted.eu/riva-raises-219m-seriesa,Announced £21.9M Series A financing in 2024,hannah@riva.de,google,True,82,warm,"{""recent_news"": ""Riva Stores raised £21.9M in a Series A round in 2024."", ""person_highlights"": ""Hannah Krause is the People Operations Lead at Riva Stores and leads its technology and product direction."", ""company_challenge"": ""The company is focused on personalizing offers without a clean first-party data foundation."", ""tech_stack"": ""A shopify plus storefront with a custom cdp integration"", ""icebreaker"": ""I noticed Riva Stores has been expanding its team this year."", ""value_angle"": ""We could stand up a retail-media offering that monetizes existing traffic.""}",1
0382ea1e4f84,Therapie.health,Head of Sales,Spain,https://tech.eu/therapie-raises-368m-seriesb,Closed a $36.8M Series B round in 2024,miguel@therapie.es,hunter,False,70,warm,"{""recent_news"": ""Therapie.health raised $36.8M in a Series B round in 2024."", ""person_highlights"": ""Miguel Martinez joined Therapie.health as Head of Sales after senior roles at larger technology firms."", ""company_challenge"": ""The company is focused on reducing clinician admin burden with better tooling."", ""tech_stack"": ""A hipaa-compliant stack on azure with fhir apis"", ""icebreaker"": ""Impressed by Therapie.health's momentum since the Series B round."", ""value_angle"": ""We could reduce clinician admin time with automated documentation.""}",1
1254cae5b612,Helix Health,HR Director,"Dubai, UAE",https://businessinsider.com/helix-raises-30m-seed,Closed a £3.0M seed round in 2026,lmansoori@helix.ai,pattern,False,63,warm,"{""recent_news"": ""Helix Health launched a new product line in 2026 aimed at enterprise customers."", ""person_highlights"": ""Layla Mansoori is the HR Director at Helix Health and leads its technology and product direction."", ""company_challenge"": ""The company is focused on reducing clinician admin burden with better tooling."", ""tech_stack"": ""A hipaa-compliant stack on azure with fhir apis"", ""icebreaker"": ""Saw that Helix Health recently shipped a notable product update."", ""value_angle"": ""We could keep patient data compliant while enabling analytics.""}",1
27420763faec,Vaulta,VP of Finance,Berlin,https://reuters.com/vaulta-raises-2993m-seriesc,Announced £299.3M Series C financing in 2024,sophie@vaulta.io,pattern,False,90,hot,"{""recent_news"": ""Vaulta expanded into a new market in 2024 following its Series C raise."", ""person_highlights"": ""Sophie Krause co-founded Vaulta and now serves as VP of Finance."", ""company_challenge"": ""The company is focused on scaling KYC onboarding while keeping conversion high."", ""tech_stack"": "".net microservices with a rules engine for compliance"", ""icebreaker"": ""I noticed Vaulta has been expanding its team this year."", ""value_angle"": ""We could lower their fraud rate while protecting conversion at checkout.""}",1
3580e7008562,Verde & Co,Head of Retail Media (Digital),Singapore,https://tech.eu/verde-raises-193m-seriesa,Announced €19.3M Series A financing in 2024,hello@verde.com,generic,False,55,warm,"{""recent_news"": ""Verde & Co expanded into a new market in 2024 following its Series A raise."", ""person_highlights"": ""Rachel Chen co-founded Verde & Co and now serves as Head of Retail Media (Digital)."", ""company_challenge"": ""The company is focused on unifying online and in-store customer data into one view."", ""tech_stack"": ""Salesforce commerce cloud and a segment data layer"", ""icebreaker"": ""Congrats on Verde & Co's €19.3M Series A round earlier in 2024."", ""value_angle"": ""We could lift mobile conversion with faster, personalized storefront experiences.""}",1
45541d17ddee,Cura Med,Head of Digital,"Amsterdam, Netherlands",https://sifted.eu/cura-raises-155m-seriesa,Announced €15.5M Series A financing in 2026,bsmit@cura.io,google,False,76,warm,"{""recent_news"": ""Cura Med announced a strategic partnership in 2026 to broaden distribution."", ""person_highlights"": ""Bram Smit is the Head of Digital at Cura Med and leads its technology and product direction."", ""company_challenge"": ""The company is focused on getting interoperability across legacy EHR systems."", ""tech_stack"": ""A react native app backed by a node.js care-coordination api"", ""icebreaker"": ""Congrats on Cura Med's €15.5M Series A round earlier in 2026."", ""value_angle"": ""We could reduce clinician admin time with automated documentation.""}",1
005be9636aa9,Carepoint Care,HR Director,"Munich, Germany",https://sifted.eu/carepoint-raises-343m-seriesb,Secured £34.3M (Series B) to accelerate growth,team@carepoint.io,generic,False,74,warm,"{""recent_news"": ""Carepoint Care announced a strategic partnership in 2025 to broaden distribution."", ""person_highlights"": ""Jonas Vogel co-founded Carepoint Care and now serves as HR Director."", ""company_challenge"": ""The company is focused on getting interoperability across legacy EHR systems."", ""tech_stack"": ""A data platform on gcp feeding clinical decision support"", ""icebreaker"": ""I noticed Carepoint Care has been expanding its team this year."", ""value_angle"": ""We could make EHR integration faster so onboarding new clinics is painless.""}",1
ba80d8703a9b,Inferra,Chief Technology Officer,France,https://sifted.eu/inferra-raises-1405m-seriesc,Announced £140.5M Series C financing in 2026,lucas.f@inferra.io,google,True,68,warm,"{""recent_news"": ""Inferra expanded into a new market in 2026 following its Series C raise."", ""person_highlights"": ""Lucas Fontaine is the Chief Technology Officer at Inferra and leads its technology and product direction."", ""company_challenge"": ""The company is focused on turning a strong research demo into a reliable production platform."", ""tech_stack"": ""Python, pytorch, kubernetes, and a multi-tenant inference layer"", ""icebreaker"": ""Saw that Inferra recently shipped a notable product update."", ""value_angle"": ""We could help them cut inference costs while keeping latency low at enterprise scale.""}",1
cceb4d99ea38,Pulse.health,HR Director,Netherlands,https://crunchbase.com/pulse-raises-75m-seed,Announced $7.5M seed financing in 2025,lars.b@pulse.io,google,False,98,hot,"{""recent_news"": ""Pulse.health announced a strategic partnership in 2025 to broaden distribution."", ""person_highlights"": ""Lars Brouwer, HR Director at Pulse.health, has spoken publicly about scaling engineering teams."", ""company_challenge"": ""The company is focused on getting interoperability across legacy EHR systems."", ""tech_stack"": ""A react native app backed by a node.js care-coordination api"", ""icebreaker"": ""Saw that Pulse.health recently shipped a notable product update."", ""value_angle"": ""We could reduce clinician admin time with automated documentation.""}",1
